document_id,title,rank,word,tfidf_score
tr-000,手塚治虫,1,手塚,0.35323415556783894
tr-000,手塚治虫,2,漫画,0.3071491261570366
tr-000,手塚治虫,3,連載,0.1097652720717447
tr-000,手塚治虫,4,作品,0.07765193470973965
tr-000,手塚治虫,5,アトム,0.07203193435675193
tr-000,手塚治虫,6,ディズニー,0.07167069823115572
tr-000,手塚治虫,7,大阪,0.05476347475588789
tr-000,手塚治虫,8,アニメ,0.0507186936785183
tr-000,手塚治虫,9,アニメーション,0.050494088235931614
tr-000,手塚治虫,10,長編,0.04959075430498437
tr-000,手塚治虫,11,制作,0.048765194487774256
tr-000,手塚治虫,12,映画,0.04548931761328467
tr-000,手塚治虫,13,少年,0.04417513974158064
tr-000,手塚治虫,14,鉄腕,0.04201862837477196
tr-000,手塚治虫,15,トキワ,0.03780084659778095
tr-000,手塚治虫,16,物語,0.035845857261066844
tr-000,手塚治虫,17,胃癌,0.03296469565720232
tr-000,手塚治虫,18,医学,0.03212664422353943
tr-000,手塚治虫,19,赤本,0.03150070549815079
tr-000,手塚治虫,20,籟鳴,0.03150070549815079
tr-001,フランツ・カフカ,1,カフカ,0.3859908146773724
tr-001,フランツ・カフカ,2,プラハ,0.08245620079741388
tr-001,フランツ・カフカ,3,フェリーツェ,0.07544569928654549
tr-001,フランツ・カフカ,4,ブロート,0.068586999351405
tr-001,フランツ・カフカ,5,ユダヤ,0.06835033695375749
tr-001,フランツ・カフカ,6,執筆,0.05726756375714576
tr-001,フランツ・カフカ,7,チェコ,0.05664320104496483
tr-001,フランツ・カフカ,8,マックス・ブロート,0.05486959948112399
tr-001,フランツ・カフカ,9,保険,0.049806046818150373
tr-001,フランツ・カフカ,10,ドイツ,0.04262820368617417
tr-001,フランツ・カフカ,11,作品,0.04226820567467058
tr-001,フランツ・カフカ,12,職場,0.03754555191154967
tr-001,フランツ・カフカ,13,彼女,0.034128402600497876
tr-001,フランツ・カフカ,14,手紙,0.03390017713338029
tr-001,フランツ・カフカ,15,ギムナジウム,0.03343923836914602
tr-001,フランツ・カフカ,16,月末,0.03272432214694044
tr-001,フランツ・カフカ,17,婚約,0.03268671410870202
tr-001,フランツ・カフカ,18,ポラック,0.03152534000892955
tr-001,フランツ・カフカ,19,作家,0.029936866768186965
tr-001,フランツ・カフカ,20,大学,0.02970823099271691
tr-002,パウル・フォン・ヒンデンブルク,1,ベネッケンドルフ・ウント・フォン・ヒンデンブルク,0.38164854750204025
tr-002,パウル・フォン・ヒンデンブルク,2,ドイツ,0.33886038739739727
tr-002,パウル・フォン・ヒンデンブルク,3,パウル・フォン・ヒンデンブルク,0.31480066320087247
tr-002,パウル・フォン・ヒンデンブルク,4,プロイセン,0.24529063927387942
tr-002,パウル・フォン・ヒンデンブルク,5,軍人,0.23948529783312103
tr-002,パウル・フォン・ヒンデンブルク,6,ヴァイマル,0.19082427375102012
tr-002,パウル・フォン・ヒンデンブルク,7,タンネンベルク,0.19082427375102012
tr-002,パウル・フォン・ヒンデンブルク,8,ポーゼン,0.19082427375102012
tr-002,パウル・フォン・ヒンデンブルク,9,ユンカー,0.19082427375102012
tr-002,パウル・フォン・ヒンデンブルク,10,シュヴィカルト,0.19082427375102012
tr-002,パウル・フォン・ヒンデンブルク,11,大戦,0.1819046086006709
tr-002,パウル・フォン・ヒンデンブルク,12,ルイーゼ,0.17046225748715
tr-002,パウル・フォン・ヒンデンブルク,13,軍医,0.1550589868080401
tr-002,パウル・フォン・ヒンデンブルク,14,ハンス,0.15100739665706334
tr-002,パウル・フォン・ヒンデンブルク,15,総長,0.15100739665706334
tr-002,パウル・フォン・ヒンデンブルク,16,少尉,0.15100739665706334
tr-002,パウル・フォン・ヒンデンブルク,17,ロベルト,0.15100739665706334
tr-002,パウル・フォン・ヒンデンブルク,18,在任,0.14758182599423536
tr-002,パウル・フォン・ヒンデンブルク,19,元帥,0.1446144617136904
tr-002,パウル・フォン・ヒンデンブルク,20,旧姓,0.14199706092132636
tr-003,魚道,1,魚道,0.9111936846793978
tr-003,魚道,2,プール,0.15924904028559964
tr-003,魚道,3,自然,0.12331422375142016
tr-003,魚道,4,扇形,0.11350874622391997
tr-003,魚道,5,隔壁,0.10497869201113731
tr-003,魚道,6,流速,0.09914654245496302
tr-003,魚道,7,流れ,0.08913708048402541
tr-003,魚道,8,河川,0.07689149653430165
tr-003,魚道,9,構造,0.07361711573154756
tr-003,魚道,10,棚田,0.07356543263765962
tr-003,魚道,11,経路,0.06848660268458054
tr-003,魚道,12,水路,0.06273699816694364
tr-003,魚道,13,流下,0.05608098097878515
tr-003,魚道,14,箇所,0.05584033475385241
tr-003,魚道,15,勾配,0.05523153248309655
tr-003,魚道,16,左右,0.05327185734078485
tr-003,魚道,17,魚類,0.05324037907382934
tr-003,魚道,18,上流,0.05138793570057904
tr-003,魚道,19,方向,0.05019430931831207
tr-003,魚道,20,設置,0.04913023575893498
tr-004,フェルディナンド・マゼラン,1,マゼラン,1.003880639348189
tr-004,フェルディナンド・マゼラン,2,ポルトガル,0.34151333942647494
tr-004,フェルディナンド・マゼラン,3,艦隊,0.30736200548382747
tr-004,フェルディナンド・マゼラン,4,航海,0.29982102502338726
tr-004,フェルディナンド・マゼラン,5,スペイン,0.20481999969247242
tr-004,フェルディナンド・マゼラン,6,発見,0.14126951369941312
tr-004,フェルディナンド・マゼラン,7,一周,0.12359429709007938
tr-004,フェルディナンド・マゼラン,8,バスコ・ダ・ガマ,0.10536309593614608
tr-004,フェルディナンド・マゼラン,9,小姓,0.1003880639348189
tr-004,フェルディナンド・マゼラン,10,周航,0.09412026487020551
tr-004,フェルディナンド・マゼラン,11,太平洋,0.09038266834764716
tr-004,フェルディナンド・マゼラン,12,達成,0.08925317853704055
tr-004,フェルディナンド・マゼラン,13,インド洋,0.07437256042316134
tr-004,フェルディナンド・マゼラン,14,航路,0.07342825316995731
tr-004,フェルディナンド・マゼラン,15,海峡,0.06956222805781136
tr-004,フェルディナンド・マゼラン,16,宮廷,0.06363061272556748
tr-004,フェルディナンド・マゼラン,17,出発,0.06156514874005564
tr-004,フェルディナンド・マゼラン,18,史上,0.058385900887200116
tr-004,フェルディナンド・マゼラン,19,インド,0.05799217923626147
tr-004,フェルディナンド・マゼラン,20,フェルディナンド・マゼラン,0.05268154796807304
tr-005,アイザック・アシモフ,1,アシモフ,0.2491135996920314
tr-005,アイザック・アシモフ,2,ファウンデーション,0.2198061173753218
tr-005,アイザック・アシモフ,3,ロボット,0.16043355287802114
tr-005,アイザック・アシモフ,4,シリーズ,0.11034305531560183
tr-005,アイザック・アシモフ,5,長編,0.0838873076235727
tr-005,アイザック・アシモフ,6,作品,0.06252010259151852
tr-005,アイザック・アシモフ,7,部門,0.062148318068516915
tr-005,アイザック・アシモフ,8,執筆,0.06117661247777005
tr-005,アイザック・アシモフ,9,小説,0.058216112226350133
tr-005,アイザック・アシモフ,10,作家,0.05596559307943485
tr-005,アイザック・アシモフ,11,ミステリ,0.055847284714592084
tr-005,アイザック・アシモフ,12,ヒューゴー,0.055847284714592084
tr-005,アイザック・アシモフ,13,ノンフィクション,0.049152204489256064
tr-005,アイザック・アシモフ,14,雑誌,0.04883324224749829
tr-005,アイザック・アシモフ,15,筆名,0.04834822472368349
tr-005,アイザック・アシモフ,16,原則,0.046331842130083546
tr-005,アイザック・アシモフ,17,講演,0.046331842130083546
tr-005,アイザック・アシモフ,18,発表,0.04523932831417596
tr-005,アイザック・アシモフ,19,メンサ,0.043961223475064364
tr-005,アイザック・アシモフ,20,続編,0.04361684465160195
tr-006,クウェート共和国,1,クウェート,0.744857693938111
tr-006,クウェート共和国,2,イラク,0.4809504414255499
tr-006,クウェート共和国,3,暫定,0.2948878360535109
tr-006,クウェート共和国,4,政府,0.2655534333568243
tr-006,クウェート共和国,5,承認,0.07954808109301087
tr-006,クウェート共和国,6,宣言,0.07505763443369005
tr-006,クウェート共和国,7,傀儡,0.07334647488338344
tr-006,クウェート共和国,8,革命,0.06686363795172245
tr-006,クウェート共和国,9,政権,0.06686363795172245
tr-006,クウェート共和国,10,表明,0.06367583465714609
tr-006,クウェート共和国,11,撤退,0.06329323854583654
tr-006,クウェート共和国,12,樹立,0.06265409006423121
tr-006,クウェート共和国,13,共和,0.05788075808614752
tr-006,クウェート共和国,14,決議,0.050349214802057056
tr-006,クウェート共和国,15,発表,0.047087471389177814
tr-006,クウェート共和国,16,国営,0.04623552949993654
tr-006,クウェート共和国,17,アラブ,0.04397298078861481
tr-006,クウェート共和国,18,声明,0.0425179583186609
tr-006,クウェート共和国,19,人民,0.04176939337615414
tr-006,クウェート共和国,20,ジャー,0.03990309074668452
tr-007,アクロン(オハイオ州),1,アクロン,0.44718670666576565
tr-007,アクロン(オハイオ州),2,タイヤ,0.08315009189002326
tr-007,アクロン(オハイオ州),3,グッドイヤー,0.06928244751159748
tr-007,アクロン(オハイオ州),4,病院,0.06256143733135869
tr-007,アクロン(オハイオ州),5,全米,0.059526139229675444
tr-007,アクロン(オハイオ州),6,オーツ,0.05288432528896631
tr-007,アクロン(オハイオ州),7,ハンバーガー,0.04861552048182269
tr-007,アクロン(オハイオ州),8,ストリート,0.04553479883316609
tr-007,アクロン(オハイオ州),9,オハイオ,0.04362133901166824
tr-007,アクロン(オハイオ州),10,クリーブランド,0.03952294492078811
tr-007,アクロン(オハイオ州),11,立地,0.03909459588657828
tr-007,アクロン(オハイオ州),12,都市,0.038760493042836415
tr-007,アクロン(オハイオ州),13,労働,0.03804482318884668
tr-007,アクロン(オハイオ州),14,同社,0.03762188381740733
tr-007,アクロン(オハイオ州),15,人口,0.03367948207018799
tr-007,アクロン(オハイオ州),16,飛行船,0.031492021596180676
tr-007,アクロン(オハイオ州),17,南北戦争,0.03067520632674638
tr-007,アクロン(オハイオ州),18,メーカー,0.02903690100748003
tr-007,アクロン(オハイオ州),19,市議会,0.027311518103322753
tr-007,アクロン(オハイオ州),20,市長,0.025180591699153602
tr-008,日本語,1,日本語,0.21240986511883148
tr-008,日本語,2,アクセント,0.1410702674435377
tr-008,日本語,3,語彙,0.1410702674435377
tr-008,日本語,4,漢語,0.10938167790872072
tr-008,日本語,5,言語,0.0936229070283173
tr-008,日本語,6,表現,0.08913437986979178
tr-008,日本語,7,モーラ,0.0808831301613429
tr-008,日本語,8,複合語,0.0808831301613429
tr-008,日本語,9,和語,0.06740260846778576
tr-008,日本語,10,動詞,0.06623141087609045
tr-008,日本語,11,敬意,0.06578598117652687
tr-008,日本語,12,名詞,0.06572358938488355
tr-008,日本語,13,音韻,0.06421999380445635
tr-008,日本語,14,丁寧,0.06255430615140274
tr-008,日本語,15,外来,0.06106533299338286
tr-008,日本語,16,謙譲,0.055765703488323104
tr-008,日本語,17,形容動詞,0.053922086774228606
tr-008,日本語,18,形容詞,0.05181237374623613
tr-008,日本語,19,二人称,0.04718182592745003
tr-008,日本語,20,英語,0.04516214839909559
tr-009,マーシア王国,1,マーシア,0.4212535854503652
tr-009,マーシア王国,2,王国,0.4094004764837272
tr-009,マーシア王国,3,ウェセックス,0.1389332922569616
tr-009,マーシア王国,4,オッファ,0.1296164878308816
tr-009,マーシア王国,5,アングロサクソン,0.12349625978396589
tr-009,マーシア王国,6,イングランド,0.1106017992236201
tr-009,マーシア王国,7,ノーサンブリア,0.10805922731097016
tr-009,マーシア王国,8,ブレトワルダ,0.09721236587316119
tr-009,マーシア王国,9,ブリトン,0.089365416659275
tr-009,マーシア王国,10,支配,0.08651088456791015
tr-009,マーシア王国,11,勢力,0.07467346828476475
tr-009,マーシア王国,12,上位,0.07452561014604953
tr-009,マーシア王国,13,戦士,0.07367151823150266
tr-009,マーシア王国,14,エゼルバルド,0.0648082439154408
tr-009,マーシア王国,15,強国,0.05789284216544716
tr-009,マーシア王国,16,アングル,0.05434564496359256
tr-009,マーシア王国,17,臣従,0.051285530940134716
tr-009,マーシア王国,18,キリスト教,0.05122728205326218
tr-009,マーシア王国,19,防塁,0.048606182936580596
tr-009,マーシア王国,20,階級,0.046570132806624205
tr-010,CIE図書館,1,図書館,0.4718918615780473
tr-010,CIE図書館,2,昭和,0.16429555640193266
tr-010,CIE図書館,3,設置,0.09716610133745766
tr-010,CIE図書館,4,センター,0.0678110899455782
tr-010,CIE図書館,5,米国,0.061060282395386196
tr-010,CIE図書館,6,秋田,0.06005498123402284
tr-010,CIE図書館,7,新潟,0.05745368411836634
tr-010,CIE図書館,8,分室,0.05152859032847659
tr-010,CIE図書館,9,アメリカ,0.05143050738227352
tr-010,CIE図書館,10,東京,0.05022846119395992
tr-010,CIE図書館,11,館長,0.04960240034976788
tr-010,CIE図書館,12,文化,0.049378312066632554
tr-010,CIE図書館,13,読書,0.0481363792006305
tr-010,CIE図書館,14,函館,0.04804398498721827
tr-010,CIE図書館,15,札幌,0.046595224898022376
tr-010,CIE図書館,16,公共,0.041575054283245844
tr-010,CIE図書館,17,会館,0.03857964471648613
tr-010,CIE図書館,18,移転,0.037941788666083755
tr-010,CIE図書館,19,長野,0.03726705684605064
tr-010,CIE図書館,20,国務省,0.03549042668307012
tr-011,氷貿易,1,チューダー,0.2661900029936733
tr-011,氷貿易,2,貿易,0.09973141177479009
tr-011,氷貿易,3,貯氷,0.09858888999765679
tr-011,氷貿易,4,アメリカ,0.09136640461864282
tr-011,氷貿易,5,輸出,0.08390028799464068
tr-011,氷貿易,6,収穫,0.08272492359809674
tr-011,氷貿易,7,ニューイングランド,0.08132049279012206
tr-011,氷貿易,8,市場,0.06386932629457374
tr-011,氷貿易,9,果物,0.0586899448124885
tr-011,氷貿易,10,輸送,0.05842602829067921
tr-011,氷貿易,11,保存,0.05514239592282025
tr-011,氷貿易,12,冷蔵,0.0543784969338872
tr-011,氷貿易,13,イギリス,0.05140523647936574
tr-011,氷貿易,14,カルカッタ,0.04960365986918035
tr-011,氷貿易,15,消費,0.045582102280776485
tr-011,氷貿易,16,価格,0.04534038188291312
tr-011,氷貿易,17,出荷,0.04401745860936637
tr-011,氷貿易,18,インド,0.04341090799316013
tr-011,氷貿易,19,年代,0.04318482897220416
tr-011,氷貿易,20,供給,0.042148258251450806
tr-012,中城ふみ子,1,ふみ子,0.7034933113231074
tr-012,中城ふみ子,2,帯広,0.16489255345919496
tr-012,中城ふみ子,3,短歌,0.1538615218318955
tr-012,中城ふみ子,4,中城,0.13575142112185656
tr-012,中城ふみ子,5,東京家政学院,0.08860284421801451
tr-012,中城ふみ子,6,野江,0.06645213316351087
tr-012,中城ふみ子,7,大森,0.061915717606844486
tr-012,中城ふみ子,8,実家,0.04633206535894431
tr-012,中城ふみ子,9,時代,0.04549982041612008
tr-012,中城ふみ子,10,婚約,0.04524184922943795
tr-012,中城ふみ子,11,きくゑ,0.044301422109007255
tr-012,中城ふみ子,12,雪子,0.044301422109007255
tr-012,中城ふみ子,13,見合い,0.04334100232479114
tr-012,中城ふみ子,14,高等,0.041495203809994344
tr-012,中城ふみ子,15,生活,0.041491517577585374
tr-012,中城ふみ子,16,女学校,0.04116528036699241
tr-012,中城ふみ子,17,卒業,0.03716777658116834
tr-012,中城ふみ子,18,出張所,0.03654177947731538
tr-012,中城ふみ子,19,家政学,0.03517466556615537
tr-012,中城ふみ子,20,両親,0.03422991852898834
tr-013,カトリーヌ・ド・メディシス,1,カトリーヌ,0.40091189374633157
tr-013,カトリーヌ・ド・メディシス,2,アンリ,0.3112578904638852
tr-013,カトリーヌ・ド・メディシス,3,フランソワ,0.1426064425766105
tr-013,カトリーヌ・ド・メディシス,4,ギーズ,0.10999066109010447
tr-013,カトリーヌ・ド・メディシス,5,彼女,0.10177148995075228
tr-013,カトリーヌ・ド・メディシス,6,フランス,0.08999032076662945
tr-013,カトリーヌ・ド・メディシス,7,教皇,0.08548133746258989
tr-013,カトリーヌ・ド・メディシス,8,シャルル,0.069749740376378
tr-013,カトリーヌ・ド・メディシス,9,死去,0.06520977269791234
tr-013,カトリーヌ・ド・メディシス,10,プロテスタント,0.05772735659181532
tr-013,カトリーヌ・ド・メディシス,11,国王,0.0539308066163611
tr-013,カトリーヌ・ド・メディシス,12,クレメンス,0.04932991374226205
tr-013,カトリーヌ・ド・メディシス,13,ディアーヌ,0.046018715534811926
tr-013,カトリーヌ・ド・メディシス,14,結婚,0.04562013910514012
tr-013,カトリーヌ・ド・メディシス,15,宮廷,0.04446640889289388
tr-013,カトリーヌ・ド・メディシス,16,ユグノー,0.04013118987206749
tr-013,カトリーヌ・ド・メディシス,17,太子,0.034874870188189
tr-013,カトリーヌ・ド・メディシス,18,フィレンツェ,0.03454997939603233
tr-013,カトリーヌ・ド・メディシス,19,アンボワーズ,0.03288660916150803
tr-013,カトリーヌ・ド・メディシス,20,母后,0.03210495189765399
tr-014,ハリモグラ,1,モグラ,0.13196172920464097
tr-014,ハリモグラ,2,オーストラリア,0.13000149245868156
tr-014,ハリモグラ,3,育児,0.08710642690737114
tr-014,ハリモグラ,4,ニューギニア,0.0856816321212052
tr-014,ハリモグラ,5,シロアリ,0.07886375645484449
tr-014,ハリモグラ,6,母乳,0.06598086460232049
tr-014,ハリモグラ,7,分布,0.06486414251481644
tr-014,ハリモグラ,8,動物,0.06180253054074772
tr-014,ハリモグラ,9,腹部,0.05912842819974867
tr-014,ハリモグラ,10,繁殖,0.05669791735616537
tr-014,ハリモグラ,11,交尾,0.05627140650291777
tr-014,ハリモグラ,12,体毛,0.05305070657416639
tr-014,ハリモグラ,13,生息,0.0469468553863605
tr-014,ハリモグラ,14,行動,0.046054056189158435
tr-014,ハリモグラ,15,冬眠,0.04244056525933312
tr-014,ハリモグラ,16,授乳,0.04124086874689113
tr-014,ハリモグラ,17,切手,0.040260645323267716
tr-014,ハリモグラ,18,匂い,0.039431878227422244
tr-014,ハリモグラ,19,精子,0.038713967514387174
tr-014,ハリモグラ,20,収縮,0.03808072538720232
tr-015,英西戦争(1727年-1729年),1,スペイン,0.22984963820910845
tr-015,英西戦争(1727年-1729年),2,艦隊,0.14158859601121726
tr-015,英西戦争(1727年-1729年),3,ジブラルタル,0.1197730588289789
tr-015,英西戦争(1727年-1729年),4,同盟,0.11388825560856167
tr-015,英西戦争(1727年-1729年),5,イギリス,0.10489214418162414
tr-015,英西戦争(1727年-1729年),6,ホジアー,0.10345894359995067
tr-015,英西戦争(1727年-1729年),7,戦争,0.09828025981715904
tr-015,英西戦争(1727年-1729年),8,条約,0.08067741874536574
tr-015,英西戦争(1727年-1729年),9,フェリペ,0.07191743123849331
tr-015,英西戦争(1727年-1729年),10,オステンド,0.06897262906663378
tr-015,英西戦争(1727年-1729年),11,ポルトベロ,0.06897262906663378
tr-015,英西戦争(1727年-1729年),12,締結,0.06591071850958846
tr-015,英西戦争(1727年-1729年),13,ウィーン,0.06370050858560262
tr-015,英西戦争(1727年-1729年),14,ヨーロッパ,0.05638716399423245
tr-015,英西戦争(1727年-1729年),15,オーストリア,0.05272857480767077
tr-015,英西戦争(1727年-1729年),16,ヘレンハウゼン,0.04598175271108918
tr-015,英西戦争(1727年-1729年),17,インディアス,0.04598175271108918
tr-015,英西戦争(1727年-1729年),18,到着,0.04291608291157167
tr-015,英西戦争(1727年-1729年),19,ロシア,0.042831278562656776
tr-015,英西戦争(1727年-1729年),20,ウォルポール,0.04107524276798795
tr-016,ポチョムキン=タヴリーチェスキー公(戦艦),1,ポチョムキン,0.2292511297924155
tr-016,ポチョムキン=タヴリーチェスキー公(戦艦),2,装甲,0.15224102408098164
tr-016,ポチョムキン=タヴリーチェスキー公(戦艦),3,艦隊,0.1401220635221212
tr-016,ポチョムキン=タヴリーチェスキー公(戦艦),4,水兵,0.13731498775125886
tr-016,ポチョムキン=タヴリーチェスキー公(戦艦),5,セヴァストーポリ,0.11233355438015202
tr-016,ポチョムキン=タヴリーチェスキー公(戦艦),6,ウクライナ,0.0962490169527622
tr-016,ポチョムキン=タヴリーチェスキー公(戦艦),7,黒海,0.08359988149511348
tr-016,ポチョムキン=タヴリーチェスキー公(戦艦),8,パンテレイモン,0.08112978927455425
tr-016,ポチョムキン=タヴリーチェスキー公(戦艦),9,海軍,0.06708178962952051
tr-016,ポチョムキン=タヴリーチェスキー公(戦艦),10,ボレーツ・ザ・スヴォボードゥ,0.065500322797833
tr-016,ポチョムキン=タヴリーチェスキー公(戦艦),11,蜂起,0.065179869117846
tr-016,ポチョムキン=タヴリーチェスキー公(戦艦),12,砲弾,0.05701652276525275
tr-016,ポチョムキン=タヴリーチェスキー公(戦艦),13,乗員,0.055122590035097195
tr-016,ポチョムキン=タヴリーチェスキー公(戦艦),14,叛乱,0.05419184305425143
tr-016,ポチョムキン=タヴリーチェスキー公(戦艦),15,ボイラー,0.04724721436995981
tr-016,ポチョムキン=タヴリーチェスキー公(戦艦),16,ルーマニア,0.04467494812665493
tr-016,ポチョムキン=タヴリーチェスキー公(戦艦),17,ロシア,0.041837156046164906
tr-016,ポチョムキン=タヴリーチェスキー公(戦艦),18,艦船,0.04097812443566324
tr-016,ポチョムキン=タヴリーチェスキー公(戦艦),19,ポチョムキンタヴリーチェスキー,0.039300193678699795
tr-016,ポチョムキン=タヴリーチェスキー公(戦艦),20,水雷,0.03844819657035248
tr-017,埴輪踊る人々,1,埴輪,0.6974570001654261
tr-017,埴輪踊る人々,2,古墳,0.15681086209918238
tr-017,埴輪踊る人々,3,博物館,0.14066270547139983
tr-017,埴輪踊る人々,4,表現,0.14032400365043524
tr-017,埴輪踊る人々,5,後藤,0.11055974661136511
tr-017,埴輪踊る人々,6,男女,0.11036244709714033
tr-017,埴輪踊る人々,7,東京,0.09822247740431458
tr-017,埴輪踊る人々,8,形象,0.09510777274983084
tr-017,埴輪踊る人々,9,人物,0.09343523174659207
tr-017,埴輪踊る人々,10,野原,0.09022265096539511
tr-017,埴輪踊る人々,11,帝室,0.08836541385904262
tr-017,埴輪踊る人々,12,考古,0.07918300359341734
tr-017,埴輪踊る人々,13,粘土,0.07633494602637843
tr-017,埴輪踊る人々,14,出土,0.07083183274329753
tr-017,埴輪踊る人々,15,男子,0.07083183274329753
tr-017,埴輪踊る人々,16,守一,0.06897262906663378
tr-017,埴輪踊る人々,17,職掌,0.06897262906663378
tr-017,埴輪踊る人々,18,頭部,0.06397527211811721
tr-017,埴輪踊る人々,19,髪型,0.06014843397693007
tr-017,埴輪踊る人々,20,国立,0.060117832026595895
tr-018,エアバスベルーガ,1,エアバス,0.2741458068004372
tr-018,エアバスベルーガ,2,ベルーガ,0.261744523768132
tr-018,エアバスベルーガ,3,貨物,0.25389044581077835
tr-018,エアバスベルーガ,4,胴体,0.1125949908573557
tr-018,エアバスベルーガ,5,輸送,0.100259919642069
tr-018,エアバスベルーガ,6,コックピット,0.08817178625108081
tr-018,エアバスベルーガ,7,グッピー,0.08443371734455872
tr-018,エアバスベルーガ,8,飛行,0.07755937142929602
tr-018,エアバスベルーガ,9,スーパー,0.07025920279254166
tr-018,エアバスベルーガ,10,コンポーネント,0.06688047638708372
tr-018,エアバスベルーガ,11,生産,0.060049388317168495
tr-018,エアバスベルーガ,12,組み立て,0.05482916136008743
tr-018,エアバスベルーガ,13,尾翼,0.05372673500199024
tr-018,エアバスベルーガ,14,ボーイング,0.052754326038882846
tr-018,エアバスベルーガ,15,ベース,0.05240854495011886
tr-018,エアバスベルーガ,16,主翼,0.0518844765804075
tr-018,エアバスベルーガ,17,搭載,0.050047237163268324
tr-018,エアバスベルーガ,18,製造,0.046538234002994686
tr-018,エアバスベルーガ,19,開発,0.04432876368254751
tr-018,エアバスベルーガ,20,パーツ,0.04320529044186876
tr-019,Umbrella_(清水翔太のアルバム),1,アルバム,0.560744078791701
tr-019,Umbrella_(清水翔太のアルバム),2,清水,0.2150426769510544
tr-019,Umbrella_(清水翔太のアルバム),3,シングル,0.189573880227201
tr-019,Umbrella_(清水翔太のアルバム),4,楽曲,0.18144225867745212
tr-019,Umbrella_(清水翔太のアルバム),5,チャート,0.12542959657182787
tr-019,Umbrella_(清水翔太のアルバム),6,音楽,0.11472731711976998
tr-019,Umbrella_(清水翔太のアルバム),7,収録,0.098363657191276
tr-019,Umbrella_(清水翔太のアルバム),8,制作,0.09794262770667674
tr-019,Umbrella_(清水翔太のアルバム),9,リリース,0.09374089924715275
tr-019,Umbrella_(清水翔太のアルバム),10,翔太,0.07458929267140851
tr-019,Umbrella_(清水翔太のアルバム),11,アイシテル,0.07458929267140851
tr-019,Umbrella_(清水翔太のアルバム),12,ライヴ,0.07106733733496408
tr-019,Umbrella_(清水翔太のアルバム),13,トラック,0.06383324774911721
tr-019,Umbrella_(清水翔太のアルバム),14,表現,0.06164885990994285
tr-019,Umbrella_(清水翔太のアルバム),15,オリコン,0.059997411474106095
tr-019,Umbrella_(清水翔太のアルバム),16,ヒップ,0.05472919186072975
tr-019,Umbrella_(清水翔太のアルバム),17,ホップ,0.05472919186072975
tr-019,Umbrella_(清水翔太のアルバム),18,レコード,0.0537606692377636
tr-019,Umbrella_(清水翔太のアルバム),19,ミュージック,0.05230880519641949
tr-019,Umbrella_(清水翔太のアルバム),20,最高,0.05075767356959562
tr-020,古代エジプト医学,1,エジプト,0.39776113150794684
tr-020,古代エジプト医学,2,医学,0.25982169349298406
tr-020,古代エジプト医学,3,医者,0.1988768109430968
tr-020,古代エジプト医学,4,古代,0.18657910070539174
tr-020,古代エジプト医学,5,紀元前,0.1300532853915017
tr-020,古代エジプト医学,6,パピルス,0.11848860807164233
tr-020,古代エジプト医学,7,ペセシェト,0.0815230283429991
tr-020,古代エジプト医学,8,エドウィン,0.07494251713515152
tr-020,古代エジプト医学,9,肛門,0.06962970902184054
tr-020,古代エジプト医学,10,ミイラ,0.06836200592730393
tr-020,古代エジプト医学,11,スミス,0.06178149471945635
tr-020,古代エジプト医学,12,処置,0.056468686606145374
tr-020,古代エジプト医学,13,解剖,0.05581369099076293
tr-020,古代エジプト医学,14,エーベルス・パピルス,0.0543486855619994
tr-020,古代エジプト医学,15,脈拍,0.0543486855619994
tr-020,古代エジプト医学,16,女医,0.0543486855619994
tr-020,古代エジプト医学,17,アケトテップ,0.0543486855619994
tr-020,古代エジプト医学,18,専門医,0.051782450700555316
tr-020,古代エジプト医学,19,医療,0.051551505357396755
tr-020,古代エジプト医学,20,王朝,0.050410894801934135
tr-021,ミネアポリス,1,ミネアポリス,0.3804553065899527
tr-021,ミネアポリス,2,ミネソタ,0.14053447777719721
tr-021,ミネアポリス,3,ヘネピン,0.08057593328628865
tr-021,ミネアポリス,4,ミシシッピ,0.07865232547239182
tr-021,ミネアポリス,5,病院,0.07689699456877616
tr-021,ミネアポリス,6,センター,0.07032597844668767
tr-021,ミネアポリス,7,都市,0.06230135755328254
tr-021,ミネアポリス,8,劇場,0.057147407836723035
tr-021,ミネアポリス,9,製粉,0.056967948434474246
tr-021,ミネアポリス,10,芸術,0.05616273481855792
tr-021,ミネアポリス,11,除雪,0.05141287926891253
tr-021,ミネアポリス,12,気温,0.05000398185713265
tr-021,ミネアポリス,13,ミネアポリス・セントポール,0.0460433904493078
tr-021,ミネアポリス,14,気候,0.04002285045162209
tr-021,ミネアポリス,15,設立,0.038248833359186836
tr-021,ミネアポリス,16,摂氏,0.03560955586992274
tr-021,ミネアポリス,17,楽団,0.03456850485415353
tr-021,ミネアポリス,18,新館,0.03369708968258369
tr-021,ミネアポリス,19,ダコタ,0.03290198610196142
tr-021,ミネアポリス,20,通り,0.03210701717421969
tr-022,三島由紀夫,1,三島,0.2490879230958827
tr-022,三島由紀夫,2,川端,0.08108989080629893
tr-022,三島由紀夫,3,昭和,0.07551296882397425
tr-022,三島由紀夫,4,作家,0.06336279557419365
tr-022,三島由紀夫,5,金閣寺,0.0455619653737583
tr-022,三島由紀夫,6,同年,0.0449431537113457
tr-022,三島由紀夫,7,文学,0.04108829930591731
tr-022,三島由紀夫,8,長編,0.034218947481294275
tr-022,三島由紀夫,9,連載,0.033326028984455566
tr-022,三島由紀夫,10,原稿,0.03273929580259019
tr-022,三島由紀夫,11,同人,0.031370831972571074
tr-022,三島由紀夫,12,戯曲,0.031062772205804622
tr-022,三島由紀夫,13,仮面,0.029787112291677784
tr-022,三島由紀夫,14,清水,0.029542706663472716
tr-022,三島由紀夫,15,平岡,0.029173943318617886
tr-022,三島由紀夫,16,文壇,0.029173943318617886
tr-022,三島由紀夫,17,三谷,0.027325671658857298
tr-022,三島由紀夫,18,小説,0.027139730918568954
tr-022,三島由紀夫,19,告白,0.026416794629039744
tr-022,三島由紀夫,20,鏡子,0.02603540878500474
tr-023,静岡県立中央図書館,1,静岡,0.2605887650814461
tr-023,静岡県立中央図書館,2,図書館,0.2562796916606795
tr-023,静岡県立中央図書館,3,文庫,0.1132994630788896
tr-023,静岡県立中央図書館,4,県立,0.08876271940035736
tr-023,静岡県立中央図書館,5,平成,0.0831814396575618
tr-023,静岡県立中央図書館,6,昭和,0.07997961055926493
tr-023,静岡県立中央図書館,7,蔵書,0.07846147977756897
tr-023,静岡県立中央図書館,8,図書,0.07211588051575937
tr-023,静岡県立中央図書館,9,資料,0.07031484296112557
tr-023,静岡県立中央図書館,10,関口,0.05549553340582769
tr-023,静岡県立中央図書館,11,年度,0.04316429789886208
tr-023,静岡県立中央図書館,12,隆吉,0.041604129451530546
tr-023,静岡県立中央図書館,13,閲覧,0.04084786892377963
tr-023,静岡県立中央図書館,14,貸出,0.040107176051924064
tr-023,静岡県立中央図書館,15,教育,0.03928772117870783
tr-023,静岡県立中央図書館,16,調査,0.03689892272949976
tr-023,静岡県立中央図書館,17,開館,0.03683201868558192
tr-023,静岡県立中央図書館,18,学問,0.03328425254573509
tr-023,静岡県立中央図書館,19,草柳,0.03328330356122444
tr-023,静岡県立中央図書館,20,設立,0.03159870397115546
tr-024,ユナイテッド航空232便不時着事故,1,機長,0.291653555612573
tr-024,ユナイテッド航空232便不時着事故,2,空港,0.11489184324503678
tr-024,ユナイテッド航空232便不時着事故,3,機体,0.1025577423362673
tr-024,ユナイテッド航空232便不時着事故,4,救助,0.10045485634901734
tr-024,ユナイテッド航空232便不時着事故,5,滑走,0.09881911249912029
tr-024,ユナイテッド航空232便不時着事故,6,管制,0.0938172021023436
tr-024,ユナイテッド航空232便不時着事故,7,エンジン,0.09355743584288305
tr-024,ユナイテッド航空232便不時着事故,8,操縦,0.07543364663888472
tr-024,ユナイテッド航空232便不時着事故,9,客室,0.07393537912708069
tr-024,ユナイテッド航空232便不時着事故,10,着陸,0.07179041963538711
tr-024,ユナイテッド航空232便不時着事故,11,スー,0.07090656929087331
tr-024,ユナイテッド航空232便不時着事故,12,乗員,0.0708487407215808
tr-024,ユナイテッド航空232便不時着事故,13,航空,0.06885857366045282
tr-024,ユナイテッド航空232便不時着事故,14,コックピット,0.0662741777975157
tr-024,ユナイテッド航空232便不時着事故,15,進入,0.06337318210892631
tr-024,ユナイテッド航空232便不時着事故,16,乗務,0.05959435941873611
tr-024,ユナイテッド航空232便不時着事故,17,乗客,0.05566686770981349
tr-024,ユナイテッド航空232便不時着事故,18,事故,0.05234524427320019
tr-024,ユナイテッド航空232便不時着事故,19,油圧,0.05078790863617547
tr-024,ユナイテッド航空232便不時着事故,20,ウェイ,0.04761690703878744
tr-025,因州和紙,1,和紙,0.47291485967388935
tr-025,因州和紙,2,青谷,0.2128151751870113
tr-025,因州和紙,3,紙漉き,0.16629128543991487
tr-025,因州和紙,4,佐治,0.16221317889839384
tr-025,因州和紙,5,因幡,0.1467276047999249
tr-025,因州和紙,6,生産,0.12360670691308821
tr-025,因州和紙,7,ミツマタ,0.11152156049264578
tr-025,因州和紙,8,コウゾ,0.08803656287995493
tr-025,因州和紙,9,鳥取,0.07781770713414651
tr-025,因州和紙,10,岩坪,0.07448531131545395
tr-025,因州和紙,11,美濃紙,0.07096826576804732
tr-025,因州和紙,12,原料,0.07094041434778732
tr-025,因州和紙,13,製法,0.06052488332655841
tr-025,因州和紙,14,亀井,0.057031982058897764
tr-025,因州和紙,15,美濃,0.05266182098155859
tr-025,因州和紙,16,時代,0.05014299765808874
tr-025,因州和紙,17,工芸,0.04636220863667232
tr-025,因州和紙,18,栽培,0.04589688744676708
tr-025,因州和紙,19,全国,0.04366832392718413
tr-025,因州和紙,20,地区,0.04322437247611127
tr-026,ライアン・ゴズリング,1,ゴズリング,0.6143281454484492
tr-026,ライアン・ゴズリング,2,映画,0.24746782981711796
tr-026,ライアン・ゴズリング,3,共演,0.08648973290448747
tr-026,ライアン・ゴズリング,4,演技,0.07813387501006444
tr-026,ライアン・ゴズリング,5,出演,0.07777429054864513
tr-026,ライアン・ゴズリング,6,ストーン,0.06530525207466659
tr-026,ライアン・ゴズリング,7,グローブ,0.05485577363491984
tr-026,ライアン・ゴズリング,8,男優,0.05427453953010672
tr-026,ライアン・ゴズリング,9,主演,0.05277047355274131
tr-026,ライアン・ゴズリング,10,部門,0.049082094862737076
tr-026,ライアン・ゴズリング,11,ノミネート,0.047513845343591835
tr-026,ライアン・ゴズリング,12,作品,0.04480388903396383
tr-026,ライアン・ゴズリング,13,ゴールデン,0.039627032785952906
tr-026,ライアン・ゴズリング,14,ロサンゼルス,0.03952520267799911
tr-026,ライアン・ゴズリング,15,監督,0.03758199551120743
tr-026,ライアン・ゴズリング,16,子ども,0.035165786448062356
tr-026,ライアン・ゴズリング,17,番組,0.03376236788633776
tr-026,ライアン・ゴズリング,18,コメディ,0.0329134641809519
tr-026,ライアン・ゴズリング,19,俳優,0.03273289695303814
tr-026,ライアン・ゴズリング,20,演奏,0.031052337560853967
tr-027,ツァボの人食いライオン,1,パターソン,0.7694981792323263
tr-027,ツァボの人食いライオン,2,ライオン,0.5624240931538068
tr-027,ツァボの人食いライオン,3,労働,0.1459977114396214
tr-027,ツァボの人食いライオン,4,ツァボ,0.11838433526651174
tr-027,ツァボの人食いライオン,5,キャンプ,0.08596629428323592
tr-027,ツァボの人食いライオン,6,ヘッド,0.07695354777944882
tr-027,ツァボの人食いライオン,7,ホワイト,0.07369570057787768
tr-027,ツァボの人食いライオン,8,テント,0.0709088917545644
tr-027,ツァボの人食いライオン,9,食い,0.06861263301610546
tr-027,ツァボの人食いライオン,10,発砲,0.048824327379751266
tr-027,ツァボの人食いライオン,11,石工,0.04834048573523037
tr-027,ツァボの人食いライオン,12,唸り,0.04664073936919326
tr-027,ツァボの人食いライオン,13,ブロック,0.0378474976375194
tr-027,ツァボの人食いライオン,14,工事,0.036296686675678536
tr-027,ツァボの人食いライオン,15,マヒナ,0.03382409579043193
tr-027,ツァボの人食いライオン,16,メートル,0.030260199505601843
tr-027,ツァボの人食いライオン,17,追跡,0.030112257826740842
tr-027,ツァボの人食いライオン,18,周囲,0.029477156429219827
tr-027,ツァボの人食いライオン,19,彼ら,0.02904824201357741
tr-027,ツァボの人食いライオン,20,監督,0.02824478480960464
tr-028,マダガスカル,1,マダガスカル,0.38611609494476984
tr-028,マダガスカル,2,固有,0.09081310408042802
tr-028,マダガスカル,3,大陸,0.0719643075875419
tr-028,マダガスカル,4,パーセント,0.07092835727602648
tr-028,マダガスカル,5,レミュール,0.06139118726574374
tr-028,マダガスカル,6,高地,0.0538171846410578
tr-028,マダガスカル,7,雨林,0.04920353334446813
tr-028,マダガスカル,8,絶滅,0.04871848170569039
tr-028,マダガスカル,9,森林,0.04852629041685247
tr-028,マダガスカル,10,生物,0.04667027709403801
tr-028,マダガスカル,11,世紀,0.04362927834995879
tr-028,マダガスカル,12,原猿,0.03836949204108984
tr-028,マダガスカル,13,アフリカ,0.03809875107575748
tr-028,マダガスカル,14,中央,0.03785507826131859
tr-028,マダガスカル,15,保護,0.03763481051953189
tr-028,マダガスカル,16,カメレオン,0.03655776233551269
tr-028,マダガスカル,17,フランス,0.034105520056570506
tr-028,マダガスカル,18,危機,0.03328162063321951
tr-028,マダガスカル,19,ポー,0.031178080457380714
tr-028,マダガスカル,20,自然,0.029025084355871495
tr-029,アメリカン航空191便墜落事故,1,エンジン,0.18198720452899272
tr-029,アメリカン航空191便墜落事故,2,墜落,0.172058605663937
tr-029,アメリカン航空191便墜落事故,3,航空,0.14773143507681286
tr-029,アメリカン航空191便墜落事故,4,機体,0.1408196692847978
tr-029,アメリカン航空191便墜落事故,5,離陸,0.1340265494655452
tr-029,アメリカン航空191便墜落事故,6,事故,0.11979007824059276
tr-029,アメリカン航空191便墜落事故,7,滑走,0.11902302011533719
tr-029,アメリカン航空191便墜落事故,8,アメリカン,0.11438528825347397
tr-029,アメリカン航空191便墜落事故,9,飛行,0.10323493257553276
tr-029,アメリカン航空191便墜落事故,10,機首,0.07748411702185747
tr-029,アメリカン航空191便墜落事故,11,空港,0.07668662293518881
tr-029,アメリカン航空191便墜落事故,12,左翼,0.07372924317068869
tr-029,アメリカン航空191便墜落事故,13,パイロン,0.0692384419007309
tr-029,アメリカン航空191便墜落事故,14,コックピットボイスレコーダ,0.06605455629843004
tr-029,アメリカン航空191便墜落事故,15,速度,0.06544190815560531
tr-029,アメリカン航空191便墜落事故,16,手順,0.060921158847975096
tr-029,アメリカン航空191便墜落事故,17,運航,0.0575423330129954
tr-029,アメリカン航空191便墜落事故,18,停止,0.056517840746330414
tr-029,アメリカン航空191便墜落事故,19,地点,0.055158805719525986
tr-029,アメリカン航空191便墜落事故,20,データ,0.049864374395516824
tr-030,浄ノ池特有魚類生息地,1,伊東,0.21335697652373375
tr-030,浄ノ池特有魚類生息地,2,唐人川,0.13630305267930007
tr-030,浄ノ池特有魚類生息地,3,黒田,0.10337265787202674
tr-030,浄ノ池特有魚類生息地,4,浄円寺,0.09995557196482006
tr-030,浄ノ池特有魚類生息地,5,天然記念物,0.09466470728088423
tr-030,浄ノ池特有魚類生息地,6,調査,0.09268072274152449
tr-030,浄ノ池特有魚類生息地,7,生息,0.0897632391423564
tr-030,浄ノ池特有魚類生息地,8,魚類,0.0783675844356578
tr-030,浄ノ池特有魚類生息地,9,和田,0.07106127134279695
tr-030,浄ノ池特有魚類生息地,10,指定,0.061690832168114725
tr-030,浄ノ池特有魚類生息地,11,オキフエダイ,0.04543435089310002
tr-030,浄ノ池特有魚類生息地,12,温泉,0.043305572554597806
tr-030,浄ノ池特有魚類生息地,13,当地,0.043070397011526845
tr-030,浄ノ池特有魚類生息地,14,大正,0.04294814166562081
tr-030,浄ノ池特有魚類生息地,15,オオウナギ,0.041766905493311954
tr-030,浄ノ池特有魚類生息地,16,写生,0.038805975398415536
tr-030,浄ノ池特有魚類生息地,17,湧出,0.037476269428675296
tr-030,浄ノ池特有魚類生息地,18,毒魚,0.036347480714480025
tr-030,浄ノ池特有魚類生息地,19,寺院,0.03599569261404206
tr-030,浄ノ池特有魚類生息地,20,明治,0.03592200547675954
tr-031,アロサウルス,1,アロサウルス,0.5942221278949678
tr-031,アロサウルス,2,標本,0.11167786926419503
tr-031,アロサウルス,3,恐竜,0.10946760224329159
tr-031,アロサウルス,4,フラギリス,0.10486272845205312
tr-031,アロサウルス,5,化石,0.08678363576949438
tr-031,アロサウルス,6,頭骨,0.07816334282416297
tr-031,アロサウルス,7,サウロファガナクス,0.06990848563470207
tr-031,アロサウルス,8,ティラノサウルス,0.06660754852663017
tr-031,アロサウルス,9,アトロクス,0.058257071362251736
tr-031,アロサウルス,10,テンダグレンシス,0.058257071362251736
tr-031,アロサウルス,11,上顎,0.056029939429233205
tr-031,アロサウルス,12,論文,0.048642462567127884
tr-031,アロサウルス,13,大型,0.04815253636794853
tr-031,アロサウルス,14,分類,0.04725086365480211
tr-031,アロサウルス,15,発見,0.046866209090239495
tr-031,アロサウルス,16,カルノサウルス,0.04660565708980138
tr-031,アロサウルス,17,エパンテリアス,0.04660565708980138
tr-031,アロサウルス,18,マドセン,0.04660565708980138
tr-031,アロサウルス,19,妥当,0.04610130834170862
tr-031,アロサウルス,20,研究,0.04284828410587857
tr-032,ビルマの戦い,1,ビルマ,0.44834985112172765
tr-032,ビルマの戦い,2,タキン,0.1086973711239988
tr-032,ビルマの戦い,3,ルート,0.0987854820655088
tr-032,ビルマの戦い,4,イギリス,0.0944598332774843
tr-032,ビルマの戦い,5,中国,0.08979660292214289
tr-032,ビルマの戦い,6,蒋介石,0.08326946348350167
tr-032,ビルマの戦い,7,アメリカ,0.0763139033590697
tr-032,ビルマの戦い,8,運動,0.06907769946860919
tr-032,ビルマの戦い,9,遮断,0.06528688867086006
tr-032,ビルマの戦い,10,政府,0.06470045785130024
tr-032,ビルマの戦い,11,鈴木,0.0639384353848908
tr-032,ビルマの戦い,12,インド,0.059827374781712774
tr-032,ビルマの戦い,13,バー・モウ,0.0543486855619994
tr-032,ビルマの戦い,14,オンサン,0.0543486855619994
tr-032,ビルマの戦い,15,ラングーン,0.049961678090101005
tr-032,ビルマの戦い,16,蜂起,0.04807359123122143
tr-032,ビルマの戦い,17,武装,0.046380167640823526
tr-032,ビルマの戦い,18,物資,0.04390465869578169
tr-032,ビルマの戦い,19,機関,0.04384256877587121
tr-032,ビルマの戦い,20,軍需,0.04203279854266197
tr-033,立憲民主党(ロシア),1,カデット,0.2890704344941196
tr-033,立憲民主党(ロシア),2,国会,0.23556574214576814
tr-033,立憲民主党(ロシア),3,ミリュコーフ,0.20404971846643735
tr-033,立憲民主党(ロシア),4,政府,0.10627530651020507
tr-033,立憲民主党(ロシア),5,選挙,0.08774609119603231
tr-033,立憲民主党(ロシア),6,ロシア,0.08145818550968642
tr-033,立憲民主党(ロシア),7,政党,0.0669229684333601
tr-033,立憲民主党(ロシア),8,大会,0.06181428184693224
tr-033,立憲民主党(ロシア),9,道標,0.06075882445086534
tr-033,立憲民主党(ロシア),10,オクチャブリスト,0.05951450121937756
tr-033,立憲民主党(ロシア),11,党内,0.055268549753360825
tr-033,立憲民主党(ロシア),12,演説,0.05437591190205063
tr-033,立憲民主党(ロシア),13,英語,0.052897843124881265
tr-033,立憲民主党(ロシア),14,法案,0.048671249769716436
tr-033,立憲民主党(ロシア),15,進歩,0.04698629388822812
tr-033,立憲民主党(ロシア),16,土地,0.046720669344899254
tr-033,立憲民主党(ロシア),17,左派,0.04602799523582588
tr-033,立憲民主党(ロシア),18,自由,0.04126981892078522
tr-033,立憲民主党(ロシア),19,ブロック,0.040980797708500626
tr-033,立憲民主党(ロシア),20,主義,0.040975999434189996
tr-034,ゲルニカ_(絵画),1,絵画,0.3175805972370651
tr-034,ゲルニカ_(絵画),2,ピカソ,0.22633146628078527
tr-034,ゲルニカ_(絵画),3,スペイン,0.17495333307064914
tr-034,ゲルニカ_(絵画),4,ゲルニカ,0.1196052293672115
tr-034,ゲルニカ_(絵画),5,美術館,0.11303153961286733
tr-034,ゲルニカ_(絵画),6,習作,0.07907672161744404
tr-034,ゲルニカ_(絵画),7,展示,0.06142687567082955
tr-034,ゲルニカ_(絵画),8,プラド,0.052638727394501456
tr-034,ゲルニカ_(絵画),9,製作,0.05090932329310587
tr-034,ゲルニカ_(絵画),10,写真,0.0453296145175679
tr-034,ゲルニカ_(絵画),11,フランコ,0.045186698067110884
tr-034,ゲルニカ_(絵画),12,美術,0.04318886554970402
tr-034,ゲルニカ_(絵画),13,共和,0.04083567268483841
tr-034,ゲルニカ_(絵画),14,爆撃,0.03841877487294653
tr-034,ゲルニカ_(絵画),15,壁画,0.03632659923430022
tr-034,ゲルニカ_(絵画),16,回顧,0.034808627935747204
tr-034,ゲルニカ_(絵画),17,政府,0.03362721164639947
tr-034,ゲルニカ_(絵画),18,芸術,0.0334110049239587
tr-034,ゲルニカ_(絵画),19,キャンバス,0.03338590625053495
tr-034,ゲルニカ_(絵画),20,アトリエ,0.03177599124277795
tr-035,ヴァンダル戦争,1,ヴァンダル,0.36394938334488225
tr-035,ヴァンダル戦争,2,ゲリメル,0.2884991490504553
tr-035,ヴァンダル戦争,3,ベリサリウス,0.2425549908908063
tr-035,ヴァンダル戦争,4,ローマ,0.20236026191152492
tr-035,ヴァンダル戦争,5,ユスティニアヌス,0.1183949411877912
tr-035,ヴァンダル戦争,6,ツァツォン,0.08485269089719275
tr-035,ヴァンダル戦争,7,アフリカ,0.08425395741852296
tr-035,ヴァンダル戦争,8,カルタゴ,0.08273898505567356
tr-035,ヴァンダル戦争,9,サルデーニャ,0.08160882482083967
tr-035,ヴァンダル戦争,10,艦隊,0.07700923325802528
tr-035,ヴァンダル戦争,11,ローマ帝国,0.07426386454050182
tr-035,ヴァンダル戦争,12,王国,0.07001121320847799
tr-035,ヴァンダル戦争,13,遠征,0.06921939458968095
tr-035,ヴァンダル戦争,14,反乱,0.05933090964829796
tr-035,ヴァンダル戦争,15,部隊,0.058081575470537175
tr-035,ヴァンダル戦争,16,ヒルデリック,0.05091161453831564
tr-035,ヴァンダル戦争,17,アド・デキムム,0.05091161453831564
tr-035,ヴァンダル戦争,18,騎兵,0.05051278847003703
tr-035,ヴァンダル戦争,19,プロコピオス,0.046802046274126236
tr-035,ヴァンダル戦争,20,皇帝,0.046703187823669064
tr-036,鹿島清兵衛,1,兵衛,0.2652229301014613
tr-036,鹿島清兵衛,2,写真,0.2118761215309963
tr-036,鹿島清兵衛,3,鹿嶋,0.18915204005357728
tr-036,鹿島清兵衛,4,乃婦,0.10973919896224799
tr-036,鹿島清兵衛,5,衛門,0.09620036679447873
tr-036,鹿島清兵衛,6,代目,0.07968550947228807
tr-036,鹿島清兵衛,7,清三郎,0.07841815217911571
tr-036,鹿島清兵衛,8,弥兵衛,0.07841815217911571
tr-036,鹿島清兵衛,9,鹿島,0.07177456897886064
tr-036,鹿島清兵衛,10,養子,0.06920827367728871
tr-036,鹿島清兵衛,11,清酒,0.0630506800178591
tr-036,鹿島清兵衛,12,撮影,0.05709419425913976
tr-036,鹿島清兵衛,13,恵津,0.05486959948112399
tr-036,鹿島清兵衛,14,牛谷,0.05486959948112399
tr-036,鹿島清兵衛,15,明治,0.05422730858712103
tr-036,鹿島清兵衛,16,新川,0.049014706625698075
tr-036,鹿島清兵衛,17,実弟,0.049014706625698075
tr-036,鹿島清兵衛,18,小判,0.049014706625698075
tr-036,鹿島清兵衛,19,問屋,0.04525888129086026
tr-036,鹿島清兵衛,20,江戸,0.04372275362358552
tr-037,榎本三恵子,1,三恵子,0.36540818377854917
tr-037,榎本三恵子,2,榎本,0.33003939342508515
tr-037,榎本三恵子,3,敏夫,0.1398930380593632
tr-037,榎本三恵子,4,田中,0.13559350279287186
tr-037,榎本三恵子,5,角栄,0.13050292277805328
tr-037,榎本三恵子,6,証言,0.0788129929655585
tr-037,榎本三恵子,7,検察,0.0636260280215362
tr-037,榎本三恵子,8,富山,0.05777325702300373
tr-037,榎本三恵子,9,マスコミ,0.04669259333910866
tr-037,榎本三恵子,10,裁判,0.04126209648667015
tr-037,榎本三恵子,11,丸紅,0.03915087683341598
tr-037,榎本三恵子,12,滑川,0.03915087683341598
tr-037,榎本三恵子,13,離婚,0.03534652642283358
tr-037,榎本三恵子,14,ジャンボ,0.0349732595148408
tr-037,榎本三恵子,15,クラブ,0.03463052012705009
tr-037,榎本三恵子,16,秘書官,0.03343919156671977
tr-037,榎本三恵子,17,ロッキード,0.03343919156671977
tr-037,榎本三恵子,18,秘書,0.03283038582527058
tr-037,榎本三恵子,19,検事,0.03283038582527058
tr-037,榎本三恵子,20,子供,0.032443800951820624
tr-038,フォッケウルフFw190,1,エンジン,0.1754662705327515
tr-038,フォッケウルフFw190,2,戦闘,0.12318295954596763
tr-038,フォッケウルフFw190,3,性能,0.07828424657677002
tr-038,フォッケウルフFw190,4,タンク,0.07748104250915626
tr-038,フォッケウルフFw190,5,パイロット,0.07620598292316352
tr-038,フォッケウルフFw190,6,空軍,0.07212985424359225
tr-038,フォッケウルフFw190,7,機体,0.07212985424359225
tr-038,フォッケウルフFw190,8,ドイツ,0.05707754752261124
tr-038,フォッケウルフFw190,9,視界,0.05588438747698658
tr-038,フォッケウルフFw190,10,スピットファイア,0.05413454574497025
tr-038,フォッケウルフFw190,11,爆撃,0.05220139682795749
tr-038,フォッケウルフFw190,12,出力,0.04938055647746032
tr-038,フォッケウルフFw190,13,開発,0.04923512802738138
tr-038,フォッケウルフFw190,14,空冷,0.04835808723039716
tr-038,フォッケウルフFw190,15,馬力,0.0476261712191086
tr-038,フォッケウルフFw190,16,設計,0.04585566580779646
tr-038,フォッケウルフFw190,17,高度,0.0434934246221118
tr-038,フォッケウルフFw190,18,生産,0.042578078612595494
tr-038,フォッケウルフFw190,19,操縦,0.04244257186774128
tr-038,フォッケウルフFw190,20,飛行,0.04230273044860286
tr-039,イレーヌ・ジョリオ=キュリー,1,イレーヌ,0.7162615879392696
tr-039,イレーヌ・ジョリオ=キュリー,2,マリー,0.29697582757474844
tr-039,イレーヌ・ジョリオ=キュリー,3,フレデリック,0.19031194536838414
tr-039,イレーヌ・ジョリオ=キュリー,4,ピエール,0.09098481173958861
tr-039,イレーヌ・ジョリオ=キュリー,5,研究,0.0696692818384191
tr-039,イレーヌ・ジョリオ=キュリー,6,キュリー,0.06082700385482865
tr-039,イレーヌ・ジョリオ=キュリー,7,ラジウム,0.056995993777876966
tr-039,イレーヌ・ジョリオ=キュリー,8,フランス,0.055110580423541375
tr-039,イレーヌ・ジョリオ=キュリー,9,エーヴ,0.054250583241490374
tr-039,イレーヌ・ジョリオ=キュリー,10,研究所,0.05291469687382755
tr-039,イレーヌ・ジョリオ=キュリー,11,ノーベル,0.04502322788182258
tr-039,イレーヌ・ジョリオ=キュリー,12,ウジェーヌ,0.04430484049108884
tr-039,イレーヌ・ジョリオ=キュリー,13,受賞,0.04031115746604319
tr-039,イレーヌ・ジョリオ=キュリー,14,ランジュバン,0.038750416601064555
tr-039,イレーヌ・ジョリオ=キュリー,15,実験,0.03510035300764803
tr-039,イレーヌ・ジョリオ=キュリー,16,物理,0.03444150425998852
tr-039,イレーヌ・ジョリオ=キュリー,17,科学,0.03191644111909154
tr-039,イレーヌ・ジョリオ=キュリー,18,エレーヌ,0.031000333280851645
tr-039,イレーヌ・ジョリオ=キュリー,19,子供,0.030827467185989853
tr-039,イレーヌ・ジョリオ=キュリー,20,発表,0.030762276628283132
tr-040,飛鳥寺,1,飛鳥寺,0.2643414613062172
tr-040,飛鳥寺,2,元興寺,0.16020694624619225
tr-040,飛鳥寺,3,飛鳥,0.15026756840051936
tr-040,飛鳥寺,4,金堂,0.1399113410694806
tr-040,飛鳥寺,5,縁起,0.10075743410927258
tr-040,飛鳥寺,6,本尊,0.10017837893367956
tr-040,飛鳥寺,7,法興寺,0.09612416774771536
tr-040,飛鳥寺,8,基壇,0.0883650575175667
tr-040,飛鳥寺,9,推古天皇,0.08395326428877345
tr-040,飛鳥寺,10,伽藍,0.06868903441808737
tr-040,飛鳥寺,11,馬子,0.06440038645736543
tr-040,飛鳥寺,12,礎石,0.05891003834504447
tr-040,飛鳥寺,13,埋納,0.05607243118616729
tr-040,飛鳥寺,14,寺院,0.05288546256260844
tr-040,飛鳥寺,15,蘇我,0.04806208387385768
tr-040,飛鳥寺,16,舎利,0.04806208387385768
tr-040,飛鳥寺,17,出土,0.04387344863950519
tr-040,飛鳥寺,18,天皇,0.041915506367359724
tr-040,飛鳥寺,19,発願,0.041913134496983924
tr-040,飛鳥寺,20,時代,0.04065123331953836
tr-041,火消,1,火消,0.6391896258349796
tr-041,火消,2,髪結床,0.3130710741227674
tr-041,火消,3,江戸,0.26134972348264746
tr-041,火消,4,消防,0.25788321024989724
tr-041,火消,5,火事,0.2291226592740261
tr-041,火消,6,制度,0.16472114037451385
tr-041,火消,7,町火消,0.1644571903799158
tr-041,火消,8,町奉行,0.15601000062766238
tr-041,火消,9,組織,0.1530825309406235
tr-041,火消,10,防火,0.14756281087540896
tr-041,火消,11,武家,0.13835796186959565
tr-041,火消,12,大火,0.13557605785658475
tr-041,火消,13,大名,0.09534665107824851
tr-041,火消,14,幕府,0.08518122035729304
tr-041,火消,15,旗本,0.07639926406563058
tr-041,火消,16,町人,0.07169108569330707
tr-041,火消,17,天保,0.06495538605867111
tr-041,火消,18,担当,0.06386379138227562
tr-041,火消,19,屋敷,0.0602472076863476
tr-041,火消,20,職人,0.058507060971106285
tr-042,ネリー・ブライ,1,ブライ,0.6798028474178474
tr-042,ネリー・ブライ,2,記事,0.14958891143945957
tr-042,ネリー・ブライ,3,ワールド,0.08905875941312312
tr-042,ネリー・ブライ,4,ネリー・ブライ,0.08394029637141648
tr-042,ネリー・ブライ,5,マドゥン,0.08394029637141648
tr-042,ネリー・ブライ,6,ヴェルヌ,0.07554626673427484
tr-042,ネリー・ブライ,7,女性,0.0750062142733411
tr-042,ネリー・ブライ,8,病院,0.07009427901797045
tr-042,ネリー・ブライ,9,一周,0.06564310989144001
tr-042,ネリー・ブライ,10,出発,0.05885700436732592
tr-042,ネリー・ブライ,11,メキシコ,0.05714811627439593
tr-042,ネリー・ブライ,12,精神,0.05116613894953559
tr-042,ネリー・ブライ,13,ディスパッチ,0.05036417782284988
tr-042,ネリー・ブライ,14,企画,0.044652905102330366
tr-042,ネリー・ブライ,15,取材,0.0437252007448048
tr-042,ネリー・ブライ,16,ニューヨーク,0.04331551911436591
tr-042,ネリー・ブライ,17,日間,0.04205656741078228
tr-042,ネリー・ブライ,18,旅行,0.03738361547625091
tr-042,ネリー・ブライ,19,ピッツバーグ,0.0366005866575161
tr-042,ネリー・ブライ,20,新聞,0.03432954346927934
tr-043,オオカミの再導入,1,オオカミ,0.5446167294638395
tr-043,オオカミの再導入,2,導入,0.22868962713400723
tr-043,オオカミの再導入,3,イエロー,0.11805024870032718
tr-043,オオカミの再導入,4,ストーン,0.10649779569099475
tr-043,オオカミの再導入,5,個体,0.0936928202601956
tr-043,オオカミの再導入,6,絶滅,0.09085996838111259
tr-043,オオカミの再導入,7,回復,0.09020737687321913
tr-043,オオカミの再導入,8,メキシコ,0.07972162220278232
tr-043,オオカミの再導入,9,ワピチ,0.07806447562541732
tr-043,オオカミの再導入,10,地域,0.07259437701244466
tr-043,オオカミの再導入,11,計画,0.06776872571698604
tr-043,オオカミの再導入,12,公園,0.06518767948671252
tr-043,オオカミの再導入,13,家畜,0.06271303891755399
tr-043,オオカミの再導入,14,野生,0.06041976352469421
tr-043,オオカミの再導入,15,コヨーテ,0.05980261468360575
tr-043,オオカミの再導入,16,モンタナ,0.05673090931914996
tr-043,オオカミの再導入,17,補償,0.054746754193948796
tr-043,オオカミの再導入,18,国立,0.05292190970826093
tr-043,オオカミの再導入,19,捕食,0.05106070775660185
tr-043,オオカミの再導入,20,生物,0.050353757641542665
tr-044,市川雷蔵(8代目),1,雷蔵,0.7806447562541733
tr-044,市川雷蔵(8代目),2,市川,0.19098174328263
tr-044,市川雷蔵(8代目),3,歌舞伎,0.14781696687311466
tr-044,市川雷蔵(8代目),4,映画,0.12587806432712903
tr-044,市川雷蔵(8代目),5,代目,0.11377709433286619
tr-044,市川雷蔵(8代目),6,大映,0.1119675278099984
tr-044,市川雷蔵(8代目),7,狂四郎,0.09233432600855813
tr-044,市川雷蔵(8代目),8,役者,0.0874589197900755
tr-044,市川雷蔵(8代目),9,養子,0.078650597847476
tr-044,市川雷蔵(8代目),10,武智,0.07197912502071326
tr-044,市川雷蔵(8代目),11,俳優,0.06977167142733895
tr-044,市川雷蔵(8代目),12,昭和,0.068580756972226
tr-044,市川雷蔵(8代目),13,男優,0.06748505794945821
tr-044,市川雷蔵(8代目),14,演技,0.05714811627439593
tr-044,市川雷蔵(8代目),15,名跡,0.04798608334714217
tr-044,市川雷蔵(8代目),16,公開,0.045506028211843394
tr-044,市川雷蔵(8代目),17,主演,0.04175493615156924
tr-044,市川雷蔵(8代目),18,スター,0.040948991626061235
tr-044,市川雷蔵(8代目),19,広一,0.03998840278928514
tr-044,市川雷蔵(8代目),20,撮影,0.03992846318248456
tr-045,ウルム戦役,1,フランス,0.2513801475307344
tr-045,ウルム戦役,2,オーストリア,0.22111664697602956
tr-045,ウルム戦役,3,ウルム,0.1837317745370479
tr-045,ウルム戦役,4,ナポレオン,0.14871663009868438
tr-045,ウルム戦役,5,戦役,0.1484464205213695
tr-045,ウルム戦役,6,マック,0.14180739769286155
tr-045,ウルム戦役,7,同盟,0.141507862507644
tr-045,ウルム戦役,8,イギリス,0.134053775369843
tr-045,ウルム戦役,9,大公,0.08958686576873534
tr-045,ウルム戦役,10,ロシア,0.08210855026425477
tr-045,ウルム戦役,11,シュヴァルツヴァルト,0.07712957172571172
tr-045,ウルム戦役,12,ブローニュ,0.07090369884643077
tr-045,ウルム戦役,13,行軍,0.06361989450915836
tr-045,ウルム戦役,14,ドナウ,0.06103592379851362
tr-045,ウルム戦役,15,結成,0.059434148333168145
tr-045,ウルム戦役,16,侵攻,0.05927552286310801
tr-045,ウルム戦役,17,攻撃,0.0516218706560461
tr-045,ウルム戦役,18,戦い,0.05153899110102127
tr-045,ウルム戦役,19,イタリア,0.05153899110102127
tr-045,ウルム戦役,20,ティロル,0.05141971448380782
tr-046,クマのプーさん,1,プー,0.7437639016279918
tr-046,クマのプーさん,2,ミルン,0.2414817862428545
tr-046,クマのプーさん,3,クリストファー,0.2216700254639681
tr-046,クマのプーさん,4,ロビン,0.19535072333092363
tr-046,クマのプーさん,5,ピグレット,0.19318542899428356
tr-046,クマのプーさん,6,シェパード,0.12080002499089369
tr-046,クマのプーさん,7,イーヨー,0.11591125739657014
tr-046,クマのプーさん,8,ティガー,0.10625198594685598
tr-046,クマのプーさん,9,挿絵,0.09820026868712484
tr-046,クマのプーさん,10,ぬいぐるみ,0.08628573213635263
tr-046,クマのプーさん,11,物語,0.08243740739060873
tr-046,クマのプーさん,12,横丁,0.07362544171597517
tr-046,クマのプーさん,13,キャラクター,0.06918443250580546
tr-046,クマのプーさん,14,パンチ,0.062157048332566606
tr-046,クマのプーさん,15,ラビット,0.062157048332566606
tr-046,クマのプーさん,16,エピソード,0.061822833132031366
tr-046,クマのプーさん,17,登場,0.04629306552792278
tr-046,クマのプーさん,18,ハチミツ,0.046015901072484475
tr-046,クマのプーさん,19,オウル,0.046015901072484475
tr-046,クマのプーさん,20,作品,0.04579025136686646
tr-047,シェイクスピア別人説,1,シェイクスピア,0.3445755262400891
tr-047,シェイクスピア別人説,2,オックスフォード,0.12117877509517427
tr-047,シェイクスピア別人説,3,ストラトフォード,0.11784236723212795
tr-047,シェイクスピア別人説,4,ベーコン,0.11223082593535993
tr-047,シェイクスピア別人説,5,作品,0.10051242830899823
tr-047,シェイクスピア別人説,6,作者,0.06935294569003496
tr-047,シェイクスピア別人説,7,研究,0.06738433095632604
tr-047,シェイクスピア別人説,8,戯曲,0.06695113968226407
tr-047,シェイクスピア別人説,9,暗号,0.06676971220278555
tr-047,シェイクスピア別人説,10,マーロウ,0.06478601886608708
tr-047,シェイクスピア別人説,11,ネヴィル,0.05889638078735188
tr-047,シェイクスピア別人説,12,ヘンリー,0.04760273199908947
tr-047,シェイクスピア別人説,13,証拠,0.03951239406497551
tr-047,シェイクスピア別人説,14,執筆,0.03863849147870917
tr-047,シェイクスピア別人説,15,作家,0.03856065554914618
tr-047,シェイクスピア別人説,16,人物,0.03457359912708259
tr-047,シェイクスピア別人説,17,著書,0.03161331120985295
tr-047,シェイクスピア別人説,18,舞台,0.029577797096442655
tr-047,シェイクスピア別人説,19,上演,0.028912894876090934
tr-047,シェイクスピア別人説,20,従来,0.027238920054939924
tr-048,二階堂トクヨ,1,トクヨ,0.5133536446632248
tr-048,二階堂トクヨ,2,体操,0.2594114362317819
tr-048,二階堂トクヨ,3,女子,0.10276924491049001
tr-048,二階堂トクヨ,4,体育,0.10011770426332413
tr-048,二階堂トクヨ,5,二階堂,0.07898508531092885
tr-048,二階堂トクヨ,6,学校,0.07545752581782719
tr-048,二階堂トクヨ,7,授業,0.06510753853418613
tr-048,二階堂トクヨ,8,教師,0.0540352574710796
tr-048,二階堂トクヨ,9,高等,0.04825892203102343
tr-048,二階堂トクヨ,10,校長,0.046324176625648986
tr-048,二階堂トクヨ,11,生徒,0.04416750875146441
tr-048,二階堂トクヨ,12,師範,0.03898954166270406
tr-048,二階堂トクヨ,13,年生,0.03870941569782864
tr-048,二階堂トクヨ,14,井口,0.03776135635702034
tr-048,二階堂トクヨ,15,尋常,0.037551911809279415
tr-048,二階堂トクヨ,16,学生,0.03712224771617187
tr-048,二階堂トクヨ,17,卒業,0.036945405268289565
tr-048,二階堂トクヨ,18,東京,0.034491200719284305
tr-048,二階堂トクヨ,19,小学校,0.03317263705124107
tr-048,二階堂トクヨ,20,三本木,0.03302727814921502
tr-049,京王6000系電車,1,編成,0.34918132613799197
tr-049,京王6000系電車,2,京王,0.22077199909118303
tr-049,京王6000系電車,3,新宿,0.15927716287190627
tr-049,京王6000系電車,4,制御,0.11852860895270487
tr-049,京王6000系電車,5,運用,0.10827944309941834
tr-049,京王6000系電車,6,電動,0.1020982045522985
tr-049,京王6000系電車,7,車体,0.09043344728572597
tr-049,京王6000系電車,8,廃車,0.07662155556065274
tr-049,京王6000系電車,9,装置,0.0746550963254138
tr-049,京王6000系電車,10,運転,0.07010350019134462
tr-049,京王6000系電車,11,製造,0.06767408407065761
tr-049,京王6000系電車,12,車両,0.06667234253589649
tr-049,京王6000系電車,13,採用,0.06438885718689392
tr-049,京王6000系電車,14,搭載,0.05880948650745128
tr-049,京王6000系電車,15,対応,0.05670145272676056
tr-049,京王6000系電車,16,全車,0.05580918970455485
tr-049,京王6000系電車,17,特急,0.05503248489311453
tr-049,京王6000系電車,18,京王線,0.052717483539674724
tr-049,京王6000系電車,19,ブレーキ,0.05144207824667278
tr-049,京王6000系電車,20,台車,0.051081037040435165
tr-050,司馬遷,1,司馬,0.8054341666267837
tr-050,司馬遷,2,史記,0.18605366690724462
tr-050,司馬遷,3,孔子,0.1227244081603161
tr-050,司馬遷,4,巡遊,0.0789394513823596
tr-050,司馬遷,5,太初,0.07155910265663254
tr-050,司馬遷,6,人物,0.058163431762253553
tr-050,司馬遷,7,歴史,0.05511656149589779
tr-050,司馬遷,8,執筆,0.042677970133301484
tr-050,司馬遷,9,春秋,0.0409081360534387
tr-050,司馬遷,10,制定,0.03983691524187987
tr-050,司馬遷,11,皇帝,0.03938635506462758
tr-050,司馬遷,12,思想,0.03620061265097194
tr-050,司馬遷,13,事業,0.03429544604526946
tr-050,司馬遷,14,各地,0.03265789444705354
tr-050,司馬遷,15,見物,0.03223513077649817
tr-050,司馬遷,16,ゆかり,0.03223513077649817
tr-050,司馬遷,17,手紙,0.0314392753859201
tr-050,司馬遷,18,遺言,0.03142253612900929
tr-050,司馬遷,19,天文,0.031178585308162136
tr-050,司馬遷,20,西南,0.031178585308162136
tr-051,グリム童話,1,グリム,0.49647453699597227
tr-051,グリム童話,2,メルヒェン,0.27903549463592564
tr-051,グリム童話,3,童話,0.26867440527451986
tr-051,グリム童話,4,兄弟,0.14741431689189052
tr-051,グリム童話,5,ブレンターノ,0.07718516236497867
tr-051,グリム童話,6,ドイツ,0.07192791241925885
tr-051,グリム童話,7,刊行,0.06916363672908123
tr-051,グリム童話,8,昔話,0.0661966049327963
tr-051,グリム童話,9,収集,0.0646176701001801
tr-051,グリム童話,10,出版,0.05579940142009131
tr-051,グリム童話,11,ヴィルヘルム,0.05049938111729807
tr-051,グリム童話,12,研究,0.04781381435108579
tr-051,グリム童話,13,子ども,0.04688771526408314
tr-051,グリム童話,14,口伝え,0.04500572494127833
tr-051,グリム童話,15,民話,0.044547263660500824
tr-051,グリム童話,16,収録,0.039101646190168725
tr-051,グリム童話,17,民謡,0.03607098651235576
tr-051,グリム童話,18,翻訳,0.03565611060824922
tr-051,グリム童話,19,マリー,0.035195440995253215
tr-051,グリム童話,20,初版,0.034445436573656396
tr-052,パブリックアート,1,彫刻,0.30586824785866434
tr-052,パブリックアート,2,芸術,0.19396944525298246
tr-052,パブリックアート,3,公共,0.15954977015776062
tr-052,パブリックアート,4,作品,0.13326871074898428
tr-052,パブリックアート,5,空間,0.12734318730075056
tr-052,パブリックアート,6,パブリック,0.12648240932177912
tr-052,パブリックアート,7,アート,0.11620804959135836
tr-052,パブリックアート,8,都市,0.11526987285403961
tr-052,パブリックアート,9,設置,0.10560807374074639
tr-052,パブリックアート,10,公園,0.09959228810469968
tr-052,パブリックアート,11,宇部,0.0974003239367588
tr-052,パブリックアート,12,壁画,0.07747203306090557
tr-052,パブリックアート,13,市民,0.07722165074561765
tr-052,パブリックアート,14,野外,0.0721590913629482
tr-052,パブリックアート,15,政府,0.05704616261442767
tr-052,パブリックアート,16,づくり,0.05567604519314667
tr-052,パブリックアート,17,市内,0.05441320592908947
tr-052,パブリックアート,18,神戸,0.051915210683536814
tr-052,パブリックアート,19,年代,0.05088472136741047
tr-052,パブリックアート,20,博厚,0.0487001619683794
tr-053,ヒルズボロ(オレゴン州),1,ヒルズボロ,0.40220572921760683
tr-053,ヒルズボロ(オレゴン州),2,平均,0.09750069588840028
tr-053,ヒルズボロ(オレゴン州),3,地区,0.09190240553102932
tr-053,ヒルズボロ(オレゴン州),4,オレゴン,0.09123321328128331
tr-053,ヒルズボロ(オレゴン州),5,人口,0.08708946165760673
tr-053,ヒルズボロ(オレゴン州),6,米ドル,0.06447160867969536
tr-053,ヒルズボロ(オレゴン州),7,気温,0.056160377080760895
tr-053,ヒルズボロ(オレゴン州),8,華氏,0.05389321958024648
tr-053,ヒルズボロ(オレゴン州),9,支配人,0.04835370650977152
tr-053,ヒルズボロ(オレゴン州),10,国勢調査,0.04348381999529883
tr-053,ヒルズボロ(オレゴン州),11,世帯,0.04348381999529883
tr-053,ヒルズボロ(オレゴン州),12,窃盗,0.04215923862807971
tr-053,ヒルズボロ(オレゴン州),13,以上,0.041641148153870364
tr-053,ヒルズボロ(オレゴン州),14,市議会,0.04154292976137735
tr-053,ヒルズボロ(オレゴン州),15,キャンパス,0.0402947554248096
tr-053,ヒルズボロ(オレゴン州),16,タナスボーン,0.04022057292176068
tr-053,ヒルズボロ(オレゴン州),17,区域,0.03983129920406294
tr-053,ヒルズボロ(オレゴン州),18,ワシントン,0.03894077199816732
tr-053,ヒルズボロ(オレゴン州),19,大学,0.03871423908704822
tr-053,ヒルズボロ(オレゴン州),20,図書館,0.03643485904309426
tr-054,マルコ・ポーロ,1,マルコ,0.48260340613055497
tr-054,マルコ・ポーロ,2,ポー,0.1701866928380928
tr-054,マルコ・ポーロ,3,見聞,0.12956734613450543
tr-054,マルコ・ポーロ,4,東方,0.09612599649915915
tr-054,マルコ・ポーロ,5,ヴェネツィア,0.09366989761321189
tr-054,マルコ・ポーロ,6,中国,0.09083692941941164
tr-054,マルコ・ポーロ,7,アジア,0.08588912232960873
tr-054,マルコ・ポーロ,8,ニコーロ,0.0785404785255723
tr-054,マルコ・ポーロ,9,叔父,0.06947220196219195
tr-054,マルコ・ポーロ,10,黄金,0.06788618820306759
tr-054,マルコ・ポーロ,11,ジェノヴァ,0.06478367306725272
tr-054,マルコ・ポーロ,12,コロンブス,0.06478367306725272
tr-054,マルコ・ポーロ,13,貿易,0.05885234394027247
tr-054,マルコ・ポーロ,14,ヨーロッパ,0.046697573729148165
tr-054,マルコ・ポーロ,15,出発,0.045892313618730494
tr-054,マルコ・ポーロ,16,口述,0.04472152042866181
tr-054,マルコ・ポーロ,17,兄弟,0.04435447591932198
tr-054,マルコ・ポーロ,18,豪商,0.04143495639980396
tr-054,マルコ・ポーロ,19,クリストファー,0.04143495639980396
tr-054,マルコ・ポーロ,20,あだ名,0.04094689110911166
tr-055,ディシディアファイナルファンタジー,1,発売,0.21012583694133102
tr-055,ディシディアファイナルファンタジー,2,キャラクター,0.14966167144651804
tr-055,ディシディアファイナルファンタジー,3,ゲーム,0.13628333743494714
tr-055,ディシディアファイナルファンタジー,4,シリーズ,0.08653778160458067
tr-055,ディシディアファイナルファンタジー,5,野村,0.07067340915707154
tr-055,ディシディアファイナルファンタジー,6,作品,0.06537612440868996
tr-055,ディシディアファイナルファンタジー,7,スタッフ,0.05602840724732881
tr-055,ディシディアファイナルファンタジー,8,エニックス,0.05516333395372102
tr-055,ディシディアファイナルファンタジー,9,サイト,0.05301239439826582
tr-055,ディシディアファイナルファンタジー,10,スクウェア,0.052558633045103255
tr-055,ディシディアファイナルファンタジー,11,原作,0.052267114937969206
tr-055,ディシディアファイナルファンタジー,12,ソフト,0.05092861878691108
tr-055,ディシディアファイナルファンタジー,13,初動,0.04927709798879068
tr-055,ディシディアファイナルファンタジー,14,対戦,0.048318183176763854
tr-055,ディシディアファイナルファンタジー,15,ユーザー,0.0481058674312278
tr-055,ディシディアファイナルファンタジー,16,開発,0.04598990579056589
tr-055,ディシディアファイナルファンタジー,17,オリジナル,0.044578420689790704
tr-055,ディシディアファイナルファンタジー,18,北米,0.04357765008125575
tr-055,ディシディアファイナルファンタジー,19,集計,0.0400882228593565
tr-055,ディシディアファイナルファンタジー,20,ファン,0.040084472233855105
tr-056,なんちゃっておじさん,1,おじさん,0.4549053130508858
tr-056,なんちゃっておじさん,2,投書,0.23402445519422288
tr-056,なんちゃっておじさん,3,小森,0.2030774245458385
tr-056,なんちゃっておじさん,4,番組,0.20017078451933812
tr-056,なんちゃっておじさん,5,目撃,0.11423751565883804
tr-056,なんちゃっておじさん,6,ラジオ,0.09563819219710956
tr-056,なんちゃっておじさん,7,同社,0.09203545589230155
tr-056,なんちゃっておじさん,8,鶴光,0.08732636256402615
tr-056,なんちゃっておじさん,9,オールナイト,0.08732636256402615
tr-056,なんちゃっておじさん,10,ニッポン,0.08732636256402615
tr-056,なんちゃっておじさん,11,ヘルス,0.08732636256402615
tr-056,なんちゃっておじさん,12,電車,0.08392131587793265
tr-056,なんちゃっておじさん,13,週刊,0.08218798202695117
tr-056,なんちゃっておじさん,14,テレビ,0.06693469935596157
tr-056,なんちゃっておじさん,15,ポーズ,0.0668358233720709
tr-056,なんちゃっておじさん,16,男性,0.06481938751221132
tr-056,なんちゃっておじさん,17,掲載,0.061854110210993296
tr-056,なんちゃっておじさん,18,乗客,0.06124213181018001
tr-056,なんちゃっておじさん,19,前述,0.060583798562487225
tr-056,なんちゃっておじさん,20,広告,0.05851402347192903
tr-057,オットー・フランク,1,オットー,0.3984344946400209
tr-057,オットー・フランク,2,アンネ,0.19587573519448961
tr-057,オットー・フランク,3,フランク,0.14624003009446992
tr-057,オットー・フランク,4,ユダヤ,0.10761396109922583
tr-057,オットー・フランク,5,収容,0.10212367967736186
tr-057,オットー・フランク,6,銀行,0.07773294906566602
tr-057,オットー・フランク,7,隠れ家,0.07717104212194918
tr-057,オットー・フランク,8,ドイツ,0.061363048019649404
tr-057,オットー・フランク,9,エーディト,0.057617093033012254
tr-057,オットー・フランク,10,マルゴー,0.057617093033012254
tr-057,オットー・フランク,11,ミヒャエル,0.051833555244240874
tr-057,オットー・フランク,12,フランクフルト,0.05057953501651396
tr-057,オットー・フランク,13,日記,0.047908751584631974
tr-057,オットー・フランク,14,オランダ,0.04776297792960356
tr-057,オットー・フランク,15,アムステルダム,0.04628302322713831
tr-057,オットー・フランク,16,経営,0.045115180621319
tr-057,オットー・フランク,17,エルフリーデ,0.04319462937020073
tr-057,オットー・フランク,18,アパート,0.03793465126238546
tr-057,オットー・フランク,19,強制,0.03617679417580505
tr-057,オットー・フランク,20,アリーセ,0.03292405316172129
tr-058,水星,1,水星,0.6695576337730559
tr-058,水星,2,太陽,0.1557944120375388
tr-058,水星,3,惑星,0.151562327833484
tr-058,水星,4,観測,0.12792530205453273
tr-058,水星,5,公転,0.11916297847676706
tr-058,水星,6,自転,0.11100555204124966
tr-058,水星,7,地球,0.1075600687996553
tr-058,水星,8,表面,0.0681916953931268
tr-058,水星,9,探査,0.05456243802005424
tr-058,水星,10,軌道,0.054297649535058286
tr-058,水星,11,存在,0.05422963264225386
tr-058,水星,12,太陽系,0.05096994415100048
tr-058,水星,13,望遠鏡,0.049883789740065576
tr-058,水星,14,メッセンジャー,0.04657472795457916
tr-058,水星,15,クレーター,0.04570816848757339
tr-058,水星,16,同期,0.04459870113212542
tr-058,水星,17,天文学,0.04080950377987372
tr-058,水星,18,マリナー,0.04073573206259917
tr-058,水星,19,潮汐,0.04032076805703774
tr-058,水星,20,金星,0.04032076805703774
tr-059,クロアチア王国(925年-1102年),1,クロアチア,0.5026655751110706
tr-059,クロアチア王国(925年-1102年),2,ダルマチア,0.3059809044568346
tr-059,クロアチア王国(925年-1102年),3,王国,0.20950667350450994
tr-059,クロアチア王国(925年-1102年),4,トミスラヴ,0.20313551721882786
tr-059,クロアチア王国(925年-1102年),5,ビザンツ,0.18566745850887675
tr-059,クロアチア王国(925年-1102年),6,パンノニア,0.1407591778182837
tr-059,クロアチア王国(925年-1102年),7,支配,0.1075677860903047
tr-059,クロアチア王国(925年-1102年),8,フランク,0.08753016166858682
tr-059,クロアチア王国(925年-1102年),9,帝国,0.08730932632854894
tr-059,クロアチア王国(925年-1102年),10,ハンガリー,0.08494316855356183
tr-059,クロアチア王国(925年-1102年),11,ブルガリア,0.08175226477663754
tr-059,クロアチア王国(925年-1102年),12,都市,0.07496260118507866
tr-059,クロアチア王国(925年-1102年),13,ヴラニミル,0.0738674608068465
tr-059,クロアチア王国(925年-1102年),14,世紀,0.06749469466396851
tr-059,クロアチア王国(925年-1102年),15,シメオン,0.0659853899950258
tr-059,クロアチア王国(925年-1102年),16,スラヴ,0.060929160619523706
tr-059,クロアチア王国(925年-1102年),17,スプリト,0.05092867831119974
tr-059,クロアチア王国(925年-1102年),18,教会,0.039317929445535624
tr-059,クロアチア王国(925年-1102年),19,管轄,0.03771775674110131
tr-059,クロアチア王国(925年-1102年),20,ビオグラード,0.03693373040342325
tr-060,佐久島,1,佐久島,0.28598392985686627
tr-060,佐久島,2,一色,0.1094346194175686
tr-060,佐久島,3,集落,0.1081405792167354
tr-060,佐久島,4,昭和,0.10662327413767052
tr-060,佐久島,5,三河湾,0.09947267125456219
tr-060,佐久島,6,日間賀島,0.09947267125456219
tr-060,佐久島,7,篠島,0.0870385873477419
tr-060,佐久島,8,離島,0.0861156829424879
tr-060,佐久島,9,西尾,0.07802478032234612
tr-060,佐久島,10,時代,0.061497567036592114
tr-060,佐久島,11,人口,0.059839942991271704
tr-060,佐久島,12,愛知,0.051695941520166794
tr-060,佐久島,13,古墳,0.04945023386866314
tr-060,佐久島,14,水道,0.04394933083502561
tr-060,佐久島,15,海運,0.03995251853041726
tr-060,佐久島,16,常一,0.03915087683341598
tr-060,佐久島,17,知多半島,0.03730225172046082
tr-060,佐久島,18,知多,0.03730225172046082
tr-060,佐久島,19,南知多,0.03599063132934328
tr-060,佐久島,20,出土,0.03573885785832033
tr-061,ペレ,1,試合,0.16413990984946655
tr-061,ペレ,2,サッカー,0.16237316405271224
tr-061,ペレ,3,得点,0.15545764157331635
tr-061,ペレ,4,選手,0.13707611155244365
tr-061,ペレ,5,ブラジル,0.1203897793723799
tr-061,ペレ,6,サントス,0.1201102440256404
tr-061,ペレ,7,クラブ,0.11314729956882039
tr-061,ペレ,8,プレー,0.09936271485649933
tr-061,ペレ,9,移籍,0.08118658202635612
tr-061,ペレ,10,チーム,0.0589926956062773
tr-061,ペレ,11,サンパウロ,0.056522467776771945
tr-061,ペレ,12,出場,0.05616785869003725
tr-061,ペレ,13,ゴール,0.047546419527167386
tr-061,ペレ,14,ワールドカップ,0.04281615237835701
tr-061,ペレ,15,契約,0.037972463818782984
tr-061,ペレ,16,スタジアム,0.03730983397759593
tr-061,ペレ,17,バウル,0.03707725526250391
tr-061,ペレ,18,選手権,0.03669955918144886
tr-061,ペレ,19,優勝,0.03553825114322614
tr-061,ペレ,20,リーグ,0.03282798196989332
tr-062,大同電力,1,電力,0.26453438237698335
tr-062,大同電力,2,送電,0.18308254109365768
tr-062,大同電力,3,発電,0.16477988075008404
tr-062,大同電力,4,水力,0.15458355082983927
tr-062,大同電力,5,木曽,0.1414090823328548
tr-062,大同電力,6,大同,0.13699004850995308
tr-062,大同電力,7,電気興業,0.1299826305219347
tr-062,大同電力,8,大阪,0.12605888299307613
tr-062,大同電力,9,電灯,0.08688142834446701
tr-062,大同電力,10,供給,0.08137363222263952
tr-062,大同電力,11,木曽川,0.077464212344662
tr-062,大同電力,12,電気,0.07659259409223454
tr-062,大同電力,13,会社,0.0714819967899649
tr-062,大同電力,14,事業,0.06776554253403465
tr-062,大同電力,15,名古屋,0.06494044971259995
tr-062,大同電力,16,合併,0.05987796942171115
tr-062,大同電力,17,地点,0.054495083548106726
tr-062,大同電力,18,大正,0.05426316822223781
tr-062,大同電力,19,福澤,0.05109412466960475
tr-062,大同電力,20,関西,0.05023965401969775
tr-063,太宰治,1,太宰,0.21406888149549066
tr-063,太宰治,2,津島,0.13235453076504938
tr-063,太宰治,3,自殺,0.07988220610976422
tr-063,太宰治,4,昭和,0.07294140483004963
tr-063,太宰治,5,文治,0.058745638238035046
tr-063,太宰治,6,金木,0.05591594998285706
tr-063,太宰治,7,小説,0.05440208653497596
tr-063,太宰治,8,初代,0.05207574678155822
tr-063,太宰治,9,井伏,0.04281377629909814
tr-063,太宰治,10,源右衛門,0.039939964273469325
tr-063,太宰治,11,甲府,0.039533106541504916
tr-063,太宰治,12,斜陽,0.03805408004971042
tr-063,太宰治,13,津軽,0.034113159768839704
tr-063,太宰治,14,成績,0.03387805989595434
tr-063,太宰治,15,仏文,0.03195197141877546
tr-063,太宰治,16,発表,0.03170660698059322
tr-063,太宰治,17,同人,0.030568322317458787
tr-063,太宰治,18,選考,0.030568322317458787
tr-063,太宰治,19,左翼,0.029720315076556675
tr-063,太宰治,20,婿養子,0.029372819119017523
tr-064,ボストン,1,ボストン,0.3435208144062601
tr-064,ボストン,2,都市,0.058296409827217024
tr-064,ボストン,3,アメリカ,0.054446344597853684
tr-064,ボストン,4,人口,0.049388124789284144
tr-064,ボストン,5,世帯,0.046579093478814934
tr-064,ボストン,6,地区,0.045120267458894615
tr-064,ボストン,7,公園,0.04497111786477502
tr-064,ボストン,8,銀行,0.041535573912792376
tr-064,ボストン,9,マサチューセッツ,0.04064420295960121
tr-064,ボストン,10,ドーチェスター,0.040390838752567756
tr-064,ボストン,11,公営,0.033870169133001005
tr-064,ボストン,12,地下鉄,0.03282057575899249
tr-064,ボストン,13,植民,0.03250709176153825
tr-064,ボストン,14,米ドル,0.032372268234042705
tr-064,ボストン,15,アイルランド,0.031420512319764116
tr-064,ボストン,16,医療,0.030649625010230247
tr-064,ボストン,17,住宅,0.030078997821868805
tr-064,ボストン,18,アカディア,0.029704403154227503
tr-064,ボストン,19,兌換,0.029704403154227503
tr-064,ボストン,20,チャールズ,0.02917798100761546
tr-065,ダレイオス1世,1,ダレイオス,0.4203178951737945
tr-065,ダレイオス1世,2,反乱,0.2741684044021805
tr-065,ダレイオス1世,3,紀元前,0.2111138947793555
tr-065,ダレイオス1世,4,バビロニア,0.1861735027278863
tr-065,ダレイオス1世,5,メディア,0.13121588721609148
tr-065,ダレイオス1世,6,鎮圧,0.12917443290656355
tr-065,ダレイオス1世,7,スメルディス,0.11763140162734116
tr-065,ダレイオス1世,8,ナディンタバイラ,0.11763140162734116
tr-065,ダレイオス1世,9,遠征,0.1028131516508177
tr-065,ダレイオス1世,10,カンビュセス,0.08822355122050587
tr-065,ダレイオス1世,11,エラム,0.0811021760777667
tr-065,ダレイオス1世,12,キュロス,0.07693643866569652
tr-065,ダレイオス1世,13,アケメネス,0.07535269880445757
tr-065,ダレイオス1世,14,ラップ,0.07070901602627547
tr-065,ダレイオス1世,15,殺害,0.06744562565296244
tr-065,ダレイオス1世,16,アルメニア,0.06685942579228837
tr-065,ダレイオス1世,17,撃破,0.06406558624964823
tr-065,ダレイオス1世,18,ペルシア,0.0635876408835363
tr-065,ダレイオス1世,19,戦い,0.05895213365664761
tr-065,ダレイオス1世,20,ガウマータ,0.05881570081367058
tr-066,黒石,1,黒石,0.5691732660873366
tr-066,黒石,2,カアバ,0.2722133011722045
tr-066,黒石,3,ムハンマド,0.19022756239972574
tr-066,黒石,4,メッカ,0.156664734283985
tr-066,黒石,5,隕石,0.12247288049601668
tr-066,黒石,6,アダム,0.11900307019984115
tr-066,黒石,7,巡礼,0.10551329687045369
tr-066,黒石,8,ワーバル,0.09898665497171072
tr-066,黒石,9,ガラス,0.09464398287467776
tr-066,黒石,10,伝承,0.09214401926411106
tr-066,黒石,11,損傷,0.08021134629180895
tr-066,黒石,12,祭壇,0.07933538013322743
tr-066,黒石,13,預言,0.07740968463278747
tr-066,黒石,14,アラビア,0.06816073394085735
tr-066,黒石,15,ムスリム,0.05741656054530771
tr-066,黒石,16,崇拝,0.05573797828789309
tr-066,黒石,17,ハッジ,0.04949332748585536
tr-066,黒石,18,ブリタニカ,0.04949332748585536
tr-066,黒石,19,グリューネバウム,0.04949332748585536
tr-066,黒石,20,瑪瑙,0.04949332748585536
tr-067,ヒューストン,1,ヒューストン,0.570648065748199
tr-067,ヒューストン,2,テキサス,0.12400620228031493
tr-067,ヒューストン,3,都市,0.060268867182652654
tr-067,ヒューストン,4,ガルベス,0.05626268513543591
tr-067,ヒューストン,5,医療,0.053366996537059376
tr-067,ヒューストン,6,タウン,0.05266893959342976
tr-067,ヒューストン,7,産業,0.052001886317687464
tr-067,ヒューストン,8,センター,0.05077963956339639
tr-067,ヒューストン,9,石油,0.04643179022695844
tr-067,ヒューストン,10,全米,0.04384300974826029
tr-067,ヒューストン,11,宇宙,0.041400573856704204
tr-067,ヒューストン,12,避難,0.041400573856704204
tr-067,ヒューストン,13,市長,0.04018376980000065
tr-067,ヒューストン,14,経済,0.03793321376003503
tr-067,ヒューストン,15,ハリケーン,0.03769435669249017
tr-067,ヒューストン,16,アップ,0.03632318070542659
tr-067,ヒューストン,17,人口,0.035830996895310566
tr-067,ヒューストン,18,中心,0.035339921438594185
tr-067,ヒューストン,19,気温,0.03491561527124929
tr-067,ヒューストン,20,メキシコ,0.03351659792309167
tr-068,イルカボーイズ,1,イルカボーイズ,0.26476132534828073
tr-068,イルカボーイズ,2,捕虜,0.19532704667790615
tr-068,イルカボーイズ,3,墓地,0.191866836383726
tr-068,イルカボーイズ,4,慰霊,0.1164730100229333
tr-068,イルカボーイズ,5,紀和,0.0973559523728998
tr-068,イルカボーイズ,6,ホームズ,0.08672026460034865
tr-068,イルカボーイズ,7,昭和,0.06786348044987578
tr-068,イルカボーイズ,8,交流,0.06401936349959736
tr-068,イルカボーイズ,9,イギリス,0.06135520517098673
tr-068,イルカボーイズ,10,鉱山,0.05799232620379716
tr-068,イルカボーイズ,11,熊野,0.056586591790811755
tr-068,イルカボーイズ,12,兵士,0.05656660553313231
tr-068,イルカボーイズ,13,平成,0.05572126081674935
tr-068,イルカボーイズ,14,俘虜,0.05295226506965615
tr-068,イルカボーイズ,15,石原産業,0.05295226506965615
tr-068,イルカボーイズ,16,収容,0.052163893935918644
tr-068,イルカボーイズ,17,日本人,0.04578166025860809
tr-068,イルカボーイズ,18,泰緬鉄道,0.04412688755804679
tr-068,イルカボーイズ,19,紀州,0.043677378758599984
tr-068,イルカボーイズ,20,紀南,0.04204330529644265
tr-069,グリゴリー・ラスプーチン,1,ラスプーチン,0.6061422159716897
tr-069,グリゴリー・ラスプーチン,2,ユスポフ,0.12267274741137008
tr-069,グリゴリー・ラスプーチン,3,ニコライ,0.09831920323653541
tr-069,グリゴリー・ラスプーチン,4,ロシア,0.08161980889363421
tr-069,グリゴリー・ラスプーチン,5,アレクサンドラ,0.07354757172446941
tr-069,グリゴリー・ラスプーチン,6,暗殺,0.07330683494980621
tr-069,グリゴリー・ラスプーチン,7,大公,0.053432166369210006
tr-069,グリゴリー・ラスプーチン,8,サンクトペテルブルク,0.03993667338412304
tr-069,グリゴリー・ラスプーチン,9,アレクセイ,0.03857570334469293
tr-069,グリゴリー・ラスプーチン,10,ドゥーマ,0.035240826509981955
tr-069,グリゴリー・ラスプーチン,11,治療,0.03241184335708593
tr-069,グリゴリー・ラスプーチン,12,トルファノフ,0.03066818685284252
tr-069,グリゴリー・ラスプーチン,13,皇帝,0.029539766298470684
tr-069,グリゴリー・ラスプーチン,14,トボリスク,0.028192661207985567
tr-069,グリゴリー・ラスプーチン,15,警察,0.027520204140880272
tr-069,グリゴリー・ラスプーチン,16,ロマノフ,0.02571713556312862
tr-069,グリゴリー・ラスプーチン,17,治癒,0.024920194308435013
tr-069,グリゴリー・ラスプーチン,18,バルカン,0.024920194308435013
tr-069,グリゴリー・ラスプーチン,19,未遂,0.023983179078193972
tr-069,グリゴリー・ラスプーチン,20,宮殿,0.023459320574199555
tr-070,ルーヴル美術館,1,ルーヴル,0.32057907378750133
tr-070,ルーヴル美術館,2,美術,0.2355617155853319
tr-070,ルーヴル美術館,3,美術館,0.19642497594499234
tr-070,ルーヴル美術館,4,フランス,0.10594870740314309
tr-070,ルーヴル美術館,5,コレクション,0.1025089641861749
tr-070,ルーヴル美術館,6,宮殿,0.09932451853270077
tr-070,ルーヴル美術館,7,部門,0.09219200334524744
tr-070,ルーヴル美術館,8,彫刻,0.08945840382548308
tr-070,ルーヴル美術館,9,古代,0.0857234706862157
tr-070,ルーヴル美術館,10,展示,0.06540438378979865
tr-070,ルーヴル美術館,11,収蔵,0.05712072789692529
tr-070,ルーヴル美術館,12,絵画,0.05645543800618258
tr-070,ルーヴル美術館,13,所蔵,0.05215867108009249
tr-070,ルーヴル美術館,14,ナポレオン,0.048898754137586715
tr-070,ルーヴル美術館,15,エジプト,0.04640154960001152
tr-070,ルーヴル美術館,16,ギャラリー,0.04228243269242572
tr-070,ルーヴル美術館,17,作品,0.04087584577126124
tr-070,ルーヴル美術館,18,王室,0.04078354855101964
tr-070,ルーヴル美術館,19,世紀,0.03501644426846959
tr-070,ルーヴル美術館,20,時代,0.03493309932716047
tr-071,ハリファックス大爆発,1,モンブラン,0.3800788399891388
tr-071,ハリファックス大爆発,2,ファックス,0.2727209070229247
tr-071,ハリファックス大爆発,3,ダート,0.12001329929460022
tr-071,ハリファックス大爆発,4,爆発,0.10816559897007595
tr-071,ハリファックス大爆発,5,警笛,0.09090696900764156
tr-071,ハリファックス大爆発,6,フォード,0.0703977835576601
tr-071,ハリファックス大爆発,7,ベッド,0.06982785806446509
tr-071,ハリファックス大爆発,8,カナダ,0.06766402855864077
tr-071,ハリファックス大爆発,9,海軍,0.06333431928293311
tr-071,ハリファックス大爆発,10,マッケイ,0.060604646005094374
tr-071,ハリファックス大爆発,11,船長,0.05916544205055264
tr-071,ハリファックス大爆発,12,午前,0.05656205285921583
tr-071,ハリファックス大爆発,13,積荷,0.054328365557781755
tr-071,ハリファックス大爆発,14,入港,0.04775574929851581
tr-071,ハリファックス大爆発,15,防潜網,0.04770606843775503
tr-071,ハリファックス大爆発,16,ベンゾール,0.04770606843775503
tr-071,ハリファックス大爆発,17,ナローズ,0.04770606843775503
tr-071,ハリファックス大爆発,18,衝突,0.04607568894584888
tr-071,ハリファックス大爆発,19,両船,0.04545348450382078
tr-071,ハリファックス大爆発,20,舳先,0.04545348450382078
tr-072,讃岐うどん,1,うどん,0.706783713062137
tr-072,讃岐うどん,2,香川,0.2014127465977146
tr-072,讃岐うどん,3,讃岐,0.14964824906608454
tr-072,讃岐うどん,4,高松,0.08281099559383027
tr-072,讃岐うどん,5,ブランド,0.07006414477302665
tr-072,讃岐うどん,6,冷凍,0.0568783408979148
tr-072,讃岐うどん,7,全国,0.048712946655739164
tr-072,讃岐うどん,8,小麦粉,0.04634647298768112
tr-072,讃岐うどん,9,観光,0.04607961034653319
tr-072,讃岐うどん,10,生産,0.045961972574515224
tr-072,讃岐うどん,11,時代,0.04425672523887453
tr-072,讃岐うどん,12,県民,0.043490326866082014
tr-072,讃岐うどん,13,地域,0.04325189693361631
tr-072,讃岐うどん,14,料理,0.04289172115044069
tr-072,讃岐うどん,15,醤油,0.04243469283977449
tr-072,讃岐うどん,16,招牌,0.040697119994293394
tr-072,讃岐うどん,17,本場,0.03877548441084237
tr-072,讃岐うどん,18,飲食,0.03830245607891089
tr-072,讃岐うどん,19,年代,0.03781385929104248
tr-072,讃岐うどん,20,蕎麦,0.037412062266521134
tr-073,ナポリタン,1,料理,0.30813155307840145
tr-073,ナポリタン,2,ソース,0.2748410356108338
tr-073,ナポリタン,3,パスタ,0.27155293739970016
tr-073,ナポリタン,4,トマト,0.26919412787367286
tr-073,ナポリタン,5,ナポリ,0.26037790728443755
tr-073,ナポリタン,6,スパゲッティ,0.2482350027917446
tr-073,ナポリタン,7,ケチャップ,0.09296937528971687
tr-073,ナポリタン,8,洋食,0.07606585250976834
tr-073,ナポリタン,9,イタリア,0.07372172602886982
tr-073,ナポリタン,10,小麦,0.06728594460173296
tr-073,ナポリタン,11,入江,0.057518545112585126
tr-073,ナポリタン,12,ヴェルミチェッリ,0.05516333395372102
tr-073,ナポリタン,13,アメリカ,0.05422045639087651
tr-073,ナポリタン,14,トマトケチャップ,0.04596944496143418
tr-073,ナポリタン,15,ロッパ,0.04596944496143418
tr-073,ナポリタン,16,タマネギ,0.042258806949871296
tr-073,ナポリタン,17,マカロニ,0.042258806949871296
tr-073,ナポリタン,18,調理,0.038210074876963464
tr-073,ナポリタン,19,喫茶店,0.0379176387688417
tr-073,ナポリタン,20,スパゲッティ・アッラ・ナポレターナ,0.03677555596914735
tr-074,カンポンボーイ,1,カンポンボーイ,0.19665096913273067
tr-074,カンポンボーイ,2,マット,0.1951857910158206
tr-074,カンポンボーイ,3,ラット,0.15243725252168538
tr-074,カンポンボーイ,4,マレーシア,0.1492993251969575
tr-074,カンポンボーイ,5,カンポン,0.1311006460884871
tr-074,カンポンボーイ,6,フランキー,0.1311006460884871
tr-074,カンポンボーイ,7,イポー,0.10925053840707258
tr-074,カンポンボーイ,8,漫画,0.10356622182161035
tr-074,カンポンボーイ,9,友情,0.08543626134725588
tr-074,カンポンボーイ,10,ボーイ,0.07807431640632824
tr-074,カンポンボーイ,11,タウン,0.059503840151355764
tr-074,カンポンボーイ,12,刊行,0.05165951022865022
tr-074,カンポンボーイ,13,マレー,0.05016938395613465
tr-074,カンポンボーイ,14,続編,0.0487776163470205
tr-074,カンポンボーイ,15,ベルスナット,0.04370021536282904
tr-074,カンポンボーイ,16,ブリタ・パブリッシング,0.04370021536282904
tr-074,カンポンボーイ,17,末吉,0.04370021536282904
tr-074,カンポンボーイ,18,左右田,0.04370021536282904
tr-074,カンポンボーイ,19,シーン,0.04307368961549209
tr-074,カンポンボーイ,20,キャラクター,0.04268213774993827
tr-075,アテナイの学堂,1,学堂,0.4168491416891216
tr-075,アテナイの学堂,2,ラファエロ,0.356035405354395
tr-075,アテナイの学堂,3,ギリシア,0.24785690434272878
tr-075,アテナイの学堂,4,哲学,0.22461094904424736
tr-075,アテナイの学堂,5,女神,0.18453787922881776
tr-075,アテナイの学堂,6,アテーナー,0.1489476036295485
tr-075,アテナイの学堂,7,ルネサンス,0.11230547452212368
tr-075,アテナイの学堂,8,教皇,0.11061593322135417
tr-075,アテナイの学堂,9,部屋,0.10462949905330529
tr-075,アテナイの学堂,10,意図,0.09585308888353719
tr-075,アテナイの学堂,11,有名,0.08823380681478357
tr-075,アテナイの学堂,12,ローマ,0.08644516042822423
tr-075,アテナイの学堂,13,科学,0.08583353582512966
tr-075,アテナイの学堂,14,ブラマンテ,0.08336982833782432
tr-075,アテナイの学堂,15,竪琴,0.08336982833782432
tr-075,アテナイの学堂,16,聖体,0.07943327389017223
tr-075,アテナイの学堂,17,ドナト・ブラマンテ,0.07943327389017223
tr-075,アテナイの学堂,18,ミネルウァ,0.07943327389017223
tr-075,アテナイの学堂,19,ラファエロ・サンティ,0.07664024406054329
tr-075,アテナイの学堂,20,サン・ピエトロ,0.07664024406054329
tr-076,第1上野トンネル,1,トンネル,0.43257166083364984
tr-076,第1上野トンネル,2,上野,0.30211419538466733
tr-076,第1上野トンネル,3,スラブ,0.13810724200449792
tr-076,第1上野トンネル,4,立坑,0.12264764799833673
tr-076,第1上野トンネル,5,シールド,0.12264764799833673
tr-076,第1上野トンネル,6,御徒町,0.11487748921466094
tr-076,第1上野トンネル,7,アンダーピニング,0.10945320683194301
tr-076,第1上野トンネル,8,発進,0.10560461723392588
tr-076,第1上野トンネル,9,工法,0.10349827836116277
tr-076,第1上野トンネル,10,メートル,0.10277335317036344
tr-076,第1上野トンネル,11,工事,0.09245640130221962
tr-076,第1上野トンネル,12,高架,0.09207149466966527
tr-076,第1上野トンネル,13,建設,0.09015470599601962
tr-076,第1上野トンネル,14,方式,0.0836717956578561
tr-076,第1上野トンネル,15,東京,0.08179731395877703
tr-076,第1上野トンネル,16,秋葉原,0.0792034629254444
tr-076,第1上野トンネル,17,区間,0.0773743403062123
tr-076,第1上野トンネル,18,運転,0.0723617189090028
tr-076,第1上野トンネル,19,形式,0.06790029270856032
tr-076,第1上野トンネル,20,全長,0.06750679591650288
tr-077,天皇賞(相撲、拳闘、競馬),1,競走,0.31441249962109336
tr-077,天皇賞(相撲、拳闘、競馬),2,競馬,0.3112204387024138
tr-077,天皇賞(相撲、拳闘、競馬),3,天皇,0.27356199161829226
tr-077,天皇賞(相撲、拳闘、競馬),4,帝室,0.17634947266443954
tr-077,天皇賞(相撲、拳闘、競馬),5,下賜,0.13766025955830932
tr-077,天皇賞(相撲、拳闘、競馬),6,昭和,0.12212916117952367
tr-077,天皇賞(相撲、拳闘、競馬),7,優勝,0.11236147080672289
tr-077,天皇賞(相撲、拳闘、競馬),8,賞品,0.09079487656743485
tr-077,天皇賞(相撲、拳闘、競馬),9,施行,0.0868893373599597
tr-077,天皇賞(相撲、拳闘、競馬),10,出走,0.08139206430666439
tr-077,天皇賞(相撲、拳闘、競馬),11,皇室,0.06883012977915466
tr-077,天皇賞(相撲、拳闘、競馬),12,賞金,0.0614166045290437
tr-077,天皇賞(相撲、拳闘、競馬),13,ジャパン,0.06022636355676032
tr-077,天皇賞(相撲、拳闘、競馬),14,カップ,0.057961813801800474
tr-077,天皇賞(相撲、拳闘、競馬),15,明治,0.057553829674925304
tr-077,天皇賞(相撲、拳闘、競馬),16,明治天皇,0.05382168424452902
tr-077,天皇賞(相撲、拳闘、競馬),17,創設,0.0450695461044229
tr-077,天皇賞(相撲、拳闘、競馬),18,外国,0.04009688480626818
tr-077,天皇賞(相撲、拳闘、競馬),19,横浜,0.03668275177122537
tr-077,天皇賞(相撲、拳闘、競馬),20,倶楽部,0.03617425080296196
tr-078,貿易史,1,貿易,0.24662708772760591
tr-078,貿易史,2,紀元前,0.14190897162884855
tr-078,貿易史,3,取り引き,0.10674562274746291
tr-078,貿易史,4,エジプト,0.09403791023449846
tr-078,貿易史,5,地中海,0.0937256275614953
tr-078,貿易史,6,フェニキア,0.08804852803615562
tr-078,貿易史,7,世紀,0.08188237589298204
tr-078,貿易史,8,交易,0.08126043167534083
tr-078,貿易史,9,穀物,0.06496179135573144
tr-078,貿易史,10,カルタゴ,0.057825865246092296
tr-078,貿易史,11,輸出,0.05767730926861249
tr-078,貿易史,12,ギリシア,0.05641825667911837
tr-078,貿易史,13,メソポタミア,0.056314913117965604
tr-078,貿易史,14,テュロス,0.05451619570604944
tr-078,貿易史,15,都市,0.04814586954566516
tr-078,貿易史,16,木材,0.04768407990115764
tr-078,貿易史,17,ウガリト,0.0474424989988724
tr-078,貿易史,18,カナン,0.0474424989988724
tr-078,貿易史,19,集団,0.04677226201665571
tr-078,貿易史,20,ミケーネ,0.04520236028004276
tr-079,日本の深夜バス,1,深夜,0.46375436101333584
tr-079,日本の深夜バス,2,運賃,0.39496157017142286
tr-079,日本の深夜バス,3,運行,0.21497058720376377
tr-079,日本の深夜バス,4,路線,0.15914250925093532
tr-079,日本の深夜バス,5,設定,0.14862775496085878
tr-079,日本の深夜バス,6,急行,0.124003571665163
tr-079,日本の深夜バス,7,都市,0.12179458263823054
tr-079,日本の深夜バス,8,免許,0.11765503889872504
tr-079,日本の深夜バス,9,差額,0.10291354981997157
tr-079,日本の深夜バス,10,午後,0.09692650515027014
tr-079,日本の深夜バス,11,京都,0.09662936633955053
tr-079,日本の深夜バス,12,乗合,0.09648807027574528
tr-079,日本の深夜バス,13,タクシー,0.08909452732100165
tr-079,日本の深夜バス,14,都心,0.08776923781587176
tr-079,日本の深夜バス,15,翌朝,0.08353688263824643
tr-079,日本の深夜バス,16,定期,0.06885002527780541
tr-079,日本の深夜バス,17,自動車,0.06587658152856982
tr-079,日本の深夜バス,18,事例,0.0646176701001801
tr-079,日本の深夜バス,19,出発,0.06311395751339037
tr-079,日本の深夜バス,20,方式,0.06293802994138106
tr-080,太陽系外惑星,1,惑星,1.105420157805262
tr-080,太陽系外惑星,2,太陽系,0.6516948238969164
tr-080,太陽系外惑星,3,質量,0.2851991481759228
tr-080,太陽系外惑星,4,公転,0.23553263818942796
tr-080,太陽系外惑星,5,恒星,0.1742365626976577
tr-080,太陽系外惑星,6,銀河系,0.17260816900185105
tr-080,太陽系外惑星,7,発見,0.16193340881156354
tr-080,太陽系外惑星,8,矮星,0.14492982816533173
tr-080,太陽系外惑星,9,存在,0.12058656709902019
tr-080,太陽系外惑星,10,証拠,0.11048920319665188
tr-080,太陽系外惑星,11,観測,0.10940706618425632
tr-080,太陽系外惑星,12,検出,0.10100257609032101
tr-080,太陽系外惑星,13,木星,0.0896584167344257
tr-080,太陽系外惑星,14,確認,0.08297746769279285
tr-080,太陽系外惑星,15,褐色,0.07400319360595828
tr-080,太陽系外惑星,16,サイズ,0.07077670943344196
tr-080,太陽系外惑星,17,地球,0.06522917866216149
tr-080,太陽系外惑星,18,巨大,0.05892742640596935
tr-080,太陽系外惑星,19,分の,0.058087235659831725
tr-080,太陽系外惑星,20,科学,0.05595477335435668
tr-081,近代オリンピック,1,オリンピック,0.3569919430256159
tr-081,近代オリンピック,2,大会,0.3386800507010473
tr-081,近代オリンピック,3,開催,0.15919454575161862
tr-081,近代オリンピック,4,競技,0.07965209096002378
tr-081,近代オリンピック,5,委員,0.07161948156628266
tr-081,近代オリンピック,6,選手,0.06785598012111836
tr-081,近代オリンピック,7,夏季,0.04350124098718014
tr-081,近代オリンピック,8,参加,0.043319683891725067
tr-081,近代オリンピック,9,ドーピング,0.04155027669324337
tr-081,近代オリンピック,10,冬季,0.039364696441546984
tr-081,近代オリンピック,11,スポンサー,0.0372472866358753
tr-081,近代オリンピック,12,アマチュア,0.035970989908686954
tr-081,近代オリンピック,13,ロサンゼルス,0.03191578000176382
tr-081,近代オリンピック,14,ボランティア,0.029764663690210684
tr-081,近代オリンピック,15,ギリシャ,0.02873071987331717
tr-081,近代オリンピック,16,スポーツ,0.02779748250482033
tr-081,近代オリンピック,17,聖火,0.027751452553818716
tr-081,近代オリンピック,18,五輪,0.02765828265975178
tr-081,近代オリンピック,19,国際,0.02757563803883527
tr-081,近代オリンピック,20,リオデジャネイロ,0.027088935735182035
tr-082,志摩町越賀,1,越賀,0.6158074172841685
tr-082,志摩町越賀,2,九鬼,0.23948066227717665
tr-082,志摩町越賀,3,志摩,0.21403315193288647
tr-082,志摩町越賀,4,古墳,0.1296344776317942
tr-082,志摩町越賀,5,縄文,0.10583557242614487
tr-082,志摩町越賀,6,鵜方,0.09778837303610845
tr-082,志摩町越賀,7,時代,0.08680900820427315
tr-082,志摩町越賀,8,和具,0.0684230463649076
tr-082,志摩町越賀,9,御座,0.0684230463649076
tr-082,志摩町越賀,10,野里,0.0684230463649076
tr-082,志摩町越賀,11,隆春,0.0684230463649076
tr-082,志摩町越賀,12,南部,0.06804150127903735
tr-082,志摩町越賀,13,漁業,0.0646498624117286
tr-082,志摩町越賀,14,遺跡,0.06346550899367005
tr-082,志摩町越賀,15,柳谷,0.0628999612608443
tr-082,志摩町越賀,16,御厨,0.06112192499539242
tr-082,志摩町越賀,17,イワシ,0.05844087131713575
tr-082,志摩町越賀,18,農業,0.055877322470530975
tr-082,志摩町越賀,19,大坂,0.05350828798322162
tr-082,志摩町越賀,20,外洋,0.051853791052717674
tr-083,還住_(青ヶ島),1,青ヶ島,0.8114010456880404
tr-083,還住_(青ヶ島),2,八丈島,0.41083020235843226
tr-083,還住_(青ヶ島),3,噴火,0.25575194404948487
tr-083,還住_(青ヶ島),4,島民,0.2528254323394553
tr-083,還住_(青ヶ島),5,天明,0.147370111429129
tr-083,還住_(青ヶ島),6,池之沢,0.12616480909158354
tr-083,還住_(青ヶ島),7,復興,0.11905176623355715
tr-083,還住_(青ヶ島),8,火山灰,0.10607957616405275
tr-083,還住_(青ヶ島),9,寛政,0.09052602339192341
tr-083,還住_(青ヶ島),10,名主,0.07048135764001823
tr-083,還住_(青ヶ島),11,ネズミ,0.06554308528022751
tr-083,還住_(青ヶ島),12,見分,0.06339505443736983
tr-083,還住_(青ヶ島),13,役所,0.052808824309584175
tr-083,還住_(青ヶ島),14,被害,0.051455960144295716
tr-083,還住_(青ヶ島),15,兵衛,0.0487873804939621
tr-083,還住_(青ヶ島),16,太夫,0.04813531699806663
tr-083,還住_(青ヶ島),17,報告,0.04510031618198452
tr-083,還住_(青ヶ島),18,噴出,0.040082662471466475
tr-083,還住_(青ヶ島),19,食糧,0.039735819933502
tr-083,還住_(青ヶ島),20,噴石,0.039426502841119856
tr-084,イルカ追い込み漁,1,追い込み,0.3439819669175446
tr-084,イルカ追い込み漁,2,イルカ,0.24136752930757588
tr-084,イルカ追い込み漁,3,小型,0.2007062369781771
tr-084,イルカ追い込み漁,4,ゴンドウクジラ,0.10553968213045246
tr-084,イルカ追い込み漁,5,静岡,0.10451400750606843
tr-084,イルカ追い込み漁,6,捕獲,0.0909531288846768
tr-084,イルカ追い込み漁,7,群れ,0.08863509910290811
tr-084,イルカ追い込み漁,8,太地,0.08635064901582475
tr-084,イルカ追い込み漁,9,フェロー,0.0655582511758707
tr-084,イルカ追い込み漁,10,貝塚,0.06237009525239601
tr-084,イルカ追い込み漁,11,明治,0.06163433481592052
tr-084,イルカ追い込み漁,12,食用,0.0587891292221635
tr-084,イルカ追い込み漁,13,川奈,0.05756709934388316
tr-084,イルカ追い込み漁,14,捕鯨,0.05314785468935749
tr-084,イルカ追い込み漁,15,諸島,0.052664462663342675
tr-084,イルカ追い込み漁,16,いるか,0.0479725827865693
tr-084,イルカ追い込み漁,17,海豚,0.0479725827865693
tr-084,イルカ追い込み漁,18,漁師,0.04452189164071905
tr-084,イルカ追い込み漁,19,漁獲,0.04180368979865314
tr-084,イルカ追い込み漁,20,獲物,0.041491823772050504
tr-085,遺伝子組み換え作物,1,換え,0.2522549401782724
tr-085,遺伝子組み換え作物,2,遺伝子,0.22761126834339662
tr-085,遺伝子組み換え作物,3,作物,0.20017785681901992
tr-085,遺伝子組み換え作物,4,ストレス,0.1050126424365269
tr-085,遺伝子組み換え作物,5,食品,0.09084395713962361
tr-085,遺伝子組み換え作物,6,パパイヤ,0.09043101629032406
tr-085,遺伝子組み換え作物,7,耐性,0.08641112804185039
tr-085,遺伝子組み換え作物,8,酵素,0.08408590238129306
tr-085,遺伝子組み換え作物,9,ウイルス,0.0782881230473374
tr-085,遺伝子組み換え作物,10,抵抗,0.07236770677843891
tr-085,遺伝子組み換え作物,11,除草,0.07139780418309946
tr-085,遺伝子組み換え作物,12,合成,0.07103233014990029
tr-085,遺伝子組み換え作物,13,栽培,0.06771821987284156
tr-085,遺伝子組み換え作物,14,品種,0.06656237130037987
tr-085,遺伝子組み換え作物,15,形質,0.06435722118148525
tr-085,遺伝子組み換え作物,16,植物,0.06206358313628609
tr-085,遺伝子組み換え作物,17,タンパク質,0.0544128888449601
tr-085,遺伝子組み換え作物,18,安全,0.051563269731109494
tr-085,遺伝子組み換え作物,19,開発,0.04997623270318619
tr-085,遺伝子組み換え作物,20,種子,0.049702420521987964
tr-086,リッチマン、プアウーマン,1,ドラマ,0.13544944231865583
tr-086,リッチマン、プアウーマン,2,日向,0.13116694300036352
tr-086,リッチマン、プアウーマン,3,放送,0.12018399885563995
tr-086,リッチマン、プアウーマン,4,プアウーマン,0.10601348541723339
tr-086,リッチマン、プアウーマン,5,配信,0.09565488721848588
tr-086,リッチマン、プアウーマン,6,リッチ,0.09054727592963625
tr-086,リッチマン、プアウーマン,7,フジテレビ,0.08744462866690901
tr-086,リッチマン、プアウーマン,8,企業,0.07646930882512287
tr-086,リッチマン、プアウーマン,9,視聴,0.0657393800561696
tr-086,リッチマン、プアウーマン,10,小栗,0.05829641911127269
tr-086,リッチマン、プアウーマン,11,増本,0.053006742708616696
tr-086,リッチマン、プアウーマン,12,撮影,0.05252934392448779
tr-086,リッチマン、プアウーマン,13,就職,0.05093989338269576
tr-086,リッチマン、プアウーマン,14,澤木,0.05050387167091197
tr-086,リッチマン、プアウーマン,15,千尋,0.05050387167091197
tr-086,リッチマン、プアウーマン,16,スペシャル,0.04622518537115922
tr-086,リッチマン、プアウーマン,17,石原,0.04527363796481813
tr-086,リッチマン、プアウーマン,18,実母,0.04527363796481813
tr-086,リッチマン、プアウーマン,19,主人公,0.04451883529586798
tr-086,リッチマン、プアウーマン,20,登場,0.04234005684601168
tr-087,檜洞丸,1,登山,0.24331917432239233
tr-087,檜洞丸,2,ツツジ,0.15518961115681065
tr-087,檜洞丸,3,丹沢,0.14106253811530586
tr-087,檜洞丸,4,丹沢山地,0.13879998360122692
tr-087,檜洞丸,5,オゾン,0.10685582856495134
tr-087,檜洞丸,6,山稜,0.10579690358647939
tr-087,檜洞丸,7,山頂,0.08491134457795198
tr-087,檜洞丸,8,新道,0.07439354987316352
tr-087,檜洞丸,9,衰退,0.07110141103399084
tr-087,檜洞丸,10,ルート,0.06166995970899938
tr-087,檜洞丸,11,食害,0.06106047346568647
tr-087,檜洞丸,12,登り,0.05954484479272814
tr-087,檜洞丸,13,尾根,0.058580455599722844
tr-087,檜洞丸,14,犬越路,0.055519993440490766
tr-087,檜洞丸,15,大気,0.05472400868175127
tr-087,檜洞丸,16,周辺,0.05457400611569816
tr-087,檜洞丸,17,山地,0.04985975808525319
tr-087,檜洞丸,18,稜線,0.04959569991544235
tr-087,檜洞丸,19,森林,0.04681113704867062
tr-087,檜洞丸,20,枯死,0.04655688334704319
tr-088,コンスタンティヌス1世,1,コンスタンティヌス,0.3344369722192995
tr-088,コンスタンティヌス1世,2,身分,0.12289838586822635
tr-088,コンスタンティヌス1世,3,ローマ帝国,0.11466093482175677
tr-088,コンスタンティヌス1世,4,キリスト,0.08793339478788043
tr-088,コンスタンティヌス1世,5,キリスト教,0.0843509420993521
tr-088,コンスタンティヌス1世,6,元老,0.0812930610449919
tr-088,コンスタンティヌス1世,7,国境,0.08055759125644658
tr-088,コンスタンティヌス1世,8,皇帝,0.07341922497483976
tr-088,コンスタンティヌス1世,9,コンスタンティウス・クロルス,0.06669586267025945
tr-088,コンスタンティヌス1世,10,ディオクレティアヌス,0.06354661911213778
tr-088,コンスタンティヌス1世,11,コンスタンティウス,0.06354661911213778
tr-088,コンスタンティヌス1世,12,コンスタンティノープル,0.050544860404784994
tr-088,コンスタンティヌス1世,13,ナイッスス,0.0500218970026946
tr-088,コンスタンティヌス1世,14,辺境,0.04963004071036649
tr-088,コンスタンティヌス1世,15,キリスト教徒,0.047078552811554555
tr-088,コンスタンティヌス1世,16,ヘレナ,0.04598414643632598
tr-088,コンスタンティヌス1世,17,都市,0.045123119159950265
tr-088,コンスタンティヌス1世,18,ローマ,0.043222580214112113
tr-088,コンスタンティヌス1世,19,その後,0.04199896826120179
tr-088,コンスタンティヌス1世,20,軍人,0.04185179962132212
tr-089,出口川のカドミウム汚染,1,出口,0.4360694321116159
tr-089,出口川のカドミウム汚染,2,採石,0.3475985474076083
tr-089,出口川のカドミウム汚染,3,カドミウム,0.2544815692343709
tr-089,出口川のカドミウム汚染,4,重金属,0.2014127465977146
tr-089,出口川のカドミウム汚染,5,汚染,0.18549535695115357
tr-089,出口川のカドミウム汚染,6,御調,0.12209135998288016
tr-089,出口川のカドミウム汚染,7,芦田川,0.1163264532325271
tr-089,出口川のカドミウム汚染,8,検出,0.11344839115358334
tr-089,出口川のカドミウム汚染,9,府中,0.10906352967187322
tr-089,出口川のカドミウム汚染,10,下流,0.10176713732564367
tr-089,出口川のカドミウム汚染,11,調査,0.09023622809678614
tr-089,出口川のカドミウム汚染,12,街道,0.0850862933651875
tr-089,出口川のカドミウム汚染,13,岩石,0.08312207054318535
tr-089,出口川のカドミウム汚染,14,広島,0.08267066724961313
tr-089,出口川のカドミウム汚染,15,鉱山,0.0802272986677175
tr-089,出口川のカドミウム汚染,16,荒谷,0.07755096882168475
tr-089,出口川のカドミウム汚染,17,上流,0.07216417364878983
tr-089,出口川のカドミウム汚染,18,鉱脈,0.07098085336614024
tr-089,出口川のカドミウム汚染,19,漏出,0.06951970948152168
tr-089,出口川のカドミウム汚染,20,カ所,0.06713758219923821
tr-090,ゴート戦争,1,ゴート,0.2444548495771782
tr-090,ゴート戦争,2,ベリサリウス,0.19910550567146618
tr-090,ゴート戦争,3,ローマ,0.17637410805949852
tr-090,ゴート戦争,4,ナルセス,0.12904100479064884
tr-090,ゴート戦争,5,テオドリック,0.10557900391962179
tr-090,ゴート戦争,6,ユスティニアヌス,0.10230163975584418
tr-090,ゴート戦争,7,イタリア,0.08818659337982122
tr-090,ゴート戦争,8,テオダハド,0.08211700304859472
tr-090,ゴート戦争,9,アリミヌム,0.08211700304859472
tr-090,ゴート戦争,10,ローマ帝国,0.08066991999071685
tr-090,ゴート戦争,11,アマラスンタ,0.07823960447378986
tr-090,ゴート戦争,12,ダルマチア,0.07161114782909093
tr-090,ゴート戦争,13,包囲,0.05888982733601337
tr-090,ゴート戦争,14,ウィティギス,0.05588543176699276
tr-090,ゴート戦争,15,ヨハネス,0.05569944958662172
tr-090,ゴート戦争,16,戦争,0.050147099783755325
tr-090,ゴート戦争,17,オドアケル,0.046924001742054126
tr-090,ゴート戦争,18,ゼノン,0.046924001742054126
tr-090,ゴート戦争,19,ムンドゥス,0.046924001742054126
tr-090,ゴート戦争,20,サロナ,0.046924001742054126
tr-091,ピュー,1,ピュー,0.7515445465396741
tr-091,ピュー,2,城郭,0.20632765074906403
tr-091,ピュー,3,ビルマ,0.1829823288259158
tr-091,ピュー,4,都市,0.15065417418070917
tr-091,ピュー,5,エーヤワディー,0.14586369419378467
tr-091,ピュー,6,シュリークシェートラ,0.13917491602586557
tr-091,ピュー,7,パガン,0.10608268668638884
tr-091,ピュー,8,流域,0.09466681271287036
tr-091,ピュー,9,世紀,0.07347477566066804
tr-091,ピュー,10,ベイッタノー,0.06958745801293278
tr-091,ピュー,11,旭日,0.06958745801293278
tr-091,ピュー,12,銀貨,0.06887858919305963
tr-091,ピュー,13,交易,0.06067892555335602
tr-091,ピュー,14,ドヴァーラヴァティー,0.055669966410346224
tr-091,ピュー,15,インド,0.05362161791618665
tr-091,ピュー,16,碑文,0.05134360227057869
tr-091,ピュー,17,出土,0.04764215654532978
tr-091,ピュー,18,時代,0.04540438748169786
tr-091,ピュー,19,思想,0.04400398620458502
tr-091,ピュー,20,文字,0.04334208968096859
tr-092,能動的三分間,1,椎名,0.3880786196035517
tr-092,能動的三分間,2,チャート,0.24781444173088127
tr-092,能動的三分間,3,バンド,0.1945735284511143
tr-092,能動的三分間,4,分間,0.17025183739472502
tr-092,能動的三分間,5,楽曲,0.15443293972738567
tr-092,能動的三分間,6,能動,0.12669666823935669
tr-092,能動的三分間,7,ビデオ,0.11712448500974863
tr-092,能動的三分間,8,シングル,0.10311386014425047
tr-092,能動的三分間,9,伊澤,0.09889165818191062
tr-092,能動的三分間,10,ムーン,0.09422219436492599
tr-092,能動的三分間,11,ウォーク,0.09090915706221835
tr-092,能動的三分間,12,事変,0.07568740074764269
tr-092,能動的三分間,13,音楽,0.07374898556434001
tr-092,能動的三分間,14,コマーシャル,0.0736161380702663
tr-092,能動的三分間,15,批評,0.06355899482144668
tr-092,能動的三分間,16,林檎,0.058892910456213046
tr-092,能動的三分間,17,バラエティ,0.056309630328602964
tr-092,能動的三分間,18,コーラス,0.056309630328602964
tr-092,能動的三分間,19,演奏,0.05415214337456299
tr-092,能動的三分間,20,リリース,0.050987962915474784
tr-093,ハンブルクの倉庫街とチリハウスを含む商館街,1,ハンブルク,0.25826062579563264
tr-093,ハンブルクの倉庫街とチリハウスを含む商館街,2,建築,0.16281463121906486
tr-093,ハンブルクの倉庫街とチリハウスを含む商館街,3,レンガ,0.133295806862262
tr-093,ハンブルクの倉庫街とチリハウスを含む商館街,4,倉庫,0.1239074417246951
tr-093,ハンブルクの倉庫街とチリハウスを含む商館街,5,商館,0.08449436977716314
tr-093,ハンブルクの倉庫街とチリハウスを含む商館街,6,ドイツ,0.08449419698794293
tr-093,ハンブルクの倉庫街とチリハウスを含む商館街,7,世紀,0.08183841725878842
tr-093,ハンブルクの倉庫街とチリハウスを含む商館街,8,様式,0.07079631662649781
tr-093,ハンブルクの倉庫街とチリハウスを含む商館街,9,ブロック,0.0693826506184151
tr-093,ハンブルクの倉庫街とチリハウスを含む商館街,10,シュパイヒャーシュタット,0.0671741250492509
tr-093,ハンブルクの倉庫街とチリハウスを含む商館街,11,建て,0.06531943532446399
tr-093,ハンブルクの倉庫街とチリハウスを含む商館街,12,ハウス,0.06364730815132104
tr-093,ハンブルクの倉庫街とチリハウスを含む商館街,13,貿易,0.05662715753314353
tr-093,ハンブルクの倉庫街とチリハウスを含む商館街,14,主義,0.053957965356625684
tr-093,ハンブルクの倉庫街とチリハウスを含む商館街,15,自由,0.04891038513558509
tr-093,ハンブルクの倉庫街とチリハウスを含む商館街,16,ハノーファー,0.04617350014354388
tr-093,ハンブルクの倉庫街とチリハウスを含む商館街,17,伝統,0.04547857703809882
tr-093,ハンブルクの倉庫街とチリハウスを含む商館街,18,コントーアハウス,0.044782750032833926
tr-093,ハンブルクの倉庫街とチリハウスを含む商館街,19,シューマッハー,0.04266819927346931
tr-093,ハンブルクの倉庫街とチリハウスを含む商館街,20,故郷,0.04124828928910075
tr-094,マクドネル・ダグラスMD-90,1,マクドネル・ダグラス,0.12929312952892977
tr-094,マクドネル・ダグラスMD-90,2,胴体,0.1058333339989907
tr-094,マクドネル・ダグラスMD-90,3,エンジン,0.09719578057010629
tr-094,マクドネル・ダグラスMD-90,4,開発,0.07747938673951756
tr-094,マクドネル・ダグラスMD-90,5,航空,0.07316223451423112
tr-094,マクドネル・ダグラスMD-90,6,機体,0.07264506748818933
tr-094,マクドネル・ダグラスMD-90,7,生産,0.06597262730083478
tr-094,マクドネル・ダグラスMD-90,8,尾翼,0.06197762644872447
tr-094,マクドネル・ダグラスMD-90,9,飛行,0.05538636065163503
tr-094,マクドネル・ダグラスMD-90,10,主翼,0.05486474562207972
tr-094,マクドネル・ダグラスMD-90,11,油圧,0.05329595350709772
tr-094,マクドネル・ダグラスMD-90,12,操縦,0.052244784894338675
tr-094,マクドネル・ダグラスMD-90,13,旅客機,0.050713236043330834
tr-094,マクドネル・ダグラスMD-90,14,コントロール,0.047966358156387945
tr-094,マクドネル・ダグラスMD-90,15,設計,0.04618320627785215
tr-094,マクドネル・ダグラスMD-90,16,離陸,0.045255718001352925
tr-094,マクドネル・ダグラスMD-90,17,中華人民共和国,0.040933499398727834
tr-094,マクドネル・ダグラスMD-90,18,航続,0.04057058883466467
tr-094,マクドネル・ダグラスMD-90,19,重量,0.0404014663280113
tr-094,マクドネル・ダグラスMD-90,20,受注,0.04022730489009149
tr-095,少年保護手続,1,少年,0.48100665552263394
tr-095,少年保護手続,2,審判,0.19585545807025131
tr-095,少年保護手続,3,非行,0.1830049938062221
tr-095,少年保護手続,4,送致,0.1691689836796337
tr-095,少年保護手続,5,保護,0.1345727444573412
tr-095,少年保護手続,6,措置,0.1326129186163302
tr-095,少年保護手続,7,手続,0.13137684263382096
tr-095,少年保護手続,8,虞犯,0.12374882414304876
tr-095,少年保護手続,9,裁判所,0.11485040961807685
tr-095,少年保護手続,10,犯罪,0.10744070577174931
tr-095,少年保護手続,11,鑑別,0.09023556337939867
tr-095,少年保護手続,12,触法,0.08608613853429478
tr-095,少年保護手続,13,家庭,0.08557991880908851
tr-095,少年保護手続,14,決定,0.07848147337010522
tr-095,少年保護手続,15,行為,0.06841837101670405
tr-095,少年保護手続,16,事件,0.06790384992856013
tr-095,少年保護手続,17,事実,0.06741080446327186
tr-095,少年保護手続,18,刑事,0.05109272819223947
tr-095,少年保護手続,19,検察官,0.05054988900583076
tr-095,少年保護手続,20,勾留,0.04946080913681678
tr-096,蓬莱社,1,蓬莱,0.38164854750204025
tr-096,蓬莱社,2,後藤,0.2039213104165179
tr-096,蓬莱社,3,大阪,0.124404360153792
tr-096,蓬莱社,4,明治,0.12179804981963781
tr-096,蓬莱社,5,製紙,0.11192150236490521
tr-096,蓬莱社,6,商人,0.09902849593916994
tr-096,蓬莱社,7,経営,0.087197618545316
tr-096,蓬莱社,8,製糖,0.0832053336680866
tr-096,蓬莱社,9,機械,0.07920338182797253
tr-096,蓬莱社,10,出資,0.07800941462814172
tr-096,蓬莱社,11,会社,0.07741431613947501
tr-096,蓬莱社,12,工場,0.07473137046800378
tr-096,蓬莱社,13,為替,0.06791045694722718
tr-096,蓬莱社,14,炭鉱,0.062178612424947335
tr-096,蓬莱社,15,業務,0.06164595685921326
tr-096,蓬莱社,16,象二,0.060604646005094374
tr-096,蓬莱社,17,資本,0.05645210064055306
tr-096,蓬莱社,18,貸し付け,0.05565707984404753
tr-096,蓬莱社,19,真島,0.05565707984404753
tr-096,蓬莱社,20,大名,0.05085154724173254
tr-097,プレスター・ジョン,1,プレスター・ジョン,0.5450012152796163
tr-097,プレスター・ジョン,2,モンゴル,0.13413120533121592
tr-097,プレスター・ジョン,3,エチオピア,0.09588405269197726
tr-097,プレスター・ジョン,4,インド,0.08779620943198717
tr-097,プレスター・ジョン,5,キリスト教徒,0.07506332723823714
tr-097,プレスター・ジョン,6,ケレイト,0.0664635628389776
tr-097,プレスター・ジョン,7,東方,0.06507601001387865
tr-097,プレスター・ジョン,8,書簡,0.06267201790282599
tr-097,プレスター・ジョン,9,世紀,0.05398182493764251
tr-097,プレスター・ジョン,10,グユク,0.05317085027118208
tr-097,プレスター・ジョン,11,ルブルック,0.05317085027118208
tr-097,プレスター・ジョン,12,ウンク,0.05317085027118208
tr-097,プレスター・ジョン,13,アジア,0.050877560595660905
tr-097,プレスター・ジョン,14,ジョン,0.04972483176453087
tr-097,プレスター・ジョン,15,伝説,0.048166206846443495
tr-097,プレスター・ジョン,16,イスラーム,0.046318905830894125
tr-097,プレスター・ジョン,17,教皇,0.04409226440324876
tr-097,プレスター・ジョン,18,マルコ,0.04261513452976767
tr-097,プレスター・ジョン,19,ヨハネ,0.042076364393608984
tr-097,プレスター・ジョン,20,ローマ,0.04134915568470788
tr-098,イヌの起源,1,オオカミ,0.6085166193636184
tr-098,イヌの起源,2,家畜,0.14708815097933772
tr-098,イヌの起源,3,遺跡,0.12328236517620596
tr-098,イヌの起源,4,動物,0.10675541593904281
tr-098,イヌの起源,5,祖先,0.10392027557196873
tr-098,イヌの起源,6,東アジア,0.09107739804489409
tr-098,イヌの起源,7,馴化,0.08140922597699243
tr-098,イヌの起源,8,起源,0.06372010195525894
tr-098,イヌの起源,9,配列,0.06204693593664107
tr-098,イヌの起源,10,品種,0.05992182051078973
tr-098,イヌの起源,11,ミトコンドリア,0.058731467015088155
tr-098,イヌの起源,12,ヨーロッパ,0.05715225441477835
tr-098,イヌの起源,13,ジャッカル,0.05696246977642392
tr-098,イヌの起源,14,塩基,0.05345792831923411
tr-098,イヌの起源,15,洞窟,0.05253565937138814
tr-098,イヌの起源,16,研究,0.05237012501829603
tr-098,イヌの起源,17,コヨーテ,0.05236447852892842
tr-098,イヌの起源,18,発見,0.05091637530791451
tr-098,イヌの起源,19,系統,0.05006710703787553
tr-098,イヌの起源,20,アラスカ,0.04776648728143293
tr-099,高句麗,1,高句麗,0.6022530171550134
tr-099,高句麗,2,都城,0.07396089684359813
tr-099,高句麗,3,公孫,0.0676167538073367
tr-099,高句麗,4,中国,0.06449028755317536
tr-099,高句麗,5,平壌,0.06339505443736983
tr-099,高句麗,6,朝鮮半島,0.060594422287345746
tr-099,高句麗,7,攻撃,0.0593722617049566
tr-099,高句麗,8,遼東,0.05634729483944725
tr-099,高句麗,9,東川,0.05634729483944725
tr-099,高句麗,10,在位,0.053213878354870535
tr-099,高句麗,11,世紀,0.0480334144761943
tr-099,高句麗,12,石塚,0.047311803409343836
tr-099,高句麗,13,那集,0.047311803409343836
tr-099,高句麗,14,慕容,0.047311803409343836
tr-099,高句麗,15,広開土王,0.045077835871557795
tr-099,高句麗,16,新た,0.04159678196609903
tr-099,高句麗,17,移転,0.0413518461185107
tr-099,高句麗,18,侵攻,0.04090500957908694
tr-099,高句麗,19,国史,0.0404095281008294
tr-099,高句麗,20,山城,0.0404095281008294
tr-100,マラッカ海峡,1,海峡,0.23816328126825093
tr-100,マラッカ海峡,2,マラッカ,0.18743614026861638
tr-100,マラッカ海峡,3,世紀,0.09235575419011825
tr-100,マラッカ海峡,4,ムラカ,0.08626302786005019
tr-100,マラッカ海峡,5,王国,0.08088053398057046
tr-100,マラッカ海峡,6,シュリーヴィジャヤ,0.0747180567186095
tr-100,マラッカ海峡,7,マレー半島,0.07233678313647136
tr-100,マラッカ海峡,8,スマトラ島,0.06698017671507339
tr-100,マラッカ海峡,9,スマトラ,0.06488174086221335
tr-100,マラッカ海峡,10,インド,0.06474469325692205
tr-100,マラッカ海峡,11,マレーシア,0.06028215904356605
tr-100,マラッカ海峡,12,アチェ,0.059774445374887596
tr-100,マラッカ海峡,13,シンガポール,0.05087011270682904
tr-100,マラッカ海峡,14,貿易,0.04847928240559431
tr-100,マラッカ海峡,15,インドネシア,0.048051388724964686
tr-100,マラッカ海峡,16,オランダ,0.04769318727692103
tr-100,マラッカ海峡,17,船舶,0.0475375227771729
tr-100,マラッカ海峡,18,海賊,0.04201399551395021
tr-100,マラッカ海峡,19,航路,0.03825645519037502
tr-100,マラッカ海峡,20,沿岸,0.037567473682549445
tr-101,彗星,1,彗星,0.8651971020517507
tr-101,彗星,2,軌道,0.23893005995178557
tr-101,彗星,3,太陽,0.22623280407012525
tr-101,彗星,4,周期,0.2253560902904263
tr-101,彗星,5,惑星,0.13205237582809912
tr-101,彗星,6,オールト,0.10332709450925963
tr-101,彗星,7,太陽系,0.10022821107304944
tr-101,彗星,8,天体,0.09237607531339602
tr-101,彗星,9,小惑星,0.07440548980377053
tr-101,彗星,10,木星,0.07318844351110985
tr-101,彗星,11,発見,0.07049959658018932
tr-101,彗星,12,楕円,0.05567268587359494
tr-101,彗星,13,摂動,0.05284134273424856
tr-101,彗星,14,重力,0.0501148328719024
tr-101,彗星,15,肉眼,0.04681055923927336
tr-101,彗星,16,天文,0.0429555710330592
tr-101,彗星,17,観測,0.041677686061924506
tr-101,彗星,18,非常,0.041042188539140996
tr-101,彗星,19,単位,0.040911702986574025
tr-101,彗星,20,傾斜,0.03924262154465952
tr-102,ミシェル・ノストラダムス師の予言集,1,ノストラダムス,0.5370030706282966
tr-102,ミシェル・ノストラダムス師の予言集,2,予言,0.5084942948656215
tr-102,ミシェル・ノストラダムス師の予言集,3,ミシェル,0.17144757042085745
tr-102,ミシェル・ノストラダムス師の予言集,4,レ・サンチュリ,0.14603898501353582
tr-102,ミシェル・ノストラダムス師の予言集,5,セザール,0.11131465592772435
tr-102,ミシェル・ノストラダムス師の予言集,6,タイトル,0.11038854058057058
tr-102,ミシェル・ノストラダムス師の予言集,7,サンチュリ,0.08762339100812147
tr-102,ミシェル・ノストラダムス師の予言集,8,出版,0.07544306824655203
tr-102,ミシェル・ノストラダムス師の予言集,9,占星術,0.07484009541122996
tr-102,ミシェル・ノストラダムス師の予言集,10,フランス語,0.07101763930352967
tr-102,ミシェル・ノストラダムス師の予言集,11,指摘,0.06913781873719158
tr-102,ミシェル・ノストラダムス師の予言集,12,未来,0.060336159891524244
tr-102,ミシェル・ノストラダムス師の予言集,13,世紀,0.059306562771627665
tr-102,ミシェル・ノストラダムス師の予言集,14,関連,0.057999451191033
tr-102,ミシェル・ノストラダムス師の予言集,15,他方,0.0570546943392032
tr-102,ミシェル・ノストラダムス師の予言集,16,語り口,0.05565732796386218
tr-102,ミシェル・ノストラダムス師の予言集,17,当時,0.05173324616184256
tr-102,ミシェル・ノストラダムス師の予言集,18,書誌,0.050942041021277515
tr-102,ミシェル・ノストラダムス師の予言集,19,散文,0.04898502012024499
tr-102,ミシェル・ノストラダムス師の予言集,20,驚異,0.044708770736419316
tr-103,インディアン戦争,1,インディアン,0.6907798972175432
tr-103,インディアン戦争,2,白人,0.1978076155182822
tr-103,インディアン戦争,3,戦争,0.15406506787578553
tr-103,インディアン戦争,4,入植,0.13793530429786424
tr-103,インディアン戦争,5,部族,0.09142337024427716
tr-103,インディアン戦争,6,植民,0.09008091382303221
tr-103,インディアン戦争,7,虐殺,0.06401006162267193
tr-103,インディアン戦争,8,保留,0.06366472998505295
tr-103,インディアン戦争,9,ピクォート,0.06267950597661244
tr-103,インディアン戦争,10,アメリカ,0.05940786710397653
tr-103,インディアン戦争,11,コロンブス,0.05170083884685862
tr-103,インディアン戦争,12,ウンデット・ニー,0.04700962948245934
tr-103,インディアン戦争,13,ポウハタン,0.04700962948245934
tr-103,インディアン戦争,14,土地,0.046968688823837014
tr-103,インディアン戦争,15,合衆国,0.04454150123363434
tr-103,インディアン戦争,16,酋長,0.04099532863208647
tr-103,インディアン戦争,17,世紀,0.038181305375602624
tr-103,インディアン戦争,18,疫病,0.03676253727314405
tr-103,インディアン戦争,19,辺境,0.03498102778171361
tr-103,インディアン戦争,20,数字,0.03388246558027847
tr-104,ドイツ共産党,1,スパルタ,0.21057237343065854
tr-104,ドイツ共産党,2,社民党,0.18035375535512738
tr-104,ドイツ共産党,3,ドイツ,0.14069554749145008
tr-104,ドイツ共産党,4,革命,0.14058696810982765
tr-104,ドイツ共産党,5,左派,0.12838840749937874
tr-104,ドイツ共産党,6,リープクネヒト,0.12073240518517968
tr-104,ドイツ共産党,7,オプロイテ,0.10564085453703223
tr-104,ドイツ共産党,8,急進,0.0978959110966218
tr-104,ドイツ共産党,9,労働,0.0868545260497572
tr-104,ドイツ共産党,10,主義,0.07273419934715623
tr-104,ドイツ共産党,11,勢力,0.0695552516536473
tr-104,ドイツ共産党,12,コミンテルン,0.0693668289827413
tr-104,ドイツ共産党,13,社会民主党,0.06740598934026143
tr-104,ドイツ共産党,14,指導,0.05984335997904497
tr-104,ドイツ共産党,15,非合法,0.05775210279660492
tr-104,ドイツ共産党,16,ルクセンブルク,0.05549346318619303
tr-104,ドイツ共産党,17,共産党,0.05438661727590101
tr-104,ドイツ共産党,18,戦争,0.05161009074405469
tr-104,ドイツ共産党,19,反戦,0.051559433042534526
tr-104,ドイツ共産党,20,運動,0.05035145141406971
tr-105,マヨルカ島,1,マヨルカ,0.43017655708368296
tr-105,マヨルカ島,2,バレアレス,0.2647240351284203
tr-105,マヨルカ島,3,諸島,0.1482722654020186
tr-105,マヨルカ島,4,パルマ,0.10082954563193401
tr-105,マヨルカ島,5,人口,0.09289611641988456
tr-105,マヨルカ島,6,地中海,0.07916779305575476
tr-105,マヨルカ島,7,山脈,0.07916779305575476
tr-105,マヨルカ島,8,トラムンターナ,0.07814340836113565
tr-105,マヨルカ島,9,平原,0.05922028007486817
tr-105,マヨルカ島,10,スペイン,0.05786912023667139
tr-105,マヨルカ島,11,山地,0.052632545440853724
tr-105,マヨルカ島,12,パルマ・デ・マヨルカ,0.05209560557409043
tr-105,マヨルカ島,13,摂氏,0.047005333860651304
tr-105,マヨルカ島,14,ローマ,0.045014416198721416
tr-105,マヨルカ島,15,投石,0.0444954257854431
tr-105,マヨルカ島,16,ヴァンダル,0.04297076797989665
tr-105,マヨルカ島,17,イベリア,0.0387656283607261
tr-105,マヨルカ島,18,冬季,0.037717867002447884
tr-105,マヨルカ島,19,石灰岩,0.03580897331658054
tr-105,マヨルカ島,20,フェニキア,0.03580897331658054
tr-106,アドルフ・ヒトラーの死,1,ヒトラー,0.4878152272276019
tr-106,アドルフ・ヒトラーの死,2,ベルリン,0.1043977203626666
tr-106,アドルフ・ヒトラーの死,3,総統,0.09427868803503396
tr-106,アドルフ・ヒトラーの死,4,死体,0.08417459292365342
tr-106,アドルフ・ヒトラーの死,5,自殺,0.078423170381732
tr-106,アドルフ・ヒトラーの死,6,赤軍,0.07070901602627547
tr-106,アドルフ・ヒトラーの死,7,ソ連,0.06763454345446275
tr-106,アドルフ・ヒトラーの死,8,エーファ,0.05881570081367058
tr-106,アドルフ・ヒトラーの死,9,エヴァ,0.05881570081367058
tr-106,アドルフ・ヒトラーの死,10,スメルシ,0.05881570081367058
tr-106,アドルフ・ヒトラーの死,11,居間,0.05603854253895712
tr-106,アドルフ・ヒトラーの死,12,化物,0.0540681173851778
tr-106,アドルフ・ヒトラーの死,13,シアン,0.050235132536305044
tr-106,アドルフ・ヒトラーの死,14,遺骸,0.04932053395668502
tr-106,アドルフ・ヒトラーの死,15,ドイツ,0.045693930663604505
tr-106,アドルフ・ヒトラーの死,16,ゲーリング,0.04055108803888335
tr-106,アドルフ・ヒトラーの死,17,スターリン,0.03940480267254323
tr-106,アドルフ・ヒトラーの死,18,埋葬,0.03883096977199743
tr-106,アドルフ・ヒトラーの死,19,ピストル,0.03767634940222878
tr-106,アドルフ・ヒトラーの死,20,エルベ,0.03638535062681317
tr-107,伊那市立図書館,1,図書館,0.42940531326585185
tr-107,伊那市立図書館,2,伊那,0.26027192416899086
tr-107,伊那市立図書館,3,高遠,0.2307829331495177
tr-107,伊那市立図書館,4,上伊那,0.1797116681822619
tr-107,伊那市立図書館,5,文庫,0.111711827290523
tr-107,伊那市立図書館,6,進徳,0.10938971106746377
tr-107,伊那市立図書館,7,長野,0.10732505452024592
tr-107,伊那市立図書館,8,図書,0.10418364764088145
tr-107,伊那市立図書館,9,市立,0.07676660693901188
tr-107,伊那市立図書館,10,開催,0.04591518490397114
tr-107,伊那市立図書館,11,建設,0.04555197480911585
tr-107,伊那市立図書館,12,蔵書,0.042101779347693324
tr-107,伊那市立図書館,13,長谷,0.03591421809934467
tr-107,伊那市立図書館,14,イベント,0.03472355479532965
tr-107,伊那市立図書館,15,開館,0.03458657259647001
tr-107,伊那市立図書館,16,地域,0.034254203633845584
tr-107,伊那市立図書館,17,設置,0.032287818723285525
tr-107,伊那市立図書館,18,分館,0.02907128180827882
tr-107,伊那市立図書館,19,歩き,0.02873137447947574
tr-107,伊那市立図書館,20,収集,0.02804606791427289
tr-108,オキチモズク,1,オキチモズク,0.38063352476932205
tr-108,オキチモズク,2,生育,0.22114374983626908
tr-108,オキチモズク,3,マイクロメートル,0.1679562795369353
tr-108,オキチモズク,4,チスジノリ,0.13702806891695593
tr-108,オキチモズク,5,同化,0.13097197085254866
tr-108,オキチモズク,6,吉泉,0.10657738693541018
tr-108,オキチモズク,7,発生,0.10174488966108228
tr-108,オキチモズク,8,絶滅,0.08699358674787375
tr-108,オキチモズク,9,胞子,0.07966468117157229
tr-108,オキチモズク,10,指定,0.07951150627232463
tr-108,オキチモズク,11,土黒川,0.07612670495386442
tr-108,オキチモズク,12,付着,0.06152906316903585
tr-108,オキチモズク,13,センチメートル,0.06090310040283442
tr-108,オキチモズク,14,形態,0.058791867056030005
tr-108,オキチモズク,15,志津川,0.058025724898494606
tr-108,オキチモズク,16,天然記念物,0.05664776366542275
tr-108,オキチモズク,17,平成,0.05607528182962173
tr-108,オキチモズク,18,確認,0.05578910593813307
tr-108,オキチモズク,19,熊本,0.055713716540796626
tr-108,オキチモズク,20,か所,0.054820267173518705
tr-109,東欧諸国のビザンティン建築,1,建築,0.2398632838319765
tr-109,東欧諸国のビザンティン建築,2,聖堂,0.19056543148610502
tr-109,東欧諸国のビザンティン建築,3,ビザンティン,0.16418010367910127
tr-109,東欧諸国のビザンティン建築,4,ブルガリア,0.15440186141638057
tr-109,東欧諸国のビザンティン建築,5,教会堂,0.14285072111636232
tr-109,東欧諸国のビザンティン建築,6,ローマ帝国,0.13533318892254714
tr-109,東欧諸国のビザンティン建築,7,修道院,0.11362854513189495
tr-109,東欧諸国のビザンティン建築,8,セルビア,0.11045696299585948
tr-109,東欧諸国のビザンティン建築,9,帝国,0.10576167554840613
tr-109,東欧諸国のビザンティン建築,10,世紀,0.09084369968077555
tr-109,東欧諸国のビザンティン建築,11,建設,0.06795695065414252
tr-109,東欧諸国のビザンティン建築,12,ドーム,0.06288118045343624
tr-109,東欧諸国のビザンティン建築,13,平面,0.062412071052075975
tr-109,東欧諸国のビザンティン建築,14,装飾,0.04462140828406494
tr-109,東欧諸国のビザンティン建築,15,ラシュカ,0.04329626379224827
tr-109,東欧諸国のビザンティン建築,16,コンスタンティノポリス,0.04314311382529727
tr-109,東欧諸国のビザンティン建築,17,中央,0.04206858850018346
tr-109,東欧諸国のビザンティン建築,18,スラヴ,0.041664793658939006
tr-109,東欧諸国のビザンティン建築,19,ステファン,0.041251901902627265
tr-109,東欧諸国のビザンティン建築,20,モラヴァ,0.03608021982687355
tr-110,富山市立図書館,1,富山,0.5490446117908292
tr-110,富山市立図書館,2,図書館,0.36379730645642533
tr-110,富山市立図書館,3,平成,0.08079071848590814
tr-110,富山市立図書館,4,文庫,0.0804161251013852
tr-110,富山市立図書館,5,市立,0.07978262648604838
tr-110,富山市立図書館,6,本館,0.07662004596145502
tr-110,富山市立図書館,7,移転,0.07570743766676444
tr-110,富山市立図書館,8,昭和,0.07379686762469727
tr-110,富山市立図書館,9,分館,0.07031491324852474
tr-110,富山市立図書館,10,県立,0.05929484678124042
tr-110,富山市立図書館,11,町村,0.05727131351343125
tr-110,富山市立図書館,12,寄贈,0.05270294232063097
tr-110,富山市立図書館,13,開館,0.052284241105255216
tr-110,富山市立図書館,14,岩倉,0.051502613687261306
tr-110,富山市立図書館,15,下新川,0.04724672527535574
tr-110,富山市立図書館,16,盛田,0.04501583059525579
tr-110,富山市立図書館,17,書籍,0.04499255655735973
tr-110,富山市立図書館,18,山田,0.04357496918974835
tr-110,富山市立図書館,19,サービス,0.04351779626511729
tr-110,富山市立図書館,20,開設,0.042267040572183036
tr-111,グレート・バリア・リーフ,1,グレート・バリア・リーフ,0.24775368940350953
tr-111,グレート・バリア・リーフ,2,サンゴ,0.15773293306440828
tr-111,グレート・バリア・リーフ,3,暗礁,0.14869423928650918
tr-111,グレート・バリア・リーフ,4,サンゴ礁,0.1379808101692136
tr-111,グレート・バリア・リーフ,5,リーフ,0.10222728950947506
tr-111,グレート・バリア・リーフ,6,クイーンズランド,0.07013764244489623
tr-111,グレート・バリア・リーフ,7,海洋,0.06439331533866617
tr-111,グレート・バリア・リーフ,8,珊瑚,0.053127449420050266
tr-111,グレート・バリア・リーフ,9,観光,0.05261254211644212
tr-111,グレート・バリア・リーフ,10,形成,0.05114162658949402
tr-111,グレート・バリア・リーフ,11,成長,0.050210053170581935
tr-111,グレート・バリア・リーフ,12,北部,0.04664963419675161
tr-111,グレート・バリア・リーフ,13,公園,0.046562628204794655
tr-111,グレート・バリア・リーフ,14,繁殖,0.039946259955480144
tr-111,グレート・バリア・リーフ,15,オーストラリア,0.03856503604037443
tr-111,グレート・バリア・リーフ,16,生息,0.03780136407732924
tr-111,グレート・バリア・リーフ,17,海岸,0.03749625878082969
tr-111,グレート・バリア・リーフ,18,上昇,0.036648395779284346
tr-111,グレート・バリア・リーフ,19,堆積,0.035399987680952955
tr-111,グレート・バリア・リーフ,20,地域,0.03333415270979601
tr-112,コーヒーの歴史,1,コーヒー,0.8360120261666949
tr-112,コーヒーの歴史,2,ハウス,0.11039129853481636
tr-112,コーヒーの歴史,3,飲用,0.10536554816260214
tr-112,コーヒーの歴史,4,飲み物,0.09116533395246579
tr-112,コーヒーの歴史,5,イエメン,0.06938413495708115
tr-112,コーヒーの歴史,6,イスラーム,0.06615922509232837
tr-112,コーヒーの歴史,7,世紀,0.06308549350501579
tr-112,コーヒーの歴史,8,エチオピア,0.06225235983820835
tr-112,コーヒーの歴史,9,トルコ,0.06181403065091564
tr-112,コーヒーの歴史,10,オスマン,0.05594640635830696
tr-112,コーヒーの歴史,11,スーフィー,0.053965438299952005
tr-112,コーヒーの歴史,12,ヨーロッパ,0.05387820566940914
tr-112,コーヒーの歴史,13,メッカ,0.04780636175575372
tr-112,コーヒーの歴史,14,カイロ,0.046236507625905005
tr-112,コーヒーの歴史,15,カフワ,0.041113704576320305
tr-112,コーヒーの歴史,16,ワイン,0.036550936730578784
tr-112,コーヒーの歴史,17,飲料,0.036314429917594176
tr-112,コーヒーの歴史,18,カフヴェハーネ,0.034520974145913194
tr-112,コーヒーの歴史,19,商人,0.03420079622202489
tr-112,コーヒーの歴史,20,牛乳,0.033745176592433736
tr-113,富岡製糸場,1,製糸,0.49950987181040934
tr-113,富岡製糸場,2,富岡,0.2826084795181697
tr-113,富岡製糸場,3,生糸,0.1364361718296508
tr-113,富岡製糸場,4,器械,0.13295065495976352
tr-113,富岡製糸場,5,ブリューナ,0.11750757909931239
tr-113,富岡製糸場,6,工場,0.0999503159200546
tr-113,富岡製糸場,7,官営,0.09140357528483743
tr-113,富岡製糸場,8,速水,0.09039044546100952
tr-113,富岡製糸場,9,明治,0.08933235572509937
tr-113,富岡製糸場,10,尾高,0.0775101525223049
tr-113,富岡製糸場,11,繰糸,0.06327331182270667
tr-113,富岡製糸場,12,建設,0.06080358742739068
tr-113,富岡製糸場,13,所長,0.050394969544012805
tr-113,富岡製糸場,14,輸出,0.04945070357819461
tr-113,富岡製糸場,15,遺産,0.0417915906174277
tr-113,富岡製糸場,16,政府,0.03631738857811143
tr-113,富岡製糸場,17,エシュト・リリアンタール,0.03615617818440381
tr-113,富岡製糸場,18,フランス,0.03615544131470754
tr-113,富岡製糸場,19,導入,0.0353064687505134
tr-113,富岡製糸場,20,外国,0.034230077450403684
tr-114,不思議の国のアリスの挿絵,1,アリス,0.5289184098116819
tr-114,不思議の国のアリスの挿絵,2,テニエル,0.49864570844056105
tr-114,不思議の国のアリスの挿絵,3,挿絵,0.46055830581541735
tr-114,不思議の国のアリスの挿絵,4,キャロル,0.3205485599977019
tr-114,不思議の国のアリスの挿絵,5,出版,0.07759858448216779
tr-114,不思議の国のアリスの挿絵,6,画家,0.06530782629482312
tr-114,不思議の国のアリスの挿絵,7,イメージ,0.06009452028350738
tr-114,不思議の国のアリスの挿絵,8,不思議,0.058524227029488514
tr-114,不思議の国のアリスの挿絵,9,パンチ,0.04602883462528256
tr-114,不思議の国のアリスの挿絵,10,木版,0.04276576880641712
tr-114,不思議の国のアリスの挿絵,11,物語,0.042732860157580856
tr-114,不思議の国のアリスの挿絵,12,仕事,0.038662627653010304
tr-114,不思議の国のアリスの挿絵,13,ラファエル,0.038357362187735465
tr-114,不思議の国のアリスの挿絵,14,依頼,0.03486452053457033
tr-114,不思議の国のアリスの挿絵,15,アリス・リデル,0.03338033943166532
tr-114,不思議の国のアリスの挿絵,16,パドコック,0.03338033943166532
tr-114,不思議の国のアリスの挿絵,17,ラッカム,0.03338033943166532
tr-114,不思議の国のアリスの挿絵,18,風刺,0.031621237984043093
tr-114,不思議の国のアリスの挿絵,19,挿話,0.029818470697460638
tr-114,不思議の国のアリスの挿絵,20,当時,0.02956185494962432
tr-115,東京うど,1,栽培,0.26043394185408714
tr-115,東京うど,2,穴蔵,0.17524678201624294
tr-115,東京うど,3,東京,0.1370162289841699
tr-115,東京うど,4,軟化,0.12102181441472291
tr-115,東京うど,5,根株,0.10804069545926187
tr-115,東京うど,6,武蔵野,0.10373298378404822
tr-115,東京うど,7,出荷,0.09972182549696988
tr-115,東京うど,8,高橋,0.0856859782354955
tr-115,東京うど,9,野菜,0.08469208332812045
tr-115,東京うど,10,品種,0.07229463338936817
tr-115,東京うど,11,昭和,0.06936046898921126
tr-115,東京うど,12,産地,0.0677389356498135
tr-115,東京うど,13,江戸,0.0657153511845487
tr-115,東京うど,14,料理,0.06518717764280663
tr-115,東京うど,15,北多摩,0.056859148654760806
tr-115,東京うど,16,所沢,0.056859148654760806
tr-115,東京うど,17,練馬,0.05154317118124793
tr-115,東京うど,18,生産,0.049895264345169166
tr-115,東京うど,19,原産,0.049572707514219536
tr-115,東京うど,20,吉祥寺,0.04910940702693722
tr-116,ゴローニン事件,1,ゴローニン,0.34450444666788926
tr-116,ゴローニン事件,2,松前,0.16421282605542856
tr-116,ゴローニン事件,3,嘉兵衛,0.1403536634572882
tr-116,ゴローニン事件,4,ロシア,0.11545625269946475
tr-116,ゴローニン事件,5,リコルド,0.11483481555596307
tr-116,ゴローニン事件,6,千島,0.09118337696192272
tr-116,ゴローニン事件,7,ディアナ,0.08210641302771428
tr-116,ゴローニン事件,8,奉行,0.0810583552308898
tr-116,ゴローニン事件,9,アイヌ,0.07067953929713959
tr-116,ゴローニン事件,10,オホーツク,0.07037692545232653
tr-116,ゴローニン事件,11,漂流,0.06984699998998542
tr-116,ゴローニン事件,12,ペトロパブロフスク,0.060784748964990636
tr-116,ゴローニン事件,13,文化,0.05954294117075933
tr-116,ゴローニン事件,14,カムチャツカ,0.058647437876938775
tr-116,ゴローニン事件,15,国後,0.058647437876938775
tr-116,ゴローニン事件,16,事件,0.055741850518564284
tr-116,ゴローニン事件,17,陣屋,0.053497756000564736
tr-116,ゴローニン事件,18,蝦夷,0.051839928724827664
tr-116,ゴローニン事件,19,国後島,0.05103769580265025
tr-116,ゴローニン事件,20,フヴォストフ,0.05103769580265025
tr-117,薔薇戦争,1,ヨーク,0.38618281966165374
tr-117,薔薇戦争,2,ランカスター,0.35308380810001094
tr-117,薔薇戦争,3,エドワード,0.24384144869052576
tr-117,薔薇戦争,4,ヘンリー,0.20326214478205454
tr-117,薔薇戦争,5,ウォリック,0.16460879844337198
tr-117,薔薇戦争,6,イングランド,0.1532299106292965
tr-117,薔薇戦争,7,マーガレット,0.1337569534765841
tr-117,薔薇戦争,8,戦い,0.12374297703647757
tr-117,薔薇戦争,9,薔薇,0.11502872136862641
tr-117,薔薇戦争,10,リチャード,0.11471698338693011
tr-117,薔薇戦争,11,王妃,0.11269729299093344
tr-117,薔薇戦争,12,プランタジネット,0.09802941325139615
tr-117,薔薇戦争,13,テューダー,0.09802941325139615
tr-117,薔薇戦争,14,戦争,0.09382153876475119
tr-117,薔薇戦争,15,内乱,0.0831648661612277
tr-117,薔薇戦争,16,傍流,0.08230439922168599
tr-117,薔薇戦争,17,闘争,0.07601322669879419
tr-117,薔薇戦争,18,権力,0.06467388874351108
tr-117,薔薇戦争,19,即位,0.06212650340650801
tr-117,薔薇戦争,20,エリザベス,0.05976725618178045
tr-118,マーシャル・プラン,1,援助,0.2213161957882215
tr-118,マーシャル・プラン,2,マーシャル,0.16178814879905729
tr-118,マーシャル・プラン,3,トルコ,0.14668691476714898
tr-118,マーシャル・プラン,4,ギリシャ,0.14405263714260413
tr-118,マーシャル・プラン,5,トルーマン,0.10186568542084078
tr-118,マーシャル・プラン,6,アメリカ,0.09489775204743575
tr-118,マーシャル・プラン,7,国務省,0.09245037074231845
tr-118,マーシャル・プラン,8,経済,0.07147600926080674
tr-118,マーシャル・プラン,9,ソ連,0.06966238690900572
tr-118,マーシャル・プラン,10,復興,0.06402339428560185
tr-118,マーシャル・プラン,11,覚書,0.05866481963138342
tr-118,マーシャル・プラン,12,ヨーロッパ,0.05318334785819651
tr-118,マーシャル・プラン,13,中国,0.05254764170999473
tr-118,マーシャル・プラン,14,長官,0.04786449662206054
tr-118,マーシャル・プラン,15,軍事,0.047835593592675356
tr-118,マーシャル・プラン,16,計画,0.0460158014127683
tr-118,マーシャル・プラン,17,国務,0.04248360633677456
tr-118,マーシャル・プラン,18,イギリス,0.04030577762534631
tr-118,マーシャル・プラン,19,ケナン,0.03975505703146252
tr-118,マーシャル・プラン,20,演説,0.03766781277165373
tr-119,ツキヨタケ,1,ツキヨタケ,0.24699251956793178
tr-119,ツキヨタケ,2,実体,0.19926736486650604
tr-119,ツキヨタケ,3,イルジン,0.1512192358026952
tr-119,ツキヨタケ,4,菌糸,0.14894236109879166
tr-119,ツキヨタケ,5,発光,0.09654616159745892
tr-119,ツキヨタケ,6,培地,0.089365416659275
tr-119,ツキヨタケ,7,きのこ,0.0720394848739801
tr-119,ツキヨタケ,8,中毒,0.06548579398355792
tr-119,ツキヨタケ,9,ムキタケ,0.0648082439154408
tr-119,ツキヨタケ,10,症状,0.05790066892819812
tr-119,ツキヨタケ,11,成分,0.05553750323182175
tr-119,ツキヨタケ,12,キノコ,0.05434564496359256
tr-119,ツキヨタケ,13,下痢,0.0519422205777923
tr-119,ツキヨタケ,14,誘引,0.051456774909985785
tr-119,ツキヨタケ,15,胞子,0.04709735868004902
tr-119,ツキヨタケ,16,枯れ木,0.043205495943627194
tr-119,ツキヨタケ,17,シイタケ,0.043205495943627194
tr-119,ツキヨタケ,18,培養,0.04176844131912322
tr-119,ツキヨタケ,19,ヒラタケ,0.041165419927988625
tr-119,ツキヨタケ,20,褐色,0.036768882357677383
tr-120,ヨセミテ国立公園,1,ヨセミテ,0.4385525076797755
tr-120,ヨセミテ国立公園,2,公園,0.17944556415261204
tr-120,ヨセミテ国立公園,3,渓谷,0.1686875821591864
tr-120,ヨセミテ国立公園,4,メートル,0.12523711269001175
tr-120,ヨセミテ国立公園,5,氷河,0.12243842972194324
tr-120,ヨセミテ国立公園,6,シエラネバダ,0.09827780433258547
tr-120,ヨセミテ国立公園,7,アワニチ,0.07736119206122437
tr-120,ヨセミテ国立公園,8,花崗岩,0.07490350824783697
tr-120,ヨセミテ国立公園,9,国立,0.06742946024604675
tr-120,ヨセミテ国立公園,10,トゥオルミ,0.05157412804081625
tr-120,ヨセミテ国立公園,11,パイユート,0.05157412804081625
tr-120,ヨセミテ国立公園,12,アワニー,0.05157412804081625
tr-120,ヨセミテ国立公園,13,ミウォク,0.05157412804081625
tr-120,ヨセミテ国立公園,14,カリフォルニア,0.050150157050914794
tr-120,ヨセミテ国立公園,15,降水,0.049721075528489075
tr-120,ヨセミテ国立公園,16,山脈,0.047025193592877754
tr-120,ヨセミテ国立公園,17,標高,0.04520323984067148
tr-120,ヨセミテ国立公園,18,植生,0.04492794769783424
tr-120,ヨセミテ国立公園,19,岩石,0.0438907829945248
tr-120,ヨセミテ国立公園,20,マリポサ,0.038680596030612184
tr-121,バーレーンの真珠採取業,1,真珠,0.5097995133898824
tr-121,バーレーンの真珠採取業,2,採取,0.35199948372258166
tr-121,バーレーンの真珠採取業,3,バーレーン,0.34268595646859645
tr-121,バーレーンの真珠採取業,4,潜水,0.17127849445284582
tr-121,バーレーンの真珠採取業,5,真珠貝,0.09995007063667395
tr-121,バーレーンの真珠採取業,6,ディルムン,0.06743789779159087
tr-121,バーレーンの真珠採取業,7,世紀,0.060859090592874455
tr-121,バーレーンの真珠採取業,8,ルシア,0.05562577163889762
tr-121,バーレーンの真珠採取業,9,ペルシア,0.05400695502615649
tr-121,バーレーンの真珠採取業,10,湾岸,0.05161405208052596
tr-121,バーレーンの真珠採取業,11,養殖,0.0446064065721444
tr-121,バーレーンの真珠採取業,12,商人,0.03817852532638156
tr-121,バーレーンの真珠採取業,13,漁場,0.037083847759265084
tr-121,バーレーンの真珠採取業,14,産業,0.035617597154392146
tr-121,バーレーンの真珠採取業,15,単位,0.03553636828851257
tr-121,バーレーンの真珠採取業,16,天然,0.032913555330468205
tr-121,バーレーンの真珠採取業,17,言及,0.031094322252448493
tr-121,バーレーンの真珠採取業,18,断食,0.029972399018484835
tr-121,バーレーンの真珠採取業,19,チャウ,0.029972399018484835
tr-121,バーレーンの真珠採取業,20,石油,0.029682311972312175
tr-122,カール・グスタフ・エミール・マンネルヘイム,1,マンネルヘイム,0.40714661856359896
tr-122,カール・グスタフ・エミール・マンネルヘイム,2,フィンランド,0.22662721718115997
tr-122,カール・グスタフ・エミール・マンネルヘイム,3,カール,0.11105829987738704
tr-122,カール・グスタフ・エミール・マンネルヘイム,4,グスタフ・エミール・マンネルヘイム,0.11103998688098153
tr-122,カール・グスタフ・エミール・マンネルヘイム,5,騎兵,0.11017013347344284
tr-122,カール・グスタフ・エミール・マンネルヘイム,6,スウェーデン,0.09475948043857911
tr-122,カール・グスタフ・エミール・マンネルヘイム,7,家計,0.08787068339958426
tr-122,カール・グスタフ・エミール・マンネルヘイム,8,マンネルハイム,0.07402665792065435
tr-122,カール・グスタフ・エミール・マンネルヘイム,9,ヘドウィグ・シャルロッタ・ヘレネ・フォン・ユーリン,0.07402665792065435
tr-122,カール・グスタフ・エミール・マンネルヘイム,10,マーヘイム,0.07402665792065435
tr-122,カール・グスタフ・エミール・マンネルヘイム,11,ハミナ,0.07402665792065435
tr-122,カール・グスタフ・エミール・マンネルヘイム,12,アナスタシエ,0.07402665792065435
tr-122,カール・グスタフ・エミール・マンネルヘイム,13,叔父,0.07366449001163457
tr-122,カール・グスタフ・エミール・マンネルヘイム,14,学校,0.07047039049078689
tr-122,カール・グスタフ・エミール・マンネルヘイム,15,アナスタシア,0.06612759988725646
tr-122,カール・グスタフ・エミール・マンネルヘイム,16,素行,0.06455586232868789
tr-122,カール・グスタフ・エミール・マンネルヘイム,17,戦争,0.06328909834777396
tr-122,カール・グスタフ・エミール・マンネルヘイム,18,厩舎,0.06207584446272425
tr-122,カール・グスタフ・エミール・マンネルヘイム,19,ロシア,0.05910399954366615
tr-122,カール・グスタフ・エミール・マンネルヘイム,20,ロベルト,0.058580455599722844
tr-123,フン族,1,ゴート,0.23217546788386678
tr-123,フン族,2,ローマ,0.18236804326484415
tr-123,フン族,3,ウルディン,0.1655343097599211
tr-123,フン族,4,ローマ帝国,0.11641915288035984
tr-123,フン族,5,彼ら,0.09477426430453932
tr-123,フン族,6,アラン,0.0818714801152753
tr-123,フン族,7,世紀,0.06722363163318952
tr-123,フン族,8,クーノイ,0.062075366159970405
tr-123,フン族,9,ヴィティメール,0.062075366159970405
tr-123,フン族,10,アタナリック,0.062075366159970405
tr-123,フン族,11,アッティラ,0.05545157773678373
tr-123,フン族,12,西方,0.05490814998457581
tr-123,フン族,13,ヴォルガ,0.05413359057923707
tr-123,フン族,14,トラキア,0.05120251750857564
tr-123,フン族,15,ドナウ,0.049122888069165184
tr-123,フン族,16,アルメニア,0.04704325862975471
tr-123,フン族,17,難民,0.04660500835156362
tr-123,フン族,18,ヨーロッパ,0.046134952358917465
tr-123,フン族,19,民族,0.045969927641821694
tr-123,フン族,20,グルツンギ,0.04138357743998027
tr-124,シェトランド諸島,1,シェトランド,0.454956100686992
tr-124,シェトランド諸島,2,スコットランド,0.16064148415430893
tr-124,シェトランド諸島,3,諸島,0.14561227705805282
tr-124,シェトランド諸島,4,オークニー,0.13648683020609761
tr-124,シェトランド諸島,5,ノルウェー,0.07210123654640387
tr-124,シェトランド諸島,6,時代,0.057696441306163276
tr-124,シェトランド諸島,7,世紀,0.051710485871684246
tr-124,シェトランド諸島,8,ピクト,0.03657991259608878
tr-124,シェトランド諸島,9,石器,0.03654600165850031
tr-124,シェトランド諸島,10,伯爵,0.03627388351871492
tr-124,シェトランド諸島,11,商人,0.0360437359893179
tr-124,シェトランド諸島,12,ランド,0.035532165383464424
tr-124,シェトランド諸島,13,ノース,0.035532165383464424
tr-124,シェトランド諸島,14,鉄器,0.03398669763809331
tr-124,シェトランド諸島,15,ノルド,0.030330406712466135
tr-124,シェトランド諸島,16,フェトラー,0.030330406712466135
tr-124,シェトランド諸島,17,メイン,0.030314725317145994
tr-124,シェトランド諸島,18,ブロッホ,0.028436706531683963
tr-124,シェトランド諸島,19,人口,0.02838253294385722
tr-124,シェトランド諸島,20,植物,0.026966205934268045
tr-125,タイ王国の便所,1,便所,0.8115270702859397
tr-125,タイ王国の便所,2,公衆,0.28514886303775255
tr-125,タイ王国の便所,3,衛生,0.13063925339350266
tr-125,タイ王国の便所,4,排泄,0.12701556728164204
tr-125,タイ王国の便所,5,便器,0.09362873244793044
tr-125,タイ王国の便所,6,水洗,0.08920777332525573
tr-125,タイ王国の便所,7,排便,0.08920777332525573
tr-125,タイ王国の便所,8,バンコク,0.08607105290911482
tr-125,タイ王国の便所,9,項目,0.0745719954311716
tr-125,タイ王国の便所,10,建設,0.07197932468040016
tr-125,タイ王国の便所,11,保健,0.06748345688782358
tr-125,タイ王国の便所,12,便座,0.06687766603423602
tr-125,タイ王国の便所,13,計画,0.06386305149342142
tr-125,タイ王国の便所,14,王国,0.06207769956219018
tr-125,タイ王国の便所,15,設置,0.06141279469866872
tr-125,タイ王国の便所,16,アクセシビリティ,0.05350213282738882
tr-125,タイ王国の便所,17,政府,0.04776949691824972
tr-125,タイ王国の便所,18,トイレ,0.04486478478302812
tr-125,タイ王国の便所,19,平民,0.04486478478302812
tr-125,タイ王国の便所,20,会議,0.04088752075623757
tr-126,犬小屋_(江戸幕府),1,小屋,0.4286908955098695
tr-126,犬小屋_(江戸幕府),2,中野,0.21918274893552772
tr-126,犬小屋_(江戸幕府),3,元禄,0.20077928017550853
tr-126,犬小屋_(江戸幕府),4,収容,0.13631728415304076
tr-126,犬小屋_(江戸幕府),5,御用,0.09025172014992318
tr-126,犬小屋_(江戸幕府),6,江戸,0.08984627915607576
tr-126,犬小屋_(江戸幕府),7,子犬,0.0824078952936983
tr-126,犬小屋_(江戸幕府),8,喜多見,0.07687638602323997
tr-126,犬小屋_(江戸幕府),9,病犬,0.07687638602323997
tr-126,犬小屋_(江戸幕府),10,野犬,0.07067095020802111
tr-126,犬小屋_(江戸幕府),11,屋敷,0.0673129052753463
tr-126,犬小屋_(江戸幕府),12,四谷,0.06704100295548607
tr-126,犬小屋_(江戸幕府),13,養育,0.061888611892408636
tr-126,犬小屋_(江戸幕府),14,幕府,0.05856685517851483
tr-126,犬小屋_(江戸幕府),15,集成,0.05653676016641689
tr-126,犬小屋_(江戸幕府),16,目付,0.05252876884727331
tr-126,犬小屋_(江戸幕府),17,担当,0.04390992997456372
tr-126,犬小屋_(江戸幕府),18,部屋,0.03859208022377957
tr-126,犬小屋_(江戸幕府),19,実紀,0.038438193011619985
tr-126,犬小屋_(江戸幕府),20,奉行,0.0379852692223935
tr-127,ある心の風景,1,梶井,0.3106947042033319
tr-127,ある心の風景,2,基次郎,0.3106947042033319
tr-127,ある心の風景,3,風景,0.28438875206208625
tr-127,ある心の風景,4,作品,0.20611409349440143
tr-127,ある心の風景,5,短編,0.14800638721191656
tr-127,ある心の風景,6,感覚,0.1442207736936643
tr-127,ある心の風景,7,自己,0.13641567598089172
tr-127,ある心の風景,8,収録,0.13491128558922588
tr-127,ある心の風景,9,意識,0.11886764609329817
tr-127,ある心の風景,10,モノローグ,0.1086973711239988
tr-127,ある心の風景,11,檸檬,0.1086973711239988
tr-127,ある心の風景,12,三高,0.10356490140111063
tr-127,ある心の風景,13,気持,0.10356490140111063
tr-127,ある心の風景,14,交感,0.09992335618020201
tr-127,ある心の風景,15,鬱屈,0.09992335618020201
tr-127,ある心の風景,16,俯瞰,0.09992335618020201
tr-127,ある心の風景,17,自我,0.09992335618020201
tr-127,ある心の風景,18,一部分,0.09992335618020201
tr-127,ある心の風景,19,青空,0.09709875426483226
tr-127,ある心の風景,20,実感,0.09479088645731386
tr-128,蓮田善明,1,蓮田,0.2592769186485551
tr-128,蓮田善明,2,国文学,0.13183943715013724
tr-128,蓮田善明,3,文藝,0.10141968954473259
tr-128,蓮田善明,4,善明,0.10082991280777144
tr-128,蓮田善明,5,清水,0.09806826305277783
tr-128,蓮田善明,6,栗山,0.08338674441798548
tr-128,蓮田善明,7,文雄,0.08102959422804665
tr-128,蓮田善明,8,同人,0.08099529064749203
tr-128,蓮田善明,9,理一,0.07202136629126532
tr-128,蓮田善明,10,国語,0.07093616347071457
tr-128,蓮田善明,11,植木,0.06752466185670554
tr-128,蓮田善明,12,広島,0.061420812639677365
tr-128,蓮田善明,13,成城,0.060472481118281025
tr-128,蓮田善明,14,高等,0.05947402362978239
tr-128,蓮田善明,15,学校,0.05756736124599492
tr-128,蓮田善明,16,文化,0.05643999916608596
tr-128,蓮田善明,17,曼派,0.05559116294532366
tr-128,蓮田善明,18,熊本,0.05532136642431214
tr-128,蓮田善明,19,卒業,0.05073488751631313
tr-128,蓮田善明,20,転任,0.05070984477236629
tr-129,木星,1,木星,0.6348920938504992
tr-129,木星,2,衛星,0.21929372128108346
tr-129,木星,3,惑星,0.17898789191763825
tr-129,木星,4,観測,0.13073684715463235
tr-129,木星,5,地球,0.10104127675119133
tr-129,木星,6,公転,0.09772625218994124
tr-129,木星,7,発見,0.09675180980253924
tr-129,木星,8,エウロパ,0.09621391953832947
tr-129,木星,9,太陽,0.09199289091740387
tr-129,木星,10,軌道,0.08744037067983412
tr-129,木星,11,プローブ,0.0687531698377121
tr-129,木星,12,ガニメデ,0.06633567343055427
tr-129,木星,13,黄道,0.06292840361451928
tr-129,木星,14,神話,0.061837976287532626
tr-129,木星,15,視認,0.058635751313964736
tr-129,木星,16,自転,0.057834825433256125
tr-129,木星,17,周回,0.05522848149792974
tr-129,木星,18,望遠鏡,0.05522848149792974
tr-129,木星,19,探査,0.05369636757529147
tr-129,木星,20,古代,0.05081576886266218
tr-130,JT女性社員逆恨み殺人事件,1,強姦,0.13283334864971696
tr-130,JT女性社員逆恨み殺人事件,2,広島,0.128924691719648
tr-130,JT女性社員逆恨み殺人事件,3,事件,0.09242243261639263
tr-130,JT女性社員逆恨み殺人事件,4,ホテル,0.09124899074025691
tr-130,JT女性社員逆恨み殺人事件,5,通報,0.07735758765367855
tr-130,JT女性社員逆恨み殺人事件,6,致傷,0.07256432115909303
tr-130,JT女性社員逆恨み殺人事件,7,東京,0.07230568181426261
tr-130,JT女性社員逆恨み殺人事件,8,女性,0.06268170153009635
tr-130,JT女性社員逆恨み殺人事件,9,刑務所,0.05890183742563717
tr-130,JT女性社員逆恨み殺人事件,10,懲役,0.058289927257238486
tr-130,JT女性社員逆恨み殺人事件,11,警察,0.05695238107499244
tr-130,JT女性社員逆恨み殺人事件,12,捜査,0.05573842328870828
tr-130,JT女性社員逆恨み殺人事件,13,深夜,0.05449884952041419
tr-130,JT女性社員逆恨み殺人事件,14,殺人,0.05275419059140262
tr-130,JT女性社員逆恨み殺人事件,15,市内,0.05067305208473965
tr-130,JT女性社員逆恨み殺人事件,16,船橋,0.04981250574364387
tr-130,JT女性社員逆恨み殺人事件,17,出所,0.04789887776724621
tr-130,JT女性社員逆恨み殺人事件,18,劇場,0.047263820672056964
tr-130,JT女性社員逆恨み殺人事件,19,電話,0.047094878809789166
tr-130,JT女性社員逆恨み殺人事件,20,地方裁判所,0.044176378069227876
tr-131,東京駅の歴史,1,鉄道,0.23046829720218562
tr-131,東京駅の歴史,2,新橋,0.1313107797017942
tr-131,東京駅の歴史,3,東京,0.13127963968692608
tr-131,東京駅の歴史,4,明治,0.12299382309977451
tr-131,東京駅の歴史,5,建設,0.10541899484190653
tr-131,東京駅の歴史,6,開通,0.09340091699735453
tr-131,東京駅の歴史,7,上野,0.08727743422223722
tr-131,東京駅の歴史,8,停車,0.08555468173578862
tr-131,東京駅の歴史,9,中山道,0.08441120806907336
tr-131,東京駅の歴史,10,市区,0.07984074791326476
tr-131,東京駅の歴史,11,丸の内,0.07411402499441304
tr-131,東京駅の歴史,12,官設,0.06913922961993482
tr-131,東京駅の歴史,13,改正,0.06169893569581113
tr-131,東京駅の歴史,14,経由,0.05535513933691111
tr-131,東京駅の歴史,15,中央,0.049608938749132483
tr-131,東京駅の歴史,16,連絡,0.049184393790622456
tr-131,東京駅の歴史,17,ターミナル,0.04724205700676674
tr-131,東京駅の歴史,18,工事,0.044516045071439074
tr-131,東京駅の歴史,19,設置,0.044442689110437555
tr-131,東京駅の歴史,20,東海道,0.042332942339798
tr-132,日本女子体育専門学校(旧制),1,トクヨ,0.403726399311671
tr-132,日本女子体育専門学校(旧制),2,体操,0.24612971930333763
tr-132,日本女子体育専門学校(旧制),3,ダンス,0.11710369525451694
tr-132,日本女子体育専門学校(旧制),4,体育,0.10538705711928856
tr-132,日本女子体育専門学校(旧制),5,女子,0.10141701800377302
tr-132,日本女子体育専門学校(旧制),6,人見,0.09587787617290638
tr-132,日本女子体育専門学校(旧制),7,学校,0.08549646565616385
tr-132,日本女子体育専門学校(旧制),8,生徒,0.07044259768973592
tr-132,日本女子体育専門学校(旧制),9,チュニック,0.05794259324423688
tr-132,日本女子体育専門学校(旧制),10,教師,0.050785016420187595
tr-132,日本女子体育専門学校(旧制),11,塾生,0.04793893808645319
tr-132,日本女子体育専門学校(旧制),12,二階堂,0.04454046164150123
tr-132,日本女子体育専門学校(旧制),13,専門,0.04139918744377136
tr-132,日本女子体育専門学校(旧制),14,塾舎,0.03864466293847111
tr-132,日本女子体育専門学校(旧制),15,授業,0.03807458393812054
tr-132,日本女子体育専門学校(旧制),16,東京,0.03575642817788644
tr-132,日本女子体育専門学校(旧制),17,期生,0.03401186619685027
tr-132,日本女子体育専門学校(旧制),18,美喜子,0.0331239968044038
tr-132,日本女子体育専門学校(旧制),19,入学,0.032408250235341725
tr-132,日本女子体育専門学校(旧制),20,アスリート,0.027603330670336507
tr-133,第二次ブルガリア帝国,1,ブルガリア,0.6510180351020312
tr-133,第二次ブルガリア帝国,2,ビザンツ,0.3533840053623434
tr-133,第二次ブルガリア帝国,3,ペタル,0.15012160019610532
tr-133,第二次ブルガリア帝国,4,アセン,0.14180519425534524
tr-133,第二次ブルガリア帝国,5,皇帝,0.12141114955701712
tr-133,第二次ブルガリア帝国,6,帝国,0.11173991764066585
tr-133,第二次ブルガリア帝国,7,タルノヴォ,0.09453679617023016
tr-133,第二次ブルガリア帝国,8,カロヤン,0.09007296011766319
tr-133,第二次ブルガリア帝国,9,イサキ,0.07506080009805266
tr-133,第二次ブルガリア帝国,10,ローマ,0.06534936898427228
tr-133,第二次ブルガリア帝国,11,クマン,0.06004864007844213
tr-133,第二次ブルガリア帝国,12,蜂起,0.052263491384401284
tr-133,第二次ブルガリア帝国,13,トラキア,0.051985430620327566
tr-133,第二次ブルガリア帝国,14,ハンガリー,0.051767461831462976
tr-133,第二次ブルガリア帝国,15,ラテン,0.048236251730301945
tr-133,第二次ブルガリア帝国,16,コンスタンティノープル,0.04776257451094362
tr-133,第二次ブルガリア帝国,17,イヴァンコ,0.04726839808511508
tr-133,第二次ブルガリア帝国,18,正教会,0.04650128822157365
tr-133,第二次ブルガリア帝国,19,プレスラフ,0.045036480058831596
tr-133,第二次ブルガリア帝国,20,貴族,0.042184479561758075
tr-134,軌間,1,軌間,0.5006372996918652
tr-134,軌間,2,鉄道,0.28915920905467746
tr-134,軌間,3,広軌,0.20546174443283657
tr-134,軌間,4,フィート,0.20183161607556055
tr-134,軌間,5,狭軌,0.18887694208305603
tr-134,軌間,6,標準軌,0.18128977449956168
tr-134,軌間,7,インチ,0.16363600799061842
tr-134,軌間,8,機関,0.06434768574170091
tr-134,軌間,9,車輪,0.051409573446267766
tr-134,軌間,10,建設,0.04335981838594127
tr-134,軌間,11,採用,0.04332255207722049
tr-134,軌間,12,蒸気,0.0432828715676714
tr-134,軌間,13,車両,0.042034490411051166
tr-134,軌間,14,貨車,0.0398762275694279
tr-134,軌間,15,曲線,0.039199699798717666
tr-134,軌間,16,狂い,0.03612970123300757
tr-134,軌間,17,軽便鉄道,0.03454592770170756
tr-134,軌間,18,イギリス,0.034134499921173955
tr-134,軌間,19,年代,0.033689194836354526
tr-134,軌間,20,モーター,0.0316191978752757
tr-135,園井恵子,1,園井,0.32404121957720394
tr-135,園井恵子,2,歌劇,0.11645495349341263
tr-135,園井恵子,3,宝塚,0.10860307507106706
tr-135,園井恵子,4,恵子,0.1063874007848512
tr-135,園井恵子,5,稲垣,0.1063874007848512
tr-135,園井恵子,6,無法,0.10338007529544137
tr-135,園井恵子,7,出演,0.08888490348416586
tr-135,園井恵子,8,袴田,0.08821161413140421
tr-135,園井恵子,9,映画,0.07713283007286793
tr-135,園井恵子,10,小樽,0.074203172253989
tr-135,園井恵子,11,劇団,0.07085918380866459
tr-135,園井恵子,12,緋紗子,0.06943740419511514
tr-135,園井恵子,13,小夜,0.06943740419511514
tr-135,園井恵子,14,宝塚歌劇,0.06615871059855316
tr-135,園井恵子,15,入学,0.0647291466964642
tr-135,園井恵子,16,吉岡,0.062028045177264825
tr-135,園井恵子,17,予科,0.062028045177264825
tr-135,園井恵子,18,当時,0.05739462027011966
tr-135,園井恵子,19,少女,0.05538657437158294
tr-135,園井恵子,20,音楽,0.05178331735717136
tr-136,小樽あんかけ焼そば,1,小樽,0.6429871768756122
tr-136,小樽あんかけ焼そば,2,ローソン,0.1592553962682716
tr-136,小樽あんかけ焼そば,3,市内,0.15815603107417012
tr-136,小樽あんかけ焼そば,4,発売,0.15090929004475445
tr-136,小樽あんかけ焼そば,5,売上,0.14991134713488835
tr-136,小樽あんかけ焼そば,6,料理,0.11273547192344203
tr-136,小樽あんかけ焼そば,7,中華,0.10364678242391412
tr-136,小樽あんかけ焼そば,8,本書,0.09657653157594193
tr-136,小樽あんかけ焼そば,9,販売,0.09508150450304706
tr-136,小樽あんかけ焼そば,10,売れ行き,0.09007129103274836
tr-136,小樽あんかけ焼そば,11,梅月,0.08913936663109936
tr-136,小樽あんかけ焼そば,12,焼きそば,0.08913936663109936
tr-136,小樽あんかけ焼そば,13,事典,0.08769274076386727
tr-136,小樽あんかけ焼そば,14,江頭,0.08493038627011494
tr-136,小樽あんかけ焼そば,15,親衛隊,0.07053978736575622
tr-136,小樽あんかけ焼そば,16,商品,0.06906269976757728
tr-136,小樽あんかけ焼そば,17,店舗,0.06576955557290044
tr-136,小樽あんかけ焼そば,18,普及,0.06390035162967174
tr-136,小樽あんかけ焼そば,19,全国,0.0609694418844941
tr-136,小樽あんかけ焼そば,20,当月,0.05942624442073291
tr-137,東方問題,1,オスマン,0.28793107410266594
tr-137,東方問題,2,帝国,0.2153784442587547
tr-137,東方問題,3,東方,0.20908041678862202
tr-137,東方問題,4,ヨーロッパ,0.16251251122716814
tr-137,東方問題,5,ロシア,0.13336287076519543
tr-137,東方問題,6,外交,0.1319940160782939
tr-137,東方問題,7,オーストリア,0.08488845987355617
tr-137,東方問題,8,紛争,0.07921884731313489
tr-137,東方問題,9,戦争,0.07789427488956796
tr-137,東方問題,10,列強,0.06667912175917091
tr-137,東方問題,11,バルカン,0.06477928493969845
tr-137,東方問題,12,民族,0.06325437656285146
tr-137,東方問題,13,均衡,0.06041585602097146
tr-137,東方問題,14,黒海,0.05985302796697273
tr-137,東方問題,15,利害,0.057300779504053156
tr-137,東方問題,16,諸国,0.05666944304485854
tr-137,東方問題,17,バルカン半島,0.05665159109158532
tr-137,東方問題,18,アゾフ,0.05425482235204072
tr-137,東方問題,19,勢力,0.05248930794552428
tr-137,東方問題,20,世紀,0.050874648276775555
tr-138,オードリー・ヘプバーン,1,ヘプバーン,0.5878469783792736
tr-138,オードリー・ヘプバーン,2,女優,0.11056235924880191
tr-138,オードリー・ヘプバーン,3,ジョゼフ,0.08929907103582863
tr-138,オードリー・ヘプバーン,4,オランダ,0.07996911357965361
tr-138,オードリー・ヘプバーン,5,オードリー,0.07612670495386442
tr-138,オードリー・ヘプバーン,6,出演,0.07308576948720197
tr-138,オードリー・ヘプバーン,7,アカデミー,0.06152906316903585
tr-138,オードリー・ヘプバーン,8,主演,0.05950712975096361
tr-138,オードリー・ヘプバーン,9,舞台,0.05947025160880492
tr-138,オードリー・ヘプバーン,10,バレエ,0.05826408952352518
tr-138,オードリー・ヘプバーン,11,作品,0.05052353444255497
tr-138,オードリー・ヘプバーン,12,休日,0.050142344886716955
tr-138,オードリー・ヘプバーン,13,受賞,0.0483956252163253
tr-138,オードリー・ヘプバーン,14,映画,0.046509911277685285
tr-138,オードリー・ヘプバーン,15,アーネム,0.045676022972318646
tr-138,オードリー・ヘプバーン,16,イギリス,0.04300099679786187
tr-138,オードリー・ヘプバーン,17,バレリーナ,0.04198906988423382
tr-138,オードリー・ヘプバーン,18,ローマ,0.03946742696855983
tr-138,オードリー・ヘプバーン,19,ブロードウェイ,0.038302116796149005
tr-138,オードリー・ヘプバーン,20,オンディーヌ,0.03806335247693221
tr-139,花田ミキ,1,看護,0.5230444859149632
tr-139,花田ミキ,2,青森,0.2693360239629368
tr-139,花田ミキ,3,花田,0.25713685519304325
tr-139,花田ミキ,4,保健,0.17683420131421523
tr-139,花田ミキ,5,八戸,0.1402564664689327
tr-139,花田ミキ,6,教育,0.09267412172897482
tr-139,花田ミキ,7,係長,0.09021651586555382
tr-139,花田ミキ,8,赤十字,0.08229483380201158
tr-139,花田ミキ,9,病院,0.0819502256404386
tr-139,花田ミキ,10,健康,0.07070723084385026
tr-139,花田ミキ,11,施設,0.06043404988723304
tr-139,花田ミキ,12,考え,0.05734353854073754
tr-139,花田ミキ,13,療法,0.0547702949267973
tr-139,花田ミキ,14,保険,0.05344900338542081
tr-139,花田ミキ,15,岩手,0.05344900338542081
tr-139,花田ミキ,16,養成,0.05129487971444161
tr-139,花田ミキ,17,就任,0.05060810554784266
tr-139,花田ミキ,18,従軍,0.04957484518190889
tr-139,花田ミキ,19,日赤,0.04906909896454803
tr-139,花田ミキ,20,県内,0.0467279837388579
tr-140,中ソ紛争,1,ソ連,0.36211991375363745
tr-140,中ソ紛争,2,中国,0.1867127415430682
tr-140,中ソ紛争,3,中東,0.09498379033096187
tr-140,中ソ紛争,4,鉄道,0.09001073089021186
tr-140,中ソ紛争,5,政府,0.0809675510316231
tr-140,中ソ紛争,6,ロシア,0.04455606139441283
tr-140,中ソ紛争,7,戦闘,0.03848046073993376
tr-140,中ソ紛争,8,国民,0.03713005116201069
tr-140,中ソ紛争,9,協定,0.03710797881371564
tr-140,中ソ紛争,10,領事館,0.03509730929817716
tr-140,中ソ紛争,11,隷派,0.03487852282207922
tr-140,中ソ紛争,12,花江,0.03487852282207922
tr-140,中ソ紛争,13,戦傷,0.03487852282207922
tr-140,中ソ紛争,14,共産,0.034467543234292075
tr-140,中ソ紛争,15,理事,0.03382310716837085
tr-140,中ソ紛争,16,奉天,0.03323162961286653
tr-140,中ソ紛争,17,ソビエト,0.032888808745106086
tr-140,中ソ紛争,18,外交,0.03233907006434885
tr-140,中ソ紛争,19,侵攻,0.03216575895414797
tr-140,中ソ紛争,20,部隊,0.031832415042612305
tr-141,稲沢市図書館,1,稲沢,0.5540059560513487
tr-141,稲沢市図書館,2,図書館,0.34696549161229384
tr-141,稲沢市図書館,3,平成,0.15114197826478687
tr-141,稲沢市図書館,4,開館,0.14921399479791303
tr-141,稲沢市図書館,5,祖父江,0.14662414356071218
tr-141,稲沢市図書館,6,貸出,0.1271600789111694
tr-141,稲沢市図書館,7,年度,0.11826776963129078
tr-141,稲沢市図書館,8,昭和,0.1134047811370796
tr-141,稲沢市図書館,9,市立,0.10079629752207175
tr-141,稲沢市図書館,10,冊数,0.09685104157852037
tr-141,稲沢市図書館,11,図書,0.08891707131692195
tr-141,稲沢市図書館,12,国府宮,0.07181558689554521
tr-141,稲沢市図書館,13,公民館,0.0670507210928218
tr-141,稲沢市図書館,14,平和,0.06594164378191145
tr-141,稲沢市図書館,15,中央,0.05060911896584887
tr-141,稲沢市図書館,16,中島,0.049335800907222074
tr-141,稲沢市図書館,17,設計,0.04278344998444533
tr-141,稲沢市図書館,18,開始,0.04188396599535772
tr-141,稲沢市図書館,19,団地,0.04168252333549465
tr-141,稲沢市図書館,20,合併,0.041616751305928026
tr-142,横須賀海軍施設ドック,1,ドック,0.4846912640859414
tr-142,横須賀海軍施設ドック,2,ドライ,0.19452959945492343
tr-142,横須賀海軍施設ドック,3,建設,0.19316781550557233
tr-142,横須賀海軍施設ドック,4,横須賀,0.18060253777342752
tr-142,横須賀海軍施設ドック,5,製鉄,0.14888454720962938
tr-142,横須賀海軍施設ドック,6,幕府,0.14114169845609723
tr-142,横須賀海軍施設ドック,7,ヴェルニー,0.1111597711170991
tr-142,横須賀海軍施設ドック,8,海軍,0.11068133466920349
tr-142,横須賀海軍施設ドック,9,艦船,0.1032285701423883
tr-142,横須賀海軍施設ドック,10,ロッシュ,0.10218699208072439
tr-142,横須賀海軍施設ドック,11,造船,0.09226893961440888
tr-142,横須賀海軍施設ドック,12,修理,0.08662186877447542
tr-142,横須賀海軍施設ドック,13,フランス,0.0741050037734027
tr-142,横須賀海軍施設ドック,14,建造,0.06234350452626598
tr-142,横須賀海軍施設ドック,15,元年,0.04844446658453843
tr-142,横須賀海軍施設ドック,16,元治,0.047471387380586
tr-142,横須賀海軍施設ドック,17,明治,0.041196960164487574
tr-142,横須賀海軍施設ドック,18,完成,0.04112040382359743
tr-142,横須賀海軍施設ドック,19,小栗,0.04011416217972283
tr-142,横須賀海軍施設ドック,20,工事,0.03727678531467592
tr-143,オキナワ移住地,1,移住,0.32284958224780247
tr-143,オキナワ移住地,2,ボリビア,0.2450883922144345
tr-143,オキナワ移住地,3,沖縄,0.22148797240479318
tr-143,オキナワ移住地,4,オキナワ,0.13618296188398793
tr-143,オキナワ移住地,5,移民,0.118242654051271
tr-143,オキナワ移住地,6,政府,0.10132604742791736
tr-143,オキナワ移住地,7,入植,0.07684365986638049
tr-143,オキナワ移住地,8,アメリカ,0.07330168937626239
tr-143,オキナワ移住地,9,ティグナー,0.06052576083732797
tr-143,オキナワ移住地,10,琉球,0.05987077400500309
tr-143,オキナワ移住地,11,リベラルタ,0.04539432062799598
tr-143,オキナワ移住地,12,基地,0.03977200591809314
tr-143,オキナワ移住地,13,パス・エステンソロ,0.03782860052332998
tr-143,オキナワ移住地,14,土地,0.03779565561741951
tr-143,オキナワ移住地,15,日系,0.0368862788001505
tr-143,オキナワ移住地,16,農地,0.034640303940602135
tr-143,オキナワ移住地,17,政権,0.03316672085182356
tr-143,オキナワ移住地,18,農業,0.032952030402592127
tr-143,オキナワ移住地,19,本島,0.03120270890757547
tr-143,オキナワ移住地,20,建設,0.0305357223203636
tr-144,宮崎駿,1,宮崎,0.2537290628086445
tr-144,宮崎駿,2,映画,0.09880459199666465
tr-144,宮崎駿,3,高畑,0.09635925778536622
tr-144,宮崎駿,4,アニメーション,0.09505179769091038
tr-144,宮崎駿,5,作品,0.07554699779892983
tr-144,宮崎駿,6,スタジオジブリ,0.059591898387825415
tr-144,宮崎駿,7,アニメ,0.05424693332586844
tr-144,宮崎駿,8,監督,0.05364314870723574
tr-144,宮崎駿,9,制作,0.047128062210901885
tr-144,宮崎駿,10,ルパン,0.04237355482445096
tr-144,宮崎駿,11,ジブリ,0.03706125299437162
tr-144,宮崎駿,12,手塚,0.036138046127035674
tr-144,宮崎駿,13,憲法,0.03529303907768724
tr-144,宮崎駿,14,企画,0.035049093689874036
tr-144,宮崎駿,15,ポニョ,0.03335512769493446
tr-144,宮崎駿,16,漫画,0.032623455656119814
tr-144,宮崎駿,17,長編,0.0318243173936644
tr-144,宮崎駿,18,東映動画,0.03178016611833822
tr-144,宮崎駿,19,発言,0.02801401029839254
tr-144,宮崎駿,20,製作,0.027552995860835032
tr-145,ローマ建築,1,建築,0.3180339130610898
tr-145,ローマ建築,2,ローマ,0.2689082675065902
tr-145,ローマ建築,3,神殿,0.1107169897163079
tr-145,ローマ建築,4,ギリシア,0.08566866156812439
tr-145,ローマ建築,5,紀元前,0.08188338144825674
tr-145,ローマ建築,6,建設,0.06138169759868019
tr-145,ローマ建築,7,エトルリア,0.05763149207245574
tr-145,ローマ建築,8,世紀,0.05558497645005237
tr-145,ローマ建築,9,古代,0.05326703288078557
tr-145,ローマ建築,10,意匠,0.050258255235757006
tr-145,ローマ建築,11,時代,0.047004206503703995
tr-145,ローマ建築,12,ローマ帝国,0.040531835944085014
tr-145,ローマ建築,13,ルネサンス,0.03881699287174074
tr-145,ローマ建築,14,皇帝,0.03568562371627331
tr-145,ローマ建築,15,浴場,0.035652759674595455
tr-145,ローマ建築,16,ローマン,0.03431890608509958
tr-145,ローマ建築,17,バシリカ,0.03311218598253338
tr-145,ローマ建築,18,ヴォールト,0.03217618115319526
tr-145,ローマ建築,19,コンスタンティヌス,0.03141140952234813
tr-145,ローマ建築,20,首都,0.030675901329151115
tr-146,津市図書館,1,図書館,0.48849057923524375
tr-146,津市図書館,2,図書,0.16885978551271125
tr-146,津市図書館,3,久居,0.12768512592769868
tr-146,津市図書館,4,美杉,0.10621522373391701
tr-146,津市図書館,5,文庫,0.09456354806165744
tr-146,津市図書館,6,三重,0.09355227682599362
tr-146,津市図書館,7,公民館,0.0889969133439452
tr-146,津市図書館,8,開館,0.08783212393908511
tr-146,津市図書館,9,一志,0.0855011992022203
tr-146,津市図書館,10,平成,0.08167768385024148
tr-146,津市図書館,11,安濃,0.06759800784407577
tr-146,津市図書館,12,県立,0.06665028507724824
tr-146,津市図書館,13,昭和,0.058900303114054295
tr-146,津市図書館,14,設置,0.0562707148380761
tr-146,津市図書館,15,市立,0.050170374063971256
tr-146,津市図書館,16,市民,0.045260263424643656
tr-146,津市図書館,17,貸出,0.04500813449567556
tr-146,津市図書館,18,蔵書,0.044024600859291114
tr-146,津市図書館,19,資料,0.043152306098882966
tr-146,津市図書館,20,文書,0.041629486226482645
tr-147,ヒムヤル王国,1,ヒムヤル,0.5499123159820039
tr-147,ヒムヤル王国,2,アクスム,0.2722050047667572
tr-147,ヒムヤル王国,3,アラビア,0.18447607507063735
tr-147,ヒムヤル王国,4,王国,0.13815431112198429
tr-147,ヒムヤル王国,5,イエメン,0.10076586649486699
tr-147,ヒムヤル王国,6,世紀,0.09161841421272134
tr-147,ヒムヤル王国,7,サーサーン,0.07910740490295953
tr-147,ヒムヤル王国,8,ザファール,0.07050157897205177
tr-147,ヒムヤル王国,9,ズー・ヌワース,0.07050157897205177
tr-147,ヒムヤル王国,10,ナジュラーン,0.07050157897205177
tr-147,ヒムヤル王国,11,エチオピア,0.0678063470596796
tr-147,ヒムヤル王国,12,碑文,0.062421680001866105
tr-147,ヒムヤル王国,13,ユダヤ,0.061476021455534755
tr-147,ヒムヤル王国,14,ハドラマウト,0.056401263177641416
tr-147,ヒムヤル王国,15,伝承,0.052502421485462296
tr-147,ヒムヤル王国,16,教徒,0.04611393968166013
tr-147,ヒムヤル王国,17,ローマ帝国,0.04407402704374141
tr-147,ヒムヤル王国,18,交易,0.043911443896810544
tr-147,ヒムヤル王国,19,サバア,0.04230094738323106
tr-147,ヒムヤル王国,20,トゥッバァ,0.04230094738323106
tr-148,東海道五十三次_(浮世絵),1,東海道,0.44124239104883095
tr-148,東海道五十三次_(浮世絵),2,広重,0.3523689774911051
tr-148,東海道五十三次_(浮世絵),3,浮世絵,0.22995232427971973
tr-148,東海道五十三次_(浮世絵),4,保永,0.15171541199286054
tr-148,東海道五十三次_(浮世絵),5,宿場,0.12958179064135225
tr-148,東海道五十三次_(浮世絵),6,街道,0.12687779434667537
tr-148,東海道五十三次_(浮世絵),7,江戸,0.11283457383895862
tr-148,東海道五十三次_(浮世絵),8,京都,0.10857999468543135
tr-148,東海道五十三次_(浮世絵),9,木版,0.10366543251308179
tr-148,東海道五十三次_(浮世絵),10,シリーズ,0.09520175267217709
tr-148,東海道五十三次_(浮世絵),11,版画,0.08813734362731346
tr-148,東海道五十三次_(浮世絵),12,ライト,0.07295771264901922
tr-148,東海道五十三次_(浮世絵),13,名所,0.06343889717333769
tr-148,東海道五十三次_(浮世絵),14,コレクション,0.06343889717333769
tr-148,東海道五十三次_(浮世絵),15,在所,0.05782068700132678
tr-148,東海道五十三次_(浮世絵),16,作品,0.057537149774055524
tr-148,東海道五十三次_(浮世絵),17,将軍,0.05479892899486791
tr-148,東海道五十三次_(浮世絵),18,西洋,0.054125642008412155
tr-148,東海道五十三次_(浮世絵),19,ゴッホ,0.052922120354260034
tr-148,東海道五十三次_(浮世絵),20,様式,0.05232968986751413
tr-149,北海大陸棚事件,1,大陸棚,0.7855415953828379
tr-149,北海大陸棚事件,2,画定,0.48814191916774763
tr-149,北海大陸棚事件,3,境界,0.37715599542790906
tr-149,北海大陸棚事件,4,西ドイツ,0.3427913032255559
tr-149,北海大陸棚事件,5,北海,0.31283382847988545
tr-149,北海大陸棚事件,6,判決,0.3063642465396111
tr-149,北海大陸棚事件,7,判例,0.2152894128609807
tr-149,北海大陸棚事件,8,合意,0.18981078141125202
tr-149,北海大陸棚事件,9,等距離,0.15612895125083465
tr-149,北海大陸棚事件,10,デンマーク,0.1518182027086784
tr-149,北海大陸棚事件,11,リーディング,0.14875685837614072
tr-149,北海大陸棚事件,12,紛争,0.14809341539033977
tr-149,北海大陸棚事件,13,本件,0.13615418236595989
tr-149,北海大陸棚事件,14,オランダ,0.12948109107825254
tr-149,北海大陸棚事件,15,条約,0.12643223455130392
tr-149,北海大陸棚事件,16,カ国,0.11519637309435289
tr-149,北海大陸棚事件,17,事件,0.11367959211816292
tr-149,北海大陸棚事件,18,ケース,0.10166109173167116
tr-149,北海大陸棚事件,19,原則,0.09872894359355984
tr-149,北海大陸棚事件,20,交渉,0.08294073869201374
tr-150,ムカシトカゲ,1,ムカシトカゲ,0.7178919623430661
tr-150,ムカシトカゲ,2,トカゲ,0.5238242546831238
tr-150,ムカシトカゲ,3,爬虫類,0.16436958820475076
tr-150,ムカシトカゲ,4,喙頭,0.13805614660443577
tr-150,ムカシトカゲ,5,動物,0.10349439841035823
tr-150,ムカシトカゲ,6,ニュージーランド,0.09399119445129749
tr-150,ムカシトカゲ,7,化石,0.0747846121743553
tr-150,ムカシトカゲ,8,学名,0.07400487427317927
tr-150,ムカシトカゲ,9,体温,0.06638917260344836
tr-150,ムカシトカゲ,10,博物館,0.0643546415477787
tr-150,ムカシトカゲ,11,グレイ,0.06406285051196713
tr-150,ムカシトカゲ,12,彼ら,0.06323363293630838
tr-150,ムカシトカゲ,13,多く,0.05941601913787447
tr-150,ムカシトカゲ,14,分類,0.05598695580962887
tr-150,ムカシトカゲ,15,下綱,0.05522245864177431
tr-150,ムカシトカゲ,16,リンコサウルス,0.05522245864177431
tr-150,ムカシトカゲ,17,生態,0.051405103994608584
tr-150,ムカシトカゲ,18,提唱,0.05122135934858903
tr-150,ムカシトカゲ,19,冬眠,0.05076492050312514
tr-150,ムカシトカゲ,20,温度,0.05069023609601962
tr-151,ゲルニカ爆撃,1,ゲルニカ,0.3772841426362774
tr-151,ゲルニカ爆撃,2,爆撃,0.354243703607904
tr-151,ゲルニカ爆撃,3,作戦,0.2411754740141973
tr-151,ゲルニカ爆撃,4,バスク,0.21571556912648637
tr-151,ゲルニカ爆撃,5,コンドル,0.18047707082399428
tr-151,ゲルニカ爆撃,6,スペイン,0.15781036741011398
tr-151,ゲルニカ爆撃,7,軍団,0.13976030559241345
tr-151,ゲルニカ爆撃,8,リューゲン,0.12628076939405744
tr-151,ゲルニカ爆撃,9,フランコ,0.10416198414734751
tr-151,ゲルニカ爆撃,10,空軍,0.0897380245442339
tr-151,ゲルニカ爆撃,11,戦略,0.08377530236617264
tr-151,ゲルニカ爆撃,12,差別,0.08222588301826345
tr-151,ゲルニカ爆撃,13,本格,0.08169039691919802
tr-151,ゲルニカ爆撃,14,空爆,0.07590820838114867
tr-151,ゲルニカ爆撃,15,空襲,0.06379116107966218
tr-151,ゲルニカ爆撃,16,ドゥランゴ,0.06314038469702872
tr-151,ゲルニカ爆撃,17,人民戦線,0.06015902360799809
tr-151,ゲルニカ爆撃,18,ビトリアガステイス,0.06015902360799809
tr-151,ゲルニカ爆撃,19,独立,0.0591580018724716
tr-151,ゲルニカ爆撃,20,北方,0.05898985882314181
tr-152,サンデーサイレンス,1,サンデーサイレンス,0.5576857004088853
tr-152,サンデーサイレンス,2,レース,0.18916264400877633
tr-152,サンデーサイレンス,3,イージーゴア,0.13942142510222133
tr-152,サンデーサイレンス,4,牡馬,0.127541808844446
tr-152,サンデーサイレンス,5,ウィッティンガム,0.1267467500929285
tr-152,サンデーサイレンス,6,競走,0.10977366299809022
tr-152,サンデーサイレンス,7,競馬,0.1084626996705334
tr-152,サンデーサイレンス,8,ケンタッキーダービー,0.08238538756040352
tr-152,サンデーサイレンス,9,善哉,0.0760480500557571
tr-152,サンデーサイレンス,10,出走,0.07577904863779153
tr-152,サンデーサイレンス,11,優勝,0.0737592000005851
tr-152,サンデーサイレンス,12,コック,0.07184519586100467
tr-152,サンデーサイレンス,13,種付け,0.0640836874690742
tr-152,サンデーサイレンス,14,ブリーダーズカップ・クラシック,0.057036037541817824
tr-152,サンデーサイレンス,15,社台,0.057036037541817824
tr-152,サンデーサイレンス,16,ファーム,0.0543429113625016
tr-152,サンデーサイレンス,17,吉田,0.052998399704958114
tr-152,サンデーサイレンス,18,調教,0.05227317285623344
tr-152,サンデーサイレンス,19,交配,0.045135052137351035
tr-152,サンデーサイレンス,20,騎乗,0.03719969424629675
tr-153,乗鞍岳,1,火山,0.22700568981699523
tr-153,乗鞍岳,2,乗鞍,0.19320064255217456
tr-153,乗鞍岳,3,乗鞍岳,0.15869369788329188
tr-153,乗鞍岳,4,乗鞍高原,0.11461211513793303
tr-153,乗鞍岳,5,飛騨,0.10180924939247929
tr-153,乗鞍岳,6,高山,0.10094037426573635
tr-153,乗鞍岳,7,山頂,0.08712432386327217
tr-153,乗鞍岳,8,噴火,0.06354411751537509
tr-153,乗鞍岳,9,剣ヶ峰,0.05289789929443063
tr-153,乗鞍岳,10,権現,0.047253397866047736
tr-153,乗鞍岳,11,指定,0.04604157036713664
tr-153,乗鞍岳,12,活動,0.043076973105044505
tr-153,乗鞍岳,13,スカイライン,0.04200013968525534
tr-153,乗鞍岳,14,分布,0.03963771830063526
tr-153,乗鞍岳,15,山容,0.03937783155503978
tr-153,乗鞍岳,16,活火山,0.03937783155503978
tr-153,乗鞍岳,17,信州,0.03844188927170326
tr-153,乗鞍岳,18,気温,0.03829873764416936
tr-153,乗鞍岳,19,付近,0.03787074285582534
tr-153,乗鞍岳,20,岐阜,0.03621586520139853
tr-154,ナポレオン3世,1,ナポレオン,0.695146181911662
tr-154,ナポレオン3世,2,オルタンス,0.1311006460884871
tr-154,ナポレオン3世,3,フランス,0.1019650910698919
tr-154,ナポレオン3世,4,ルイ・ボナパルト,0.09832548456636533
tr-154,ナポレオン3世,5,左翼,0.097555232694041
tr-154,ナポレオン3世,6,大統領,0.09602565376539104
tr-154,ナポレオン3世,7,皇帝,0.09019775968998682
tr-154,ナポレオン3世,8,ローマ,0.08496041530636543
tr-154,ナポレオン3世,9,王政,0.07451508523415346
tr-154,ナポレオン3世,10,同盟,0.07215820775198944
tr-154,ナポレオン3世,11,革命,0.07184013008935064
tr-154,ナポレオン3世,12,共和,0.07107277383315388
tr-154,ナポレオン3世,13,樹立,0.06731727615679803
tr-154,ナポレオン3世,14,ホラント,0.06245516954723465
tr-154,ナポレオン3世,15,エルバ,0.06245516954723465
tr-154,ナポレオン3世,16,ボナパルト,0.06025912319264091
tr-154,ナポレオン3世,17,皇位,0.06025912319264091
tr-154,ナポレオン3世,18,選挙,0.05637630541220906
tr-154,ナポレオン3世,19,廃位,0.05069604709725642
tr-154,ナポレオン3世,20,復古,0.049213940116791095
tr-155,五式戦闘機,1,戦闘,0.2452257834556952
tr-155,五式戦闘機,2,エンジン,0.21133163678746147
tr-155,五式戦闘機,3,生産,0.12909915333761285
tr-155,五式戦闘機,4,空冷,0.11913238012475538
tr-155,五式戦闘機,5,機体,0.08950574320373976
tr-155,五式戦闘機,6,川崎,0.0842857305341374
tr-155,五式戦闘機,7,馬力,0.08111653320666123
tr-155,五式戦闘機,8,搭載,0.0790363472141232
tr-155,五式戦闘機,9,排気,0.06722447294410348
tr-155,五式戦闘機,10,工場,0.05325221749838975
tr-155,五式戦闘機,11,胴体,0.052298219797132436
tr-155,五式戦闘機,12,高度,0.05195057417409354
tr-155,五式戦闘機,13,試作,0.049199486351772806
tr-155,五式戦闘機,14,出力,0.04915203244952321
tr-155,五式戦闘機,15,噴射,0.04816327459093567
tr-155,五式戦闘機,16,性能,0.047618976563091345
tr-155,五式戦闘機,17,陸軍,0.04591326201166598
tr-155,五式戦闘機,18,改造,0.04361527237190322
tr-155,五式戦闘機,19,装備,0.04138133048056066
tr-155,五式戦闘機,20,気筒,0.04086598000812403
tr-156,原爆投下・10秒の衝撃,1,原爆,0.23306743396708593
tr-156,原爆投下・10秒の衝撃,2,衝撃波,0.20454304960997513
tr-156,原爆投下・10秒の衝撃,3,熱線,0.1629806217268474
tr-156,原爆投下・10秒の衝撃,4,広島,0.15057479433312673
tr-156,原爆投下・10秒の衝撃,5,番組,0.13901755860768955
tr-156,原爆投下・10秒の衝撃,6,被爆,0.13149196046355544
tr-156,原爆投下・10秒の衝撃,7,爆心,0.1257999225216886
tr-156,原爆投下・10秒の衝撃,8,博士,0.09169528246597113
tr-156,原爆投下・10秒の衝撃,9,放射線,0.07937667931960865
tr-156,原爆投下・10秒の衝撃,10,推定,0.07856891891363436
tr-156,原爆投下・10秒の衝撃,11,炸裂,0.07640240624424054
tr-156,原爆投下・10秒の衝撃,12,ガンマ線,0.0684230463649076
tr-156,原爆投下・10秒の衝撃,13,地上,0.06031234655089948
tr-156,原爆投下・10秒の衝撃,14,シミュレーション,0.05966916358667565
tr-156,原爆投下・10秒の衝撃,15,中性子,0.05966916358667565
tr-156,原爆投下・10秒の衝撃,16,破壊,0.05330627012451171
tr-156,原爆投下・10秒の衝撃,17,爆弾,0.04768448313427506
tr-156,原爆投下・10秒の衝撃,18,爆風,0.04717497094563322
tr-156,原爆投下・10秒の衝撃,19,映像,0.04633070594865437
tr-156,原爆投下・10秒の衝撃,20,内部,0.04607847758165664
tr-157,木曽電気製鉄,1,発電,0.23057670448109333
tr-157,木曽電気製鉄,2,名古屋,0.1613294054376893
tr-157,木曽電気製鉄,3,水力,0.15361071539352814
tr-157,木曽電気製鉄,4,電灯,0.13735059607119884
tr-157,木曽電気製鉄,5,木曽川,0.1282945157250066
tr-157,木曽電気製鉄,6,製鉄,0.12821766409431268
tr-157,木曽電気製鉄,7,電力,0.12797598805613014
tr-157,木曽電気製鉄,8,木曽,0.10538936800043001
tr-157,木曽電気製鉄,9,水利,0.10366948617050008
tr-157,木曽電気製鉄,10,電気,0.09742153793058343
tr-157,木曽電気製鉄,11,大桑,0.08753156864801233
tr-157,木曽電気製鉄,12,送電,0.0830551615744739
tr-157,木曽電気製鉄,13,大正,0.07378755616560402
tr-157,木曽電気製鉄,14,賤母,0.07208482123953956
tr-157,木曽電気製鉄,15,キロワット,0.06617685888738718
tr-157,木曽電気製鉄,16,建設,0.060586750635642055
tr-157,木曽電気製鉄,17,許可,0.05834925865594056
tr-157,木曽電気製鉄,18,株式会社,0.04958950772079259
tr-157,木曽電気製鉄,19,工事,0.04639305892907685
tr-157,木曽電気製鉄,20,福澤,0.046156887037762974
tr-158,ジャバウォック,1,ジャバウォック,0.7256697734193722
tr-158,ジャバウォック,2,言語,0.14608154752489436
tr-158,ジャバウォック,3,怪物,0.12761188449892677
tr-158,ジャバウォック,4,キャロル,0.10803945897072886
tr-158,ジャバウォック,5,退治,0.10141968954473259
tr-158,ジャバウォック,6,真理,0.09976077354957227
tr-158,ジャバウォック,7,アリス,0.09827682262481414
tr-158,ジャバウォック,8,登場,0.09660689026836468
tr-158,ジャバウォック,9,解釈,0.09559783581839296
tr-158,ジャバウォック,10,挿絵,0.08782700086806236
tr-158,ジャバウォック,11,語源,0.08537131935898097
tr-158,ジャバウォック,12,言葉,0.07896836965487368
tr-158,ジャバウォック,13,強力,0.07426628611441378
tr-158,ジャバウォック,14,テニエル,0.07412155059376488
tr-158,ジャバウォック,15,賜物,0.07031436648007319
tr-158,ジャバウォック,16,混沌,0.07031436648007319
tr-158,ジャバウォック,17,原典,0.06886694225634307
tr-158,ジャバウォック,18,ビーバー,0.06886694225634307
tr-158,ジャバウォック,19,物語,0.06881394851666776
tr-158,ジャバウォック,20,ドラゴン,0.0665071823663815
tr-159,貴族(中国),1,貴族,0.3057252840579541
tr-159,貴族(中国),2,官職,0.12859759618283845
tr-159,貴族(中国),3,豪族,0.12679026802381246
tr-159,貴族(中国),4,門地,0.09135204594463729
tr-159,貴族(中国),5,中正,0.09135204594463729
tr-159,貴族(中国),6,鮮卑,0.0870385873477419
tr-159,貴族(中国),7,漢人,0.0870385873477419
tr-159,貴族(中国),8,華北,0.06527894051080643
tr-159,貴族(中国),9,地位,0.06477433722047682
tr-159,貴族(中国),10,司馬,0.0510026701258095
tr-159,貴族(中国),11,政権,0.05005881405162199
tr-159,貴族(中国),12,地方,0.04891117923505517
tr-159,貴族(中国),13,士族,0.04787764599518626
tr-159,貴族(中国),14,権力,0.04710787574369441
tr-159,貴族(中国),15,中央,0.04608782557661261
tr-159,貴族(中国),16,九品,0.045676022972318646
tr-159,貴族(中国),17,官僚,0.04545255766675324
tr-159,貴族(中国),18,軍功,0.04351929367387095
tr-159,貴族(中国),19,亡命,0.043325201311003654
tr-159,貴族(中国),20,一品,0.04198906988423382
tr-160,ラブカ,1,ラブカ,0.1543746933716118
tr-160,ラブカ,2,センチメートル,0.12864924579475137
tr-160,ラブカ,3,獲物,0.0973581557797365
tr-160,ラブカ,4,個体,0.09264009194266533
tr-160,ラブカ,5,全長,0.07937737295125873
tr-160,ラブカ,6,化石,0.06533150108490027
tr-160,ラブカ,7,後方,0.06370024254732162
tr-160,ラブカ,8,メートル,0.05918953309394287
tr-160,ラブカ,9,遊泳,0.059075858860706876
tr-160,ラブカ,10,駿河湾,0.05171326912531517
tr-160,ラブカ,11,海嶺,0.0504841350345694
tr-160,ラブカ,12,卵黄,0.0504841350345694
tr-160,ラブカ,13,相模,0.04944491696831822
tr-160,ラブカ,14,胎児,0.04944491696831822
tr-160,ラブカ,15,大西洋,0.049402695419663724
tr-160,ラブカ,16,尾鰭,0.04775066239563796
tr-160,ラブカ,17,繁殖,0.047396910688749475
tr-160,ラブカ,18,骨格,0.041425249101753034
tr-160,ラブカ,19,妊娠,0.040099112286611095
tr-160,ラブカ,20,標本,0.0396339918046766
tr-161,ステレオ,1,ステレオ,0.3660386182220231
tr-161,ステレオ,2,録音,0.2725949848470255
tr-161,ステレオ,3,音声,0.15945141314178513
tr-161,ステレオ,4,再生,0.12897235334320423
tr-161,ステレオ,5,チャンネル,0.12437826572862568
tr-161,ステレオ,6,トラック,0.11953690072944667
tr-161,ステレオ,7,方式,0.11560936645886771
tr-161,ステレオ,8,映画,0.11460617358023475
tr-161,ステレオ,9,レコード,0.11440290288350341
tr-161,ステレオ,10,サウンドトラック,0.10381441816258495
tr-161,ステレオ,11,モノラル,0.09830051177351258
tr-161,ステレオ,12,音響,0.09317113808453253
tr-161,ステレオ,13,バイノーラル,0.08729945980291585
tr-161,ステレオ,14,テープ,0.08688915155870645
tr-161,ステレオ,15,ステレオフォニック,0.07936314527537806
tr-161,ステレオ,16,スピーカー,0.06778492930037465
tr-161,ステレオ,17,磁気,0.06681523316154347
tr-161,ステレオ,18,音量,0.0604926226298539
tr-161,ステレオ,19,デモンストレーション,0.0604926226298539
tr-161,ステレオ,20,シネラマ,0.05555420169276464
tr-162,ティムール,1,ティムール,0.7007487945389409
tr-162,ティムール,2,フサイン,0.22092071961108034
tr-162,ティムール,3,モグーリスタン,0.13727562434039833
tr-162,ティムール,4,サマルカンド,0.10470958998857738
tr-162,ティムール,5,トクタミシュ,0.0864472381086836
tr-162,ティムール,6,マー・ワラー・アンナフル,0.07383553037215304
tr-162,ティムール,7,遠征,0.07275889702954959
tr-162,ティムール,8,ユースフ,0.06864251979348321
tr-162,ティムール,9,サルバダール,0.06723674075119837
tr-162,ティムール,10,ホラズム,0.06006220481929782
tr-162,ティムール,11,ジョチ・ウルス,0.06006220481929782
tr-162,ティムール,12,イリヤース・ホージャ,0.05763149207245574
tr-162,ティムール,13,支配,0.0512872134463002
tr-162,ティムール,14,バルフ,0.0492236869147687
tr-162,ティムール,15,ペルシア,0.04846127440937666
tr-162,ティムール,16,チャガタイ,0.04802624339371312
tr-162,ティムール,17,カマルッディーン,0.04802624339371312
tr-162,ティムール,18,オロス,0.04802624339371312
tr-162,ティムール,19,チャガタイ・ハン,0.045758541446799444
tr-162,ティムール,20,キシュ,0.045758541446799444
tr-163,電気,1,電気,0.3916646936236865
tr-163,電気,2,エネルギー,0.16384637665829613
tr-163,電気,3,電流,0.1017248910025911
tr-163,電気,4,電力,0.09621093856345887
tr-163,電気,5,電荷,0.08392561911292942
tr-163,電気,6,粒子,0.08011622322548671
tr-163,電気,7,移動,0.07984777993606966
tr-163,電気,8,向き,0.07479283012122197
tr-163,電気,9,電池,0.0719057910093396
tr-163,電気,10,発電,0.06971484795365945
tr-163,電気,11,荷電,0.06714049529034354
tr-163,電気,12,電子,0.06145161765017728
tr-163,電気,13,用途,0.06038336305976244
tr-163,電気,14,通信,0.05851656309224862
tr-163,電気,15,変換,0.056959744219834296
tr-163,電気,16,世紀,0.05341483859256443
tr-163,電気,17,照明,0.050892810473138934
tr-163,電気,18,回路,0.04649681568065403
tr-163,電気,19,電信,0.045179502581340125
tr-163,電気,20,電動,0.04271980816487572
tr-164,蜂蜜,1,蜂蜜,0.746969442921219
tr-164,蜂蜜,2,ミツバチ,0.22471385597394541
tr-164,蜂蜜,3,結晶,0.16348321884429587
tr-164,蜂蜜,4,グルコース,0.14299972652887435
tr-164,蜂蜜,5,採集,0.13287513863751407
tr-164,蜂蜜,6,フルクトース,0.13278546034824049
tr-164,蜂蜜,7,養蜂,0.11235692798697271
tr-164,蜂蜜,8,人類,0.08042271901015287
tr-164,蜂蜜,9,スクロース,0.07661225055602247
tr-164,蜂蜜,10,酵素,0.06276661399053042
tr-164,蜂蜜,11,分解,0.056096657710124384
tr-164,蜂蜜,12,水分,0.05408786432207583
tr-164,蜂蜜,13,デキストリン,0.0536023240873652
tr-164,蜂蜜,14,菓子,0.04786417783864933
tr-164,蜂蜜,15,有機,0.04510968510362823
tr-164,蜂蜜,16,ミネラル,0.04494880123393267
tr-164,蜂蜜,17,インベルターゼ,0.042881859269892166
tr-164,蜂蜜,18,混入,0.04102490198660199
tr-164,蜂蜜,19,比重,0.04102490198660199
tr-164,蜂蜜,20,ジアスターゼ,0.04085706472253553
tr-165,ジークフリート(楽劇),1,ジーク,0.6204324812951415
tr-165,ジークフリート(楽劇),2,フリート,0.5431484673590988
tr-165,ジークフリート(楽劇),3,上演,0.22140231475494002
tr-165,ジークフリート(楽劇),4,ニーベルング,0.18942115409108617
tr-165,ジークフリート(楽劇),5,ニーベルンゲン,0.18942115409108617
tr-165,ジークフリート(楽劇),6,ワーグナー,0.16920885853503861
tr-165,ジークフリート(楽劇),7,初演,0.14649666550898363
tr-165,ジークフリート(楽劇),8,音楽,0.14126184367287184
tr-165,ジークフリート(楽劇),9,難役,0.12628076939405744
tr-165,ジークフリート(楽劇),10,作曲,0.1244702942565323
tr-165,ジークフリート(楽劇),11,黄昏,0.11608742850346998
tr-165,ジークフリート(楽劇),12,バイロイト,0.11280590569002573
tr-165,ジークフリート(楽劇),13,台本,0.10589408761288255
tr-165,ジークフリート(楽劇),14,叙事詩,0.10121094450819822
tr-165,ジークフリート(楽劇),15,歌手,0.09170172149459452
tr-165,ジークフリート(楽劇),16,英雄,0.08505488143954956
tr-165,ジークフリート(楽劇),17,ドイツ,0.08409219172545704
tr-165,ジークフリート(楽劇),18,黄金,0.08186275636252267
tr-165,ジークフリート(楽劇),19,神話,0.08116234387738658
tr-165,ジークフリート(楽劇),20,伝説,0.0762631608402022
tr-166,グレア,1,グレア,0.6831624301962502
tr-166,グレア,2,照明,0.28691911000125886
tr-166,グレア,3,輝度,0.2146389916740895
tr-166,グレア,4,光源,0.14772063142599268
tr-166,グレア,5,不快,0.13237037861538045
tr-166,グレア,6,ヘッドライト,0.08647625698686712
tr-166,グレア,7,反射,0.08336476472424095
tr-166,グレア,8,ディスプレイ,0.08025597788206153
tr-166,グレア,9,不能,0.058554920408420176
tr-166,グレア,10,視界,0.058432261226280674
tr-166,グレア,11,照射,0.054745883984433835
tr-166,グレア,12,直接,0.054648360856916926
tr-166,グレア,13,器具,0.053591634465583474
tr-166,グレア,14,研究,0.04946946351174388
tr-166,グレア,15,位置,0.049366631536215864
tr-166,グレア,16,運転,0.04902451802218694
tr-166,グレア,17,間接,0.048516761017799545
tr-166,グレア,18,作業,0.048382105488235426
tr-166,グレア,19,長時間,0.04331643200804321
tr-166,グレア,20,自動車,0.0421928558430719
tr-167,スポ根,1,漫画,0.22669405267010878
tr-167,スポ根,2,作品,0.11694366658933379
tr-167,スポ根,3,根性,0.11542929884560772
tr-167,スポ根,4,スポーツ,0.0935974180845679
tr-167,スポ根,5,連載,0.09005257040611044
tr-167,スポ根,6,野球,0.08956912332030162
tr-167,スポ根,7,原作,0.06678178570733685
tr-167,スポ根,8,アニメ,0.06447852830850061
tr-167,スポ根,9,主人公,0.05919604364922527
tr-167,スポ根,10,放送,0.054479626393335104
tr-167,スポ根,11,柔道,0.052467863111639874
tr-167,スポ根,12,必殺,0.051220793639724996
tr-167,スポ根,13,努力,0.04982067631757991
tr-167,スポ根,14,年代,0.049116633921812355
tr-167,スポ根,15,作画,0.04772677432532014
tr-167,スポ根,16,魔球,0.04698819326290509
tr-167,スポ根,17,巨人,0.042954096892788125
tr-167,スポ根,18,人気,0.0426313000470244
tr-167,スポ根,19,ライバル,0.041459395858328654
tr-167,スポ根,20,ドラマ,0.04093298654823201
tr-168,そして誰もいなくなった,1,兵隊,0.15881087797205762
tr-168,そして誰もいなくなった,2,インディアン,0.14437352542914328
tr-168,そして誰もいなくなった,3,作品,0.12389249315478697
tr-168,そして誰もいなくなった,4,童謡,0.10473132518674426
tr-168,そして誰もいなくなった,5,判事,0.10218919781143519
tr-168,そして誰もいなくなった,6,人形,0.1016739529542731
tr-168,そして誰もいなくなった,7,ウォーグレイヴ,0.09333795998691201
tr-168,そして誰もいなくなった,8,題名,0.08863477629871108
tr-168,そして誰もいなくなった,9,クリスティ,0.07114458444076295
tr-168,そして誰もいなくなった,10,ミステリー,0.06864300120205181
tr-168,そして誰もいなくなった,11,真犯人,0.06511721765328517
tr-168,そして誰もいなくなった,12,改編,0.06511721765328517
tr-168,そして誰もいなくなった,13,推理,0.061591434104518526
tr-168,そして誰もいなくなった,14,アガサ・クリスティ,0.05600277599214721
tr-168,そして誰もいなくなった,15,オーエン,0.05600277599214721
tr-168,そして誰もいなくなった,16,歌詞,0.053819104747804644
tr-168,そして誰もいなくなった,17,殺人,0.05172204338417953
tr-168,そして誰もいなくなった,18,招待客,0.05148225090153886
tr-168,そして誰もいなくなった,19,招待,0.048840676984575684
tr-168,そして誰もいなくなった,20,召使,0.04883791323996387
tr-169,サレカット・イスラム,1,植民,0.19967598515739096
tr-169,サレカット・イスラム,2,支部,0.1242757473052591
tr-169,サレカット・イスラム,3,組織,0.12266259943107423
tr-169,サレカット・イスラム,4,チョクロアミノト,0.11578102002870884
tr-169,サレカット・イスラム,5,政府,0.11198994979767196
tr-169,サレカット・イスラム,6,主義,0.10230187723906761
tr-169,サレカット・イスラム,7,急進,0.06954153984266892
tr-169,サレカット・イスラム,8,路線,0.06823458598894036
tr-169,サレカット・イスラム,9,結成,0.0669135018312747
tr-169,サレカット・イスラム,10,インドネシア,0.06568822803225509
tr-169,サレカット・イスラム,11,商人,0.06554695134686632
tr-169,サレカット・イスラム,12,インド,0.06372623740793676
tr-169,サレカット・イスラム,13,活動,0.06285688659822225
tr-169,サレカット・イスラム,14,議会,0.06263609677922985
tr-169,サレカット・イスラム,15,拡大,0.06164636255174152
tr-169,サレカット・イスラム,16,ムスリム,0.059696019503286214
tr-169,サレカット・イスラム,17,サレカット・イスラム,0.05789051001435442
tr-169,サレカット・イスラム,18,華人,0.05789051001435442
tr-169,サレカット・イスラム,19,イスラム党,0.05789051001435442
tr-169,サレカット・イスラム,20,運動,0.055184544182226
tr-170,エドガー・アラン・ポー,1,ポー,0.4575511086138888
tr-170,エドガー・アラン・ポー,2,アラン,0.1175877269050903
tr-170,エドガー・アラン・ポー,3,リッチモンド,0.07213914165249194
tr-170,エドガー・アラン・ポー,4,メッセンジャー,0.06706251812039131
tr-170,エドガー・アラン・ポー,5,ヴァージニア,0.05751508297439679
tr-170,エドガー・アラン・ポー,6,ボルティモア,0.05474466869906315
tr-170,エドガー・アラン・ポー,7,詩集,0.04838748393253618
tr-170,エドガー・アラン・ポー,8,短編,0.04792010077762872
tr-170,エドガー・アラン・ポー,9,編集,0.04769752487724317
tr-170,エドガー・アラン・ポー,10,生活,0.04394775495695063
tr-170,エドガー・アラン・ポー,11,雑誌,0.0434369762553643
tr-170,エドガー・アラン・ポー,12,出版,0.04040120594624098
tr-170,エドガー・アラン・ポー,13,ボストン,0.0394575403661045
tr-170,エドガー・アラン・ポー,14,エドガー,0.03910333478504511
tr-170,エドガー・アラン・ポー,15,グレアムズ・マガジン,0.03910333478504511
tr-170,エドガー・アラン・ポー,16,義父,0.03870499957387776
tr-170,エドガー・アラン・ポー,17,小説,0.0355083442775344
tr-170,エドガー・アラン・ポー,18,賭博,0.033398585383882226
tr-170,エドガー・アラン・ポー,19,作品,0.03336683070913466
tr-170,エドガー・アラン・ポー,20,エドガー・ポー,0.031282667828036084
tr-171,快楽の園,1,パネル,0.38148083759169427
tr-171,快楽の園,2,祭壇,0.24434358200795786
tr-171,快楽の園,3,作品,0.19269838326695518
tr-171,快楽の園,4,中央,0.18229083410184185
tr-171,快楽の園,5,快楽,0.18155743400998223
tr-171,快楽の園,6,右翼,0.16083628046314438
tr-171,快楽の園,7,左翼,0.15123947317064343
tr-171,快楽の園,8,両翼,0.13019519556746514
tr-171,快楽の園,9,画家,0.09176388701507465
tr-171,快楽の園,10,地球,0.0914752387155756
tr-171,快楽の園,11,解釈,0.09036540989342175
tr-171,快楽の園,12,制作,0.08427763324619988
tr-171,快楽の園,13,寓意,0.08257579179126395
tr-171,快楽の園,14,史家,0.07126796403945998
tr-171,快楽の園,15,警告,0.06881069345036833
tr-171,快楽の園,16,それぞれ,0.06296269033949298
tr-171,快楽の園,17,絵画,0.06283961640004412
tr-171,快楽の園,18,美術,0.05826663517948234
tr-171,快楽の園,19,物語,0.057820004079093615
tr-171,快楽の園,20,教会,0.05409123429637297
tr-172,トーキー,1,トーキー,0.48751205129248204
tr-172,トーキー,2,映画,0.3738468877997316
tr-172,トーキー,3,公開,0.15480696818290288
tr-172,トーキー,4,製作,0.12247817646634845
tr-172,トーキー,5,方式,0.11290723779864144
tr-172,トーキー,6,録音,0.09487136423342886
tr-172,トーキー,7,サウンド,0.09407218234493604
tr-172,トーキー,8,無声,0.09375231755624654
tr-172,トーキー,9,発声,0.0757091856272882
tr-172,トーキー,10,フィルム,0.06830024901797763
tr-172,トーキー,11,同期,0.06380323175196496
tr-172,トーキー,12,上映,0.060711332460424566
tr-172,トーキー,13,長編,0.05838237798980238
tr-172,トーキー,14,蓄音機,0.053362090475970035
tr-172,トーキー,15,発明,0.05266099649475042
tr-172,トーキー,16,システム,0.051216660530419705
tr-172,トーキー,17,ヨーロッパ,0.05002519180961003
tr-172,トーキー,18,ドイツ,0.04980281821903552
tr-172,トーキー,19,映写,0.04858448462403646
tr-172,トーキー,20,撮影,0.0485116601373892
tr-173,合成ダイヤモンド,1,合成,0.3888487253705245
tr-173,合成ダイヤモンド,2,ダイヤモンド,0.2843558222028321
tr-173,合成ダイヤモンド,3,グラファイト,0.12562099525929224
tr-173,合成ダイヤモンド,4,圧力,0.12252765754691938
tr-173,合成ダイヤモンド,5,装置,0.1193341924089482
tr-173,合成ダイヤモンド,6,アンビル,0.10767513879367906
tr-173,合成ダイヤモンド,7,基板,0.08549244734260962
tr-173,合成ダイヤモンド,8,炭素,0.07551276440544662
tr-173,合成ダイヤモンド,9,容器,0.07282529333551045
tr-173,合成ダイヤモンド,10,生成,0.07075427385115315
tr-173,合成ダイヤモンド,11,モアッサン,0.06281049762964612
tr-173,合成ダイヤモンド,12,研究,0.06232975171979016
tr-173,合成ダイヤモンド,13,高圧,0.059584330910872195
tr-173,合成ダイヤモンド,14,実験,0.05587814817884197
tr-173,合成ダイヤモンド,15,温度,0.0549100084495371
tr-173,合成ダイヤモンド,16,キュービック,0.05383756939683953
tr-173,合成ダイヤモンド,17,結晶,0.052127206366833254
tr-173,合成ダイヤモンド,18,天然,0.050674788726444105
tr-173,合成ダイヤモンド,19,蒸着,0.044864641164032944
tr-173,合成ダイヤモンド,20,ベルト,0.04325037166727862
tr-174,罪と罰(椎名林檎の曲),1,椎名,0.4166201443295064
tr-174,罪と罰(椎名林檎の曲),2,ツアー,0.18750896713990411
tr-174,罪と罰(椎名林檎の曲),3,楽曲,0.1854110384678291
tr-174,罪と罰(椎名林檎の曲),4,シングル,0.18201214364620819
tr-174,罪と罰(椎名林檎の曲),5,ビデオ,0.15668950362645118
tr-174,罪と罰(椎名林檎の曲),6,ライブ,0.15158190401690366
tr-174,罪と罰(椎名林檎の曲),7,パフォーマンス,0.14726842139566645
tr-174,罪と罰(椎名林檎の曲),8,エクスタシー,0.09799820049981062
tr-174,罪と罰(椎名林檎の曲),9,演奏,0.09659320980820767
tr-174,罪と罰(椎名林檎の曲),10,リリース,0.09473869001056479
tr-174,罪と罰(椎名林檎の曲),11,浅井,0.07882684160863297
tr-174,罪と罰(椎名林檎の曲),12,本能,0.07477797462324473
tr-174,罪と罰(椎名林檎の曲),13,林檎,0.06565593369690513
tr-174,罪と罰(椎名林檎の曲),14,公演,0.06501250283480445
tr-174,罪と罰(椎名林檎の曲),15,ギブス,0.05835682746567575
tr-174,罪と罰(椎名林檎の曲),16,チャート,0.05816262068103723
tr-174,罪と罰(椎名林檎の曲),17,歌詞,0.05297458241937975
tr-174,罪と罰(椎名林檎の曲),18,ベンツ,0.04899910024990531
tr-174,罪と罰(椎名林檎の曲),19,アルバム,0.04846885056753103
tr-174,罪と罰(椎名林檎の曲),20,監督,0.04091666044815052
tr-175,ばね,1,弾性,0.25564963163346793
tr-175,ばね,2,材料,0.20188055143316422
tr-175,ばね,3,振動,0.1982997322293995
tr-175,ばね,4,荷重,0.13496379806320635
tr-175,ばね,5,変形,0.13374279857329263
tr-175,ばね,6,特性,0.12357981945954341
tr-175,ばね,7,エネルギー,0.10127174185337796
tr-175,ばね,8,コイル,0.09077871700499111
tr-175,ばね,9,金属,0.08511179505503011
tr-175,ばね,10,プラスチック,0.08144786066931928
tr-175,ばね,11,固有,0.07595380639003348
tr-175,ばね,12,長所,0.07073448464812464
tr-175,ばね,13,成形,0.06817323510225812
tr-175,ばね,14,重り,0.06777679346131855
tr-175,ばね,15,機械,0.06550199624896023
tr-175,ばね,16,復元,0.06544699118442639
tr-175,ばね,17,ぜんまい,0.06354510190349379
tr-175,ばね,18,強度,0.06261701663815769
tr-175,ばね,19,合金,0.058595948364473696
tr-175,ばね,20,渦巻,0.0580943943954159
tr-176,プリエ,1,プリエ,0.5724728212530603
tr-176,プリエ,2,ドゥミ・プリエ,0.3271273264303202
tr-176,プリエ,3,かかと,0.2922210128351143
tr-176,プリエ,4,レッスン,0.27940302286859187
tr-176,プリエ,5,バレエ,0.2503691161239482
tr-176,プリエ,6,両脚,0.24534549482274015
tr-176,プリエ,7,グラン・プリエ,0.24534549482274015
tr-176,プリエ,8,アキレス腱,0.23376077744822113
tr-176,プリエ,9,動作,0.22659180911164367
tr-176,プリエ,10,ドゥオール,0.1635636632151601
tr-176,プリエ,11,着地,0.13970151143429593
tr-176,プリエ,12,日常,0.10078581814841096
tr-176,プリエ,13,姿勢,0.09148386066433607
tr-176,プリエ,14,他動詞,0.08178183160758005
tr-176,プリエ,15,分詞,0.08178183160758005
tr-176,プリエ,16,アン・ドゥオール,0.08178183160758005
tr-176,プリエ,17,ドゥミ,0.08178183160758005
tr-176,プリエ,18,グラン,0.08178183160758005
tr-176,プリエ,19,とふく,0.08178183160758005
tr-176,プリエ,20,シソンヌ,0.08178183160758005
tr-177,スペイン料理,1,料理,0.3167966102546314
tr-177,スペイン料理,2,スペイン,0.28259772063312216
tr-177,スペイン料理,3,ワイン,0.1326095972540598
tr-177,スペイン料理,4,世紀,0.07629300034942657
tr-177,スペイン料理,5,イベリア,0.06407342311399866
tr-177,スペイン料理,6,トマト,0.061944693250390606
tr-177,スペイン料理,7,教徒,0.061440414073577435
tr-177,スペイン料理,8,タマネギ,0.05756751240281465
tr-177,スペイン料理,9,半島,0.0493699520504365
tr-177,スペイン料理,10,オリーブ,0.04336128527527343
tr-177,スペイン料理,11,煮込み,0.04317563430211099
tr-177,スペイン料理,12,野菜,0.04287359794124846
tr-177,スペイン料理,13,イスラム,0.042634474347279516
tr-177,スペイン料理,14,食生活,0.04195515908981814
tr-177,スペイン料理,15,食材,0.04113872660628754
tr-177,スペイン料理,16,昼食,0.04077399652709006
tr-177,スペイン料理,17,文化,0.040181986644223455
tr-177,スペイン料理,18,食事,0.039599576281828926
tr-177,スペイン料理,19,調理,0.03795464441592025
tr-177,スペイン料理,20,オイル,0.035946340737941514
tr-178,マリ・キュリー,1,ピエール,0.1406013548221258
tr-178,マリ・キュリー,2,彼女,0.1092553139502689
tr-178,マリ・キュリー,3,ラジウム,0.10459202066003014
tr-178,マリ・キュリー,4,キュリー,0.10444184142437649
tr-178,マリ・キュリー,5,研究,0.06606524139337344
tr-178,マリ・キュリー,6,夫妻,0.06272757510282899
tr-178,マリ・キュリー,7,大学,0.05475743056367193
tr-178,マリ・キュリー,8,研究所,0.054513699801209604
tr-178,マリ・キュリー,9,ポーランド,0.049620991021347205
tr-178,マリ・キュリー,10,ワルシャワ,0.047387258365187236
tr-178,マリ・キュリー,11,物理,0.04562006780641636
tr-178,マリ・キュリー,12,元素,0.044559747151043834
tr-178,マリ・キュリー,13,教授,0.04374937143677158
tr-178,マリ・キュリー,14,化学,0.037767669037188874
tr-178,マリ・キュリー,15,フランス,0.037259210404897734
tr-178,マリ・キュリー,16,科学,0.03699102171543245
tr-178,マリ・キュリー,17,放射能,0.035802165587241114
tr-178,マリ・キュリー,18,ウラン,0.03406107450804228
tr-178,マリ・キュリー,19,実験,0.0339009685603853
tr-178,マリ・キュリー,20,女性,0.033794916186579135
tr-179,システィーナの聖母,1,聖母,0.5270779499794119
tr-179,システィーナの聖母,2,マリア,0.3776530151860727
tr-179,システィーナの聖母,3,絵画,0.33713952925737956
tr-179,システィーナの聖母,4,システィーナ,0.25973419716469015
tr-179,システィーナの聖母,5,ラファエロ,0.2328358523904932
tr-179,システィーナの聖母,6,祭壇,0.21848711830341203
tr-179,システィーナの聖母,7,天使,0.21318381402839087
tr-179,システィーナの聖母,8,ドイツ,0.1815323503914628
tr-179,システィーナの聖母,9,キリスト,0.15973791293036477
tr-179,システィーナの聖母,10,サン・シスト,0.13630305267930007
tr-179,システィーナの聖母,11,アルテ・マイスター,0.13630305267930007
tr-179,システィーナの聖母,12,雲の上,0.13630305267930007
tr-179,システィーナの聖母,13,頬杖,0.13630305267930007
tr-179,システィーナの聖母,14,スティーヴス,0.13630305267930007
tr-179,システィーナの聖母,15,ラファエロ・サンティ,0.12530071647993585
tr-179,システィーナの聖母,16,慈愛,0.12530071647993585
tr-179,システィーナの聖母,17,磔刑,0.12530071647993585
tr-179,システィーナの聖母,18,一翼,0.12175875534796426
tr-179,システィーナの聖母,19,シクストゥス,0.12175875534796426
tr-179,システィーナの聖母,20,リック,0.12175875534796426
tr-180,渋谷黎子,1,黎子,0.4718182592745003
tr-180,渋谷黎子,2,池田,0.364900119216516
tr-180,渋谷黎子,3,渋谷,0.3025206253431859
tr-180,渋谷黎子,4,農民,0.22376196735513956
tr-180,渋谷黎子,5,小作,0.22138319149102131
tr-180,渋谷黎子,6,定輔,0.18872730370980012
tr-180,渋谷黎子,7,運動,0.17990565685780638
tr-180,渋谷黎子,8,マルクス主義,0.1798159826524778
tr-180,渋谷黎子,9,女学校,0.13152533260113233
tr-180,渋谷黎子,10,労働,0.09874170893568801
tr-180,渋谷黎子,11,粟野,0.09436365185490006
tr-180,渋谷黎子,12,梅子,0.09436365185490006
tr-180,渋谷黎子,13,三昧,0.09436365185490006
tr-180,渋谷黎子,14,義憤,0.09436365185490006
tr-180,渋谷黎子,15,一点張り,0.09436365185490006
tr-180,渋谷黎子,16,ウメ子,0.0899079913262389
tr-180,渋谷黎子,17,土方,0.08674664987072483
tr-180,渋谷黎子,18,暮し,0.08674664987072483
tr-180,渋谷黎子,19,出奔,0.08429452293320605
tr-180,渋谷黎子,20,挺身,0.08429452293320605
tr-181,ハワイ併合,1,ハワイ,0.33760363314013303
tr-181,ハワイ併合,2,アメリカ,0.10506619557900138
tr-181,ハワイ併合,3,リリウオカラニ,0.10184598187578099
tr-181,ハワイ併合,4,政府,0.09013767105217452
tr-181,ハワイ併合,5,憲法,0.07540246338681542
tr-181,ハワイ併合,6,カラカウア,0.07426778853174584
tr-181,ハワイ併合,7,王国,0.06124770726744444
tr-181,ハワイ併合,8,暫定,0.0514685952228656
tr-181,ハワイ併合,9,併合,0.051229305905312626
tr-181,ハワイ併合,10,ホノルル,0.04481824454985071
tr-181,ハワイ併合,11,スティーブンス,0.04367327877308968
tr-181,ハワイ併合,12,先住,0.04057720249128928
tr-181,ハワイ併合,13,砂糖,0.038811516981114694
tr-181,ハワイ併合,14,条約,0.03847177261588778
tr-181,ハワイ併合,15,カメハメハ,0.03821411892645347
tr-181,ハワイ併合,16,王位,0.037124595393690896
tr-181,ハワイ併合,17,クリーブランド,0.035505052179878115
tr-181,ハワイ併合,18,ドール,0.03485863464988388
tr-181,ハワイ併合,19,公使,0.03289580217633122
tr-181,ハワイ併合,20,製糖,0.031072531245343545
tr-182,進化論裁判,1,進化,0.32001158986324507
tr-182,進化論裁判,2,創造,0.17192214016659815
tr-182,進化論裁判,3,裁判,0.15083588604571643
tr-182,進化論裁判,4,科学,0.14325458178221873
tr-182,進化論裁判,5,聖書,0.14301726015159313
tr-182,進化論裁判,6,スコープス,0.10932640683652194
tr-182,進化論裁判,7,教育,0.0985467006232588
tr-182,進化論裁判,8,ファンダメンタリスト,0.07951011406292505
tr-182,進化論裁判,9,理論,0.07401383028853364
tr-182,進化論裁判,10,法律,0.06352729240773385
tr-182,進化論裁判,11,謬説,0.059632585547193785
tr-182,進化論裁判,12,アメリカ,0.05861331744106326
tr-182,進化論裁判,13,公立,0.05200627641876114
tr-182,進化論裁判,14,アーカンソー,0.04568255288330995
tr-182,進化論裁判,15,論法,0.04439121288727864
tr-182,進化論裁判,16,生物,0.04395962968706105
tr-182,進化論裁判,17,ブライアン,0.04333611128546177
tr-182,進化論裁判,18,学校,0.04257586092151708
tr-182,進化論裁判,19,主張,0.04179563896138043
tr-182,進化論裁判,20,ダーウィニズム,0.03975505703146252
tr-183,パタゴン,1,パタゴニア,0.4666371510287266
tr-183,パタゴン,2,巨人,0.4124721816568554
tr-183,パタゴン,3,マゼラン,0.32242865854927055
tr-183,パタゴン,4,パタゴン,0.2538056842993864
tr-183,パタゴン,5,ピガフェッタ,0.21150473691615532
tr-183,パタゴン,6,航海,0.13374610585334462
tr-183,パタゴン,7,一周,0.13232098801762193
tr-183,パタゴン,8,伝説,0.1277314023924569
tr-183,パタゴン,9,ヨーロッパ,0.11317835603320638
tr-183,パタゴン,10,提督,0.10311804541421385
tr-183,パタゴン,11,報告,0.10080920427377081
tr-183,パタゴン,12,フィート,0.09018008377844193
tr-183,パタゴン,13,探検,0.08547387100329118
tr-183,パタゴン,14,背丈,0.07557439987115024
tr-183,パタゴン,15,乗組,0.06978339824649883
tr-183,パタゴン,16,フランシス,0.0687453636094759
tr-183,パタゴン,17,世紀,0.068713810659541
tr-183,パタゴン,18,船員,0.0654303662043408
tr-183,パタゴン,19,生き残り,0.0641147859814391
tr-183,パタゴン,20,身長,0.061916327347801565
tr-184,黒田硫黄,1,黒田,0.2890930262522782
tr-184,黒田硫黄,2,漫画,0.1752016149621431
tr-184,黒田硫黄,3,作品,0.11499303238741324
tr-184,黒田硫黄,4,茄子,0.10785572594126965
tr-184,黒田硫黄,5,アフタヌーン,0.09244776509251683
tr-184,黒田硫黄,6,月刊,0.09198414471663395
tr-184,黒田硫黄,7,連載,0.07889043019484114
tr-184,黒田硫黄,8,割り,0.0750416064377468
tr-184,黒田硫黄,9,自転車,0.0728477531672275
tr-184,黒田硫黄,10,セクシーボイスアンドロボ,0.06468619449187123
tr-184,黒田硫黄,11,ゼミナール,0.06468619449187123
tr-184,黒田硫黄,12,登場,0.06200306629653236
tr-184,黒田硫黄,13,黒船,0.059464746804037356
tr-184,黒田硫黄,14,大王,0.057459375414387046
tr-184,黒田硫黄,15,天狗,0.05641039570717736
tr-184,黒田硫黄,16,所収,0.05524918531299839
tr-184,黒田硫黄,17,デビュー,0.055049456637200594
tr-184,黒田硫黄,18,マンガ,0.053356044610317364
tr-184,黒田硫黄,19,キャラクター,0.05264934129229674
tr-184,黒田硫黄,20,ロボット,0.05058598976944868
tr-185,国土交通省直轄ダム,1,事業,0.16543745029494458
tr-185,国土交通省直轄ダム,2,計画,0.15696814341032375
tr-185,国土交通省直轄ダム,3,河川,0.11717416263596259
tr-185,国土交通省直轄ダム,4,水系,0.11318804880109831
tr-185,国土交通省直轄ダム,5,開発,0.11063059754353166
tr-185,国土交通省直轄ダム,6,治水,0.10366581107296502
tr-185,国土交通省直轄ダム,7,総合,0.08621950501237151
tr-185,国土交通省直轄ダム,8,直轄,0.08116936450823221
tr-185,国土交通省直轄ダム,9,建設,0.06634388367843162
tr-185,国土交通省直轄ダム,10,施工,0.056705487972202616
tr-185,国土交通省直轄ダム,11,地方,0.05069385314898214
tr-185,国土交通省直轄ダム,12,沖縄,0.049241022391713435
tr-185,国土交通省直轄ダム,13,整備,0.0473299503115187
tr-185,国土交通省直轄ダム,14,支流,0.044953507255007734
tr-185,国土交通省直轄ダム,15,筑後川,0.0441090227116448
tr-185,国土交通省直轄ダム,16,吉野川,0.044051310797789525
tr-185,国土交通省直轄ダム,17,完成,0.04340675446616287
tr-185,国土交通省直轄ダム,18,管理,0.040412318350388846
tr-185,国土交通省直轄ダム,19,国土,0.03981545297937407
tr-185,国土交通省直轄ダム,20,中止,0.039084753722337016
tr-186,緑茶,1,緑茶,1.7532058308616585
tr-186,緑茶,2,パーセント,0.37794681805654107
tr-186,緑茶,3,チャノキ,0.30668186852842516
tr-186,緑茶,4,煎茶,0.30668186852842516
tr-186,緑茶,5,ほうじ茶,0.30668186852842516
tr-186,緑茶,6,抹茶,0.30668186852842516
tr-186,緑茶,7,中国,0.30402564132211235
tr-186,緑茶,8,生産,0.2968768228537565
tr-186,緑茶,9,発酵,0.23983179078193972
tr-186,緑茶,10,抽出,0.22444668663578066
tr-186,緑茶,11,多く,0.21998073752236852
tr-186,緑茶,12,飲料,0.2150765343333703
tr-186,緑茶,13,加熱,0.20766084273414726
tr-186,緑茶,14,成分,0.19710854941651024
tr-186,緑茶,15,処理,0.18767456459359644
tr-186,緑茶,16,供給,0.1638889863259538
tr-186,緑茶,17,主要,0.14677698229706065
tr-186,緑茶,18,国内,0.14311571217114652
tr-186,緑茶,19,以上,0.11545954715391328
tr-187,紀和町花井,1,花井,0.6571754325609112
tr-187,紀和町花井,2,九重,0.19715262976827336
tr-187,紀和町花井,3,和歌山,0.1335010409380447
tr-187,紀和町花井,4,新宮,0.11940098654309718
tr-187,紀和町花井,5,熊野,0.1141205037566929
tr-187,紀和町花井,6,住民,0.10808199955195416
tr-187,紀和町花井,7,北山川,0.10435748993224159
tr-187,紀和町花井,8,三重,0.08852650925340873
tr-187,紀和町花井,9,熊野川,0.08805767127843846
tr-187,紀和町花井,10,紀和,0.08055046059424448
tr-187,紀和町花井,11,男性,0.07316984432182018
tr-187,紀和町花井,12,地名,0.06185685307551914
tr-187,紀和町花井,13,明治,0.054123557358956895
tr-187,紀和町花井,14,尼僧,0.0503440378714028
tr-187,紀和町花井,15,投票,0.0494872310810043
tr-187,紀和町花井,16,左岸,0.04848826928716385
tr-187,紀和町花井,17,伝説,0.046302633367265617
tr-187,紀和町花井,18,平成,0.04610270984242952
tr-187,紀和町花井,19,紅梅,0.043811695504060735
tr-187,紀和町花井,20,日足,0.043811695504060735
tr-188,世界遺産,1,遺産,0.5833484775034204
tr-188,世界遺産,2,登録,0.1301442633252195
tr-188,世界遺産,3,文化,0.12122160581480002
tr-188,世界遺産,4,条約,0.1121899401953374
tr-188,世界遺産,5,ユネスコ,0.10020875342363889
tr-188,世界遺産,6,保護,0.08735699838483564
tr-188,世界遺産,7,国際,0.08603980407968481
tr-188,世界遺産,8,自然,0.08421539168769283
tr-188,世界遺産,9,リスト,0.08109219491984346
tr-188,世界遺産,10,委員,0.07609810410250026
tr-188,世界遺産,11,締約,0.05937488206600453
tr-188,世界遺産,12,普遍,0.05624590127153041
tr-188,世界遺産,13,危機,0.04828280054698267
tr-188,世界遺産,14,物件,0.04758751409892812
tr-188,世界遺産,15,指針,0.0469858796858624
tr-188,世界遺産,16,総会,0.039762597310091165
tr-188,世界遺産,17,文化財,0.03883614764547073
tr-188,世界遺産,18,抹消,0.038034551514090936
tr-188,世界遺産,19,作業,0.037749218786687966
tr-188,世界遺産,20,遺跡,0.03671528149216061
tr-189,バレエ,1,バレエ,0.7607678930454373
tr-189,バレエ,2,ダンサー,0.16855099746268348
tr-189,バレエ,3,振付,0.14149831543988176
tr-189,バレエ,4,ロマンティック・バレエ,0.1242505319439922
tr-189,バレエ,5,ダンス,0.10583348708499474
tr-189,バレエ,6,フランス,0.08589985164087356
tr-189,バレエ,7,舞踊,0.07323722739519692
tr-189,バレエ,8,舞踏,0.07323722739519692
tr-189,バレエ,9,マリウス・プティパ,0.06902807330221788
tr-189,バレエ,10,モダン,0.06832490278475528
tr-189,バレエ,11,上演,0.06777331306967939
tr-189,バレエ,12,舞台,0.061628336072330675
tr-189,バレエ,13,ポワント,0.05522245864177431
tr-189,バレエ,14,クラシック,0.05462486213478979
tr-189,バレエ,15,作品,0.05235695622526596
tr-189,バレエ,16,宮廷,0.050024710004505625
tr-189,バレエ,17,オペラ,0.04905293946147833
tr-189,バレエ,18,技法,0.04674038260897205
tr-189,バレエ,19,世紀,0.04485177994818915
tr-189,バレエ,20,確立,0.04234620936785302
tr-190,七年戦争,1,プロイセン,0.26410127112003584
tr-190,七年戦争,2,オーストリア,0.22956339332677034
tr-190,七年戦争,3,戦争,0.2026804253836688
tr-190,七年戦争,4,フランス,0.19199106192336177
tr-190,七年戦争,5,イギリス,0.14649966780704315
tr-190,七年戦争,6,同盟,0.14498044809065366
tr-190,七年戦争,7,ロシア,0.10094818081568502
tr-190,七年戦争,8,シュレージエン,0.09412026487020551
tr-190,七年戦争,9,ハノーファー,0.0869081585523881
tr-190,七年戦争,10,参戦,0.07255145606588193
tr-190,七年戦争,11,ポーランド,0.06716045410534394
tr-190,七年戦争,12,条約,0.06256973570841626
tr-190,七年戦争,13,ヨーロッパ,0.06107928048499625
tr-190,七年戦争,14,ザクセン,0.05644825164144231
tr-190,七年戦争,15,植民,0.04845579462578813
tr-190,七年戦争,16,スウェーデン,0.04720533626756211
tr-190,七年戦争,17,スペイン,0.04681599992970798
tr-190,七年戦争,18,フリードリヒ,0.044623536253896805
tr-190,七年戦争,19,外交,0.04274014827369541
tr-190,七年戦争,20,カウニッツ,0.04214523837445843
tr-191,神岡水電,1,神岡,0.2694807747039503
tr-191,神岡水電,2,発電,0.2689679332678359
tr-191,神岡水電,3,三井鉱山,0.25957713708778474
tr-191,神岡水電,4,電力,0.2379825513629021
tr-191,神岡水電,5,高原川,0.15373972699821734
tr-191,神岡水電,6,水力,0.14457792843237682
tr-191,神岡水電,7,送電,0.1334944345350068
tr-191,神岡水電,8,水利,0.09317353706160897
tr-191,神岡水電,9,大同,0.09121116871061181
tr-191,神岡水電,10,昭和,0.08766392608358647
tr-191,神岡水電,11,鉱山,0.07837018527263144
tr-191,神岡水電,12,出資,0.07342062553236868
tr-191,神岡水電,13,大正,0.07000126031283783
tr-191,神岡水電,14,猪谷,0.06449301583526111
tr-191,神岡水電,15,建設,0.0597769473346624
tr-191,神岡水電,16,軌道,0.059508030045998216
tr-191,神岡水電,17,黒部川,0.05804371425173499
tr-191,神岡水電,18,三井,0.052947043806441274
tr-191,神岡水電,19,事業,0.05043447947833744
tr-191,神岡水電,20,キロワット,0.04832492131068852
tr-192,一家四人死刑事件,1,自白,0.40973906984919195
tr-192,一家四人死刑事件,2,次男,0.21319098726294572
tr-192,一家四人死刑事件,3,長男,0.19058459086391719
tr-192,一家四人死刑事件,4,予審,0.14391774835970791
tr-192,一家四人死刑事件,5,祖母,0.13731274376372515
tr-192,一家四人死刑事件,6,共犯,0.13712224375454313
tr-192,一家四人死刑事件,7,死刑,0.13636169092755093
tr-192,一家四人死刑事件,8,新潟,0.13544946758631618
tr-192,一家四人死刑事件,9,納屋,0.1323007565067479
tr-192,一家四人死刑事件,10,判決,0.12551235426203808
tr-192,一家四人死刑事件,11,事件,0.11643161203908678
tr-192,一家四人死刑事件,12,犯行,0.11254676215465328
tr-192,一家四人死刑事件,13,殺害,0.11002303179142477
tr-192,一家四人死刑事件,14,当時,0.10196362707205617
tr-192,一家四人死刑事件,15,殺人,0.09968773724883763
tr-192,一家四人死刑事件,16,被害,0.09632237317943797
tr-192,一家四人死刑事件,17,中蒲原,0.0959451655731386
tr-192,一家四人死刑事件,18,撲殺,0.08820050433783194
tr-192,一家四人死刑事件,19,滅多,0.08570728030080167
tr-192,一家四人死刑事件,20,否認,0.08570728030080167
tr-193,南極の気候,1,南極,0.5656063672345899
tr-193,南極の気候,2,気温,0.15505500740384998
tr-193,南極の気候,3,南極大陸,0.11231744793722108
tr-193,南極の気候,4,気候,0.10668674071381855
tr-193,南極の気候,5,観測,0.10324139997356621
tr-193,南極の気候,6,平均,0.10066768069077195
tr-193,南極の気候,7,報告,0.10028431714585226
tr-193,南極の気候,8,温暖,0.09978729367802375
tr-193,南極の気候,9,降水,0.09297003555939534
tr-193,南極の気候,10,寒冷,0.09058147577991234
tr-193,南極の気候,11,大陸,0.07979539339654565
tr-193,南極の気候,12,基地,0.07777010728432646
tr-193,南極の気候,13,温度,0.06437841113164718
tr-193,南極の気候,14,融解,0.06323746609394315
tr-193,南極の気候,15,上昇,0.05926601216374314
tr-193,南極の気候,16,乾燥,0.053939065545398825
tr-193,南極の気候,17,半島,0.05277904243286954
tr-193,南極の気候,18,地域,0.05240897924766295
tr-193,南極の気候,19,海面,0.05085131829816685
tr-193,南極の気候,20,海流,0.04338753397868074
tr-194,第二次世界大戦,1,ドイツ,0.17713156613954856
tr-194,第二次世界大戦,2,ソ連,0.10829334692218164
tr-194,第二次世界大戦,3,ポーランド,0.10228401482558819
tr-194,第二次世界大戦,4,イギリス,0.07349261270907302
tr-194,第二次世界大戦,5,戦争,0.07044907715075445
tr-194,第二次世界大戦,6,アメリカ,0.06028798365366507
tr-194,第二次世界大戦,7,連合,0.0556349363350261
tr-194,第二次世界大戦,8,枢軸,0.04916678807659663
tr-194,第二次世界大戦,9,侵攻,0.047495261122384266
tr-194,第二次世界大戦,10,イタリア,0.04346975512055835
tr-194,第二次世界大戦,11,フランス,0.042404529937002666
tr-194,第二次世界大戦,12,戦線,0.03971388381069033
tr-194,第二次世界大戦,13,本土,0.039023510793571727
tr-194,第二次世界大戦,14,宣戦,0.03872647116036173
tr-194,第二次世界大戦,15,条約,0.03746140283001598
tr-194,第二次世界大戦,16,大戦,0.037207760850137224
tr-194,第二次世界大戦,17,占領,0.036862550529783884
tr-194,第二次世界大戦,18,降伏,0.03452557915696812
tr-194,第二次世界大戦,19,ヒトラー,0.033674242636042497
tr-194,第二次世界大戦,20,布告,0.03041486344108267
tr-195,京子,1,動物,0.3374233682359032
tr-195,京子,2,京子,0.28493229091947353
tr-195,京子,3,上野,0.20223614422391534
tr-195,京子,4,昭和,0.1283254945540445
tr-195,京子,5,飼育,0.07583117996492202
tr-195,京子,6,太郎,0.06698958171662149
tr-195,京子,7,黒川,0.06678558595578638
tr-195,京子,8,園長,0.06385610130858677
tr-195,京子,9,プール,0.06358077354686253
tr-195,京子,10,東京,0.060839295705657534
tr-195,京子,11,ヒョウ,0.054733801121645796
tr-195,京子,12,福田,0.05373729819161204
tr-195,京子,13,到着,0.05126596045033694
tr-195,京子,14,引っ越し,0.04770398996841884
tr-195,京子,15,古賀,0.04478108182634337
tr-195,京子,16,飼料,0.0428006481751087
tr-195,京子,17,ハーゲンベック,0.042721852332317935
tr-195,京子,18,処分,0.04101529750326558
tr-195,京子,19,絶食,0.039273358896696316
tr-195,京子,20,草食,0.039273358896696316
tr-196,エルヴィン・ロンメル,1,ロンメル,0.5093280563697884
tr-196,エルヴィン・ロンメル,2,歩兵,0.12036903096543955
tr-196,エルヴィン・ロンメル,3,大隊,0.10157623481450678
tr-196,エルヴィン・ロンメル,4,連隊,0.091252637276858
tr-196,エルヴィン・ロンメル,5,ドイツ,0.07537087180665313
tr-196,エルヴィン・ロンメル,6,ヒトラー,0.06938085371421868
tr-196,エルヴィン・ロンメル,7,小隊,0.05750012067393519
tr-196,エルヴィン・ロンメル,8,フランス,0.05559803092676728
tr-196,エルヴィン・ロンメル,9,中隊,0.04837489613754853
tr-196,エルヴィン・ロンメル,10,ルーマニア,0.047402242913436504
tr-196,エルヴィン・ロンメル,11,戦線,0.04675694362727329
tr-196,エルヴィン・ロンメル,12,陸軍,0.04530519686346493
tr-196,エルヴィン・ロンメル,13,ヴュルテンベルク,0.04495815582315929
tr-196,エルヴィン・ロンメル,14,攻撃,0.04485355046597138
tr-196,エルヴィン・ロンメル,15,ブレド,0.044677899681560385
tr-196,エルヴィン・ロンメル,16,山岳,0.041295786791864075
tr-196,エルヴィン・ロンメル,17,隷下,0.039910518142152705
tr-196,エルヴィン・ロンメル,18,ギムナジウム,0.036304133227688884
tr-196,エルヴィン・ロンメル,19,ルーツィエ,0.03574231974524831
tr-196,エルヴィン・ロンメル,20,ヴァイ,0.03385874493816893
tr-197,ファットマン,1,ファットマン,0.28033462896412753
tr-197,ファットマン,2,プルトニウム,0.22131681234010064
tr-197,ファットマン,3,爆縮,0.19180790402808723
tr-197,ファットマン,4,中性子,0.1415348459302504
tr-197,ファットマン,5,インプロージョン,0.11803563324805368
tr-197,ファットマン,6,レンズ,0.09736102985593995
tr-197,ファットマン,7,爆弾,0.09254230876316785
tr-197,ファットマン,8,爆薬,0.08519090112394745
tr-197,ファットマン,9,ウラン,0.08392367842703201
tr-197,ファットマン,10,原爆,0.08277733605825147
tr-197,ファットマン,11,原子,0.08225983001170475
tr-197,ファットマン,12,核分裂,0.07908042873115205
tr-197,ファットマン,13,核兵器,0.07095200233564411
tr-197,ファットマン,14,方式,0.06877764096687003
tr-197,ファットマン,15,バレル,0.06781739809481065
tr-197,ファットマン,16,起爆,0.06781739809481065
tr-197,ファットマン,17,投下,0.06708918326923782
tr-197,ファットマン,18,長崎,0.06695304472261306
tr-197,ファットマン,19,開発,0.0603859962629642
tr-197,ファットマン,20,生産,0.0571309349821662
tr-198,ロンドン自然史博物館,1,博物館,0.8451982061384788
tr-198,ロンドン自然史博物館,2,自然,0.2743164644782112
tr-198,ロンドン自然史博物館,3,標本,0.19861628775992213
tr-198,ロンドン自然史博物館,4,オーウェン,0.16584379481123798
tr-198,ロンドン自然史博物館,5,コレクション,0.12130545878415246
tr-198,ロンドン自然史博物館,6,ブルームズベリー,0.11604178809183656
tr-198,ロンドン自然史博物館,7,モンタギュー・ハウス,0.11604178809183656
tr-198,ロンドン自然史博物館,8,部門,0.10546017679966481
tr-198,ロンドン自然史博物館,9,ロンドン,0.0949686415382688
tr-198,ロンドン自然史博物館,10,収蔵,0.08712197507161668
tr-198,ロンドン自然史博物館,11,新館,0.08492577332164675
tr-198,ロンドン自然史博物館,12,移動,0.08218566538464828
tr-198,ロンドン自然史博物館,13,膨大,0.07625207215715493
tr-198,ロンドン自然史博物館,14,英国,0.07150345206475102
tr-198,ロンドン自然史博物館,15,公式,0.06430339084198392
tr-198,ロンドン自然史博物館,16,科学,0.05973550128370511
tr-198,ロンドン自然史博物館,17,自体,0.05806260645469613
tr-198,ロンドン自然史博物館,18,ロンドン・サウスケンジントン,0.05802089404591828
tr-198,ロンドン自然史博物館,19,エキシビション,0.05802089404591828
tr-198,ロンドン自然史博物館,20,ハンス・スローン,0.05802089404591828
tr-199,ニーマン・ピック病,1,ニーマン,0.3638598440167756
tr-199,ニーマン・ピック病,2,ピック,0.3189447895691831
tr-199,ニーマン・ピック病,3,遺伝子,0.20479908215175163
tr-199,ニーマン・ピック病,4,細胞,0.197101816832411
tr-199,ニーマン・ピック病,5,コレステロール,0.1690176620847165
tr-199,ニーマン・ピック病,6,スフィンゴミエリン,0.1664059771665303
tr-199,ニーマン・ピック病,7,分解,0.13327710160197773
tr-199,ニーマン・ピック病,8,変異,0.12782048594851236
tr-199,ニーマン・ピック病,9,蓄積,0.12375730863040788
tr-199,ニーマン・ピック病,10,リソソーム,0.1164351500853682
tr-199,ニーマン・ピック病,11,神経,0.10727570969853657
tr-199,ニーマン・ピック病,12,患者,0.08454767615195312
tr-199,ニーマン・ピック病,13,代謝,0.07967293388688168
tr-199,ニーマン・ピック病,14,異常,0.07962401423607607
tr-199,ニーマン・ピック病,15,脂質,0.07797512726741607
tr-199,ニーマン・ピック病,16,酵素,0.07456195013663222
tr-199,ニーマン・ピック病,17,タンパク質,0.07398308378207964
tr-199,ニーマン・ピック病,18,スフィンゴミエリナーゼ,0.07277196880335512
tr-199,ニーマン・ピック病,19,神経症,0.06689784015454203
tr-199,ニーマン・ピック病,20,発症,0.061640986520213374
tr-200,鹿島神宮,1,鹿島,0.4133251964680925
tr-200,鹿島神宮,2,神宮,0.3053854039922691
tr-200,鹿島神宮,3,常陸,0.1533120112991262
tr-200,鹿島神宮,4,タケミカヅチ,0.1115206794648819
tr-200,鹿島神宮,5,風土記,0.11112620227728086
tr-200,鹿島神宮,6,香取,0.10318861640033222
tr-200,鹿島神宮,7,藤原,0.09447919030803688
tr-200,鹿島神宮,8,禰宜,0.09293389955406824
tr-200,鹿島神宮,9,物忌,0.09293389955406824
tr-200,鹿島神宮,10,武家,0.07906169249691179
tr-200,鹿島神宮,11,神社,0.07639739682834988
tr-200,鹿島神宮,12,神職,0.06505372968784777
tr-200,鹿島神宮,13,雷神,0.05576033973244095
tr-200,鹿島神宮,14,祭祀,0.053659203954694173
tr-200,鹿島神宮,15,軍神,0.053127449420050266
tr-200,鹿島神宮,16,崇敬,0.05286101823001367
tr-200,鹿島神宮,17,大神,0.05125938401451922
tr-200,鹿島神宮,18,社殿,0.048626493702128536
tr-200,鹿島神宮,19,朝廷,0.04799848878931371
tr-200,鹿島神宮,20,境内,0.041863806203244376
tr-201,四候会議,1,慶喜,0.3247492642638405
tr-201,四候会議,2,開港,0.18626352218392986
tr-201,四候会議,3,久光,0.16296671553919237
tr-201,四候会議,4,兵庫,0.14590323503765373
tr-201,四候会議,5,薩摩,0.12223628157130169
tr-201,四候会議,6,長州,0.11563325187508927
tr-201,四候会議,7,会議,0.10857576679649072
tr-201,四候会議,8,幕府,0.09550244851737381
tr-201,四候会議,9,朝廷,0.08324409442584627
tr-201,四候会議,10,藩主,0.07462619260098902
tr-201,四候会議,11,容堂,0.07166388797682692
tr-201,四候会議,12,倒幕,0.06914404500644636
tr-201,四候会議,13,勅許,0.0630726828409578
tr-201,四候会議,14,西郷,0.0630726828409578
tr-201,四候会議,15,将軍,0.060372153403591686
tr-201,四候会議,16,主導,0.05859923646498726
tr-201,四候会議,17,徳川,0.05850254024097088
tr-201,四候会議,18,宗城,0.057620037505371965
tr-201,四候会議,19,政局,0.053535250732120704
tr-201,四候会議,20,摂政,0.05309223656485532
tr-202,ボーイング757,1,航空,0.2566693896818758
tr-202,ボーイング757,2,ボーイング,0.13510292014049452
tr-202,ボーイング757,3,開発,0.08867961758690592
tr-202,ボーイング757,4,エンジン,0.07846516349861218
tr-202,ボーイング757,5,機体,0.07645651582155558
tr-202,ボーイング757,6,胴体,0.07594504212357274
tr-202,ボーイング757,7,ブリティッシュ・エアウェイズ,0.07208270872596789
tr-202,ボーイング757,8,ナローボディ,0.06467355577031304
tr-202,ボーイング757,9,イースタン,0.06450530957823472
tr-202,ボーイング757,10,会社,0.06219818978786325
tr-202,ボーイング757,11,旅客機,0.055041930427608875
tr-202,ボーイング757,12,就航,0.05293046054635372
tr-202,ボーイング757,13,受注,0.049614726078225604
tr-202,ボーイング757,14,設計,0.04907365572804722
tr-202,ボーイング757,15,機種,0.04680551255103001
tr-202,ボーイング757,16,米国,0.04624148898449862
tr-202,ボーイング757,17,飛行,0.04624148898449862
tr-202,ボーイング757,18,主翼,0.044291750220999786
tr-202,ボーイング757,19,操縦,0.042176682615633274
tr-202,ボーイング757,20,尾翼,0.04076836821999103
tr-203,エアバスA300,1,エアバス,0.15119048784401007
tr-203,エアバスA300,2,開発,0.10865406072948197
tr-203,エアバスA300,3,旅客機,0.09697944295638646
tr-203,エアバスA300,4,航空,0.0906816903338278
tr-203,エアバスA300,5,主翼,0.07948364956747714
tr-203,エアバスA300,6,エンジン,0.07509838020440529
tr-203,エアバスA300,7,ホーカー・シドレー,0.06655940251463709
tr-203,エアバスA300,8,政府,0.06464590434552343
tr-203,エアバスA300,9,大型,0.059845563749035526
tr-203,エアバスA300,10,欧州,0.05820347269430731
tr-203,エアバスA300,11,設計,0.05661321822878491
tr-203,エアバスA300,12,機体,0.05659700030277146
tr-203,エアバスA300,13,フランス,0.05148610717477558
tr-203,エアバスA300,14,メーカー,0.04997690658827779
tr-203,エアバスA300,15,計画,0.04714097699537394
tr-203,エアバスA300,16,座席,0.04599685756356563
tr-203,エアバスA300,17,胴体,0.04599685756356563
tr-203,エアバスA300,18,イギリス,0.04089808127149089
tr-203,エアバスA300,19,メートル,0.04071567797847813
tr-203,エアバスA300,20,ドイチェ・エアバス,0.03993564150878225
tr-204,火星の生命,1,火星,0.675944522251181
tr-204,火星の生命,2,観測,0.2315131668363281
tr-204,火星の生命,3,地球,0.2300493354603017
tr-204,火星の生命,4,運河,0.1996914301872112
tr-204,火星の生命,5,生命,0.19393185348734968
tr-204,火星の生命,6,シェル,0.19287851672346465
tr-204,火星の生命,7,ハー,0.16029649910763002
tr-204,火星の生命,8,ウィリアム,0.1329308406915948
tr-204,火星の生命,9,世紀,0.12454378182041807
tr-204,火星の生命,10,望遠鏡,0.1173605231831007
tr-204,火星の生命,11,存在,0.11340879524788802
tr-204,火星の生命,12,天文学,0.10972759434690535
tr-204,火星の生命,13,中盤,0.1082386370444223
tr-204,火星の生命,14,文明,0.10076166677909756
tr-204,火星の生命,15,大気,0.10076166677909756
tr-204,火星の生命,16,推測,0.08366285087895108
tr-204,火星の生命,17,アメリカ合衆国,0.07722165074561765
tr-204,火星の生命,18,極冠,0.07667046713210629
tr-204,火星の生命,19,パーシヴァル・ローウェル,0.07667046713210629
tr-204,火星の生命,20,ハーバート・ジョージ・ウェルズ,0.07667046713210629
tr-205,土佐のほっぱん,1,ツツガムシ,0.49748897564812555
tr-205,土佐のほっぱん,2,伊田,0.24874448782406278
tr-205,土佐のほっぱん,3,高知,0.17211670821087838
tr-205,土佐のほっぱん,4,リケッチア,0.13395611302133578
tr-205,土佐のほっぱん,5,地区,0.10983019076896033
tr-205,土佐のほっぱん,6,沢田,0.09941996395763174
tr-205,土佐のほっぱん,7,発疹,0.07728767341986649
tr-205,土佐のほっぱん,8,発症,0.0763395928776782
tr-205,土佐のほっぱん,9,トサツツガムシ,0.07570484412036693
tr-205,土佐のほっぱん,10,名主,0.06151584489235847
tr-205,土佐のほっぱん,11,確認,0.05448923382244609
tr-205,土佐のほっぱん,12,土佐,0.05352404223188638
tr-205,土佐のほっぱん,13,川村,0.051521581931283
tr-205,土佐のほっぱん,14,媒介,0.050185255690734946
tr-205,土佐のほっぱん,15,熱病,0.04970998197881587
tr-205,土佐のほっぱん,16,研究,0.048610556849476294
tr-205,土佐のほっぱん,17,ドブネズミ,0.04830479588741656
tr-205,土佐のほっぱん,18,事例,0.04528933678935796
tr-205,土佐のほっぱん,19,ネズミ,0.044947367676428054
tr-205,土佐のほっぱん,20,お上,0.041217265545026395
tr-206,オーストラリアの動物相,1,オーストラリア,0.36162623959170775
tr-206,オーストラリアの動物相,2,分布,0.14504047604952394
tr-206,オーストラリアの動物相,3,固有,0.092549966726775
tr-206,オーストラリアの動物相,4,大陸,0.0819689887291722
tr-206,オーストラリアの動物相,5,動物,0.07537882413494476
tr-206,オーストラリアの動物相,6,ゴンドワナ,0.07189385371799599
tr-206,オーストラリアの動物相,7,淡水,0.06425182642288191
tr-206,オーストラリアの動物相,8,生息,0.06362196795528637
tr-206,オーストラリアの動物相,9,絶滅,0.049650255945963166
tr-206,オーストラリアの動物相,10,クジラ,0.04951062185477487
tr-206,オーストラリアの動物相,11,ニッチ,0.046924001742054126
tr-206,オーストラリアの動物相,12,哺乳類,0.04360220497888175
tr-206,オーストラリアの動物相,13,両生類,0.04233904844096916
tr-206,オーストラリアの動物相,14,胎盤,0.04007830246065867
tr-206,オーストラリアの動物相,15,クイーンズランド,0.03934862271954106
tr-206,オーストラリアの動物相,16,地域,0.03740225513521738
tr-206,オーストラリアの動物相,17,感染,0.03564619336675173
tr-206,オーストラリアの動物相,18,最大,0.03377127019287874
tr-206,オーストラリアの動物相,19,水域,0.033345276879824616
tr-206,オーストラリアの動物相,20,昆虫,0.03231116759218238
tr-207,ヘビの鱗,1,脱皮,0.24782020243588385
tr-207,ヘビの鱗,2,皮膚,0.2152530263931394
tr-207,ヘビの鱗,3,ラトル,0.09884422813002482
tr-207,ヘビの鱗,4,ガラガラヘビ,0.0741331710975186
tr-207,ヘビの鱗,5,爬虫類,0.07355243443406832
tr-207,ヘビの鱗,6,表皮,0.06464874846153491
tr-207,ヘビの鱗,7,地面,0.05535589792527067
tr-207,ヘビの鱗,8,身体,0.05447952434408016
tr-207,ヘビの鱗,9,角質,0.05276495935468012
tr-207,ヘビの鱗,10,形状,0.051425849793124444
tr-207,ヘビの鱗,11,板の間,0.04942211406501241
tr-207,ヘビの鱗,12,成長,0.04854842551169938
tr-207,ヘビの鱗,13,頭部,0.045841274122046576
tr-207,ヘビの鱗,14,頭頂,0.04309916564102328
tr-207,ヘビの鱗,15,全身,0.043053256355046914
tr-207,ヘビの鱗,16,鼻孔,0.04144344148302742
tr-207,ヘビの鱗,17,表面,0.04136635795358599
tr-207,ヘビの鱗,18,先端,0.03953992708947906
tr-207,ヘビの鱗,19,背中,0.035621277962575734
tr-207,ヘビの鱗,20,運動,0.03533398872099362
tr-208,フランツ・ヨーゼフ1世,1,オーストリア,0.24336843629148805
tr-208,フランツ・ヨーゼフ1世,2,フランツ・ヨーゼフ,0.2401200042048961
tr-208,フランツ・ヨーゼフ1世,3,フランツ,0.21681446647036004
tr-208,フランツ・ヨーゼフ1世,4,ハンガリー,0.1501846896479325
tr-208,フランツ・ヨーゼフ1世,5,帝国,0.13893138048858453
tr-208,フランツ・ヨーゼフ1世,6,皇帝,0.1078257629145698
tr-208,フランツ・ヨーゼフ1世,7,メッテルニヒ,0.09795162340831831
tr-208,フランツ・ヨーゼフ1世,8,大公,0.09101753054527027
tr-208,フランツ・ヨーゼフ1世,9,ヨーゼフ,0.08366155152434072
tr-208,フランツ・ヨーゼフ1世,10,フェルディナント,0.08079484701923534
tr-208,フランツ・ヨーゼフ1世,11,主義,0.07868015100481349
tr-208,フランツ・ヨーゼフ1世,12,革命,0.0715669737011782
tr-208,フランツ・ヨーゼフ1世,13,ウィーン,0.06784830786137619
tr-208,フランツ・ヨーゼフ1世,14,王国,0.06734918989256627
tr-208,フランツ・ヨーゼフ1世,15,カール,0.05878066670316454
tr-208,フランツ・ヨーゼフ1世,16,即位,0.055453219295352685
tr-208,フランツ・ヨーゼフ1世,17,北イタリア,0.05233721845290859
tr-208,フランツ・ヨーゼフ1世,18,統治,0.05224059848171217
tr-208,フランツ・ヨーゼフ1世,19,抑圧,0.05050328646190563
tr-208,フランツ・ヨーゼフ1世,20,自由,0.047546597463870424
tr-209,マイン川,1,マイン,0.6027058389724231
tr-209,マイン川,2,都市,0.09089852830775695
tr-209,マイン川,3,マインドライエック,0.08762339100812147
tr-209,マイン川,4,運河,0.07417110264096416
tr-209,マイン川,5,蛇行,0.07120055516695718
tr-209,マイン川,6,シュヴァインフルト,0.0700987128064972
tr-209,マイン川,7,ライン,0.06350075433224998
tr-209,マイン川,8,ドナウ,0.06240611800623536
tr-209,マイン川,9,ヴュルツブルク,0.05479143990658392
tr-209,マイン川,10,マインフィーアエック,0.05257403460487289
tr-209,マイン川,11,ヴェルトハイム,0.05009159516747596
tr-209,マイン川,12,ベルク,0.04984038861687003
tr-209,マイン川,13,水源,0.047724508529556765
tr-209,マイン川,14,山地,0.04721413826848466
tr-209,マイン川,15,河口,0.04697044061011991
tr-209,マイン川,16,合流,0.046079629184521236
tr-209,マイン川,17,左岸,0.045255718001352925
tr-209,マイン川,18,右岸,0.04420855032855381
tr-209,マイン川,19,ゲミュンデン・アム・マイン,0.043811695504060735
tr-209,マイン川,20,ドイツ,0.04278976830655909
tr-210,コレステロール,1,コレステロール,0.7233659569756602
tr-210,コレステロール,2,細胞,0.12623074293744638
tr-210,コレステロール,3,ステロイド,0.1165632099216028
tr-210,コレステロール,4,胆汁,0.10928550429128679
tr-210,コレステロール,5,脂質,0.09809237758587522
tr-210,コレステロール,6,合成,0.08678363576949438
tr-210,コレステロール,7,液晶,0.07620569908542532
tr-210,コレステロール,8,肝臓,0.06180943750313769
tr-210,コレステロール,9,体内,0.05769323188648194
tr-210,コレステロール,10,構造,0.05576330399345589
tr-210,コレステロール,11,コレステリック,0.05243136422602656
tr-210,コレステロール,12,生体,0.04967858075176041
tr-210,コレステロール,13,水素,0.048137940320510525
tr-210,コレステロール,14,神経,0.0468429767278672
tr-210,コレステロール,15,分子,0.046154585509185546
tr-210,コレステロール,16,生成,0.045937476306345704
tr-210,コレステロール,17,タンパク質,0.04230472904770982
tr-210,コレステロール,18,代謝,0.04100244998442932
tr-210,コレステロール,19,輸送,0.04080164785588755
tr-210,コレステロール,20,ホルモン,0.04064303951222683
tr-211,皇居の生物相,1,皇居,0.4476171703420225
tr-211,皇居の生物相,2,吹上御苑,0.2204793973744895
tr-211,皇居の生物相,3,確認,0.10630086401725355
tr-211,皇居の生物相,4,江戸城,0.08095654086624643
tr-211,皇居の生物相,5,昭和,0.08086587110870544
tr-211,皇居の生物相,6,生息,0.07417240627065141
tr-211,皇居の生物相,7,年度,0.06688521836580431
tr-211,皇居の生物相,8,調査,0.06432379773115499
tr-211,皇居の生物相,9,平成,0.05494944605543628
tr-211,皇居の生物相,10,生育,0.053628717712136995
tr-211,皇居の生物相,11,道灌,0.05221880464132646
tr-211,皇居の生物相,12,徳川,0.05028620857585383
tr-211,皇居の生物相,13,東京,0.04682159311401617
tr-211,皇居の生物相,14,自然,0.0466337989612959
tr-211,皇居の生物相,15,アズマモグラ,0.04422501194966346
tr-211,皇居の生物相,16,庭園,0.042133223389408295
tr-211,皇居の生物相,17,生物,0.04170224329772549
tr-211,皇居の生物相,18,ウシガエル,0.04146379236173919
tr-211,皇居の生物相,19,植物,0.039319643517669214
tr-211,皇居の生物相,20,ギンブナ,0.03869688545595553
tr-212,ルイ14世(フランス王),1,フランス,0.1017708718488064
tr-212,ルイ14世(フランス王),2,マザラン,0.09302683345362231
tr-212,ルイ14世(フランス王),3,スペイン,0.09141311652941417
tr-212,ルイ14世(フランス王),4,夫人,0.07455146726989219
tr-212,ルイ14世(フランス王),5,戦争,0.0611794617361815
tr-212,ルイ14世(フランス王),6,貴族,0.05747635340289538
tr-212,ルイ14世(フランス王),7,摂政,0.05556250034947011
tr-212,ルイ14世(フランス王),8,侯爵,0.05556250034947011
tr-212,ルイ14世(フランス王),9,高等法院,0.051138677246145
tr-212,ルイ14世(フランス王),10,王妃,0.04409281588270271
tr-212,ルイ14世(フランス王),11,ユグノー,0.04368280017574547
tr-212,ルイ14世(フランス王),12,モンテスパン,0.042935461593979526
tr-212,ルイ14世(フランス王),13,アンリ,0.04131758704511451
tr-212,ルイ14世(フランス王),14,オランダ,0.03956366671835495
tr-212,ルイ14世(フランス王),15,彼女,0.03956366671835495
tr-212,ルイ14世(フランス王),16,バレエ,0.038337770906479565
tr-212,ルイ14世(フランス王),17,国王,0.037738081929798675
tr-212,ルイ14世(フランス王),18,マント,0.03667164675150268
tr-212,ルイ14世(フランス王),19,フロンド,0.03577955132831627
tr-212,ルイ14世(フランス王),20,オルレアン,0.0344117211327874
tr-213,中川の箒スギ,1,中川,0.16530836295640086
tr-213,中川の箒スギ,2,神奈川,0.1499039049966847
tr-213,中川の箒スギ,3,丹沢,0.12587118785673446
tr-213,中川の箒スギ,4,ほうき,0.11801233210648845
tr-213,中川の箒スギ,5,名木,0.11801233210648845
tr-213,中川の箒スギ,6,集落,0.11227850276072883
tr-213,中川の箒スギ,7,巨木,0.11078150704116944
tr-213,中川の箒スギ,8,根元,0.10734852932864314
tr-213,中川の箒スギ,9,昭和,0.10581917704764283
tr-213,中川の箒スギ,10,付近,0.10508861407855807
tr-213,中川の箒スギ,11,天然記念物,0.09830565756091825
tr-213,中川の箒スギ,12,メートル,0.09004903325403274
tr-213,中川の箒スギ,13,地区,0.08944120150826103
tr-213,中川の箒スギ,14,樹木,0.0885212149959952
tr-213,中川の箒スギ,15,富士急,0.08807274173124005
tr-213,中川の箒スギ,16,湘南,0.08807274173124005
tr-213,中川の箒スギ,17,災害,0.08722033210325578
tr-213,中川の箒スギ,18,足柄上,0.08391412523782298
tr-213,中川の箒スギ,19,山北,0.07867488807099231
tr-213,中川の箒スギ,20,土砂崩れ,0.0768049233859261
tr-214,松橋事件,1,再審,0.24858024996274836
tr-214,松橋事件,2,自白,0.18259741121080172
tr-214,松橋事件,3,熊本,0.18253755427640253
tr-214,松橋事件,4,犯行,0.16718564668616545
tr-214,松橋事件,5,被害,0.14308468712962155
tr-214,松橋事件,6,松橋,0.1425243538389362
tr-214,松橋事件,7,将棋,0.1273162089115643
tr-214,松橋事件,8,逮捕,0.1259933226766741
tr-214,松橋事件,9,確定,0.12562986708942547
tr-214,松橋事件,10,凶器,0.12429012498137418
tr-214,松橋事件,11,下益城,0.10689326537920213
tr-214,松橋事件,12,否認,0.09548715668367322
tr-214,松橋事件,13,遺体,0.0904829560641785
tr-214,松橋事件,14,聴取,0.08685876854392287
tr-214,松橋事件,15,事件,0.08647825126554579
tr-214,松橋事件,16,無罪,0.08567233477042505
tr-214,松橋事件,17,口論,0.08567233477042505
tr-214,松橋事件,18,仲間,0.0815069153010594
tr-214,松橋事件,19,男性,0.07934323367677319
tr-214,松橋事件,20,弁護士,0.07404192932590015
tr-215,スコモローフ,1,スコモローフ,0.6396705339057898
tr-215,スコモローフ,2,世紀,0.1810523600278764
tr-215,スコモローフ,3,ロシア,0.14444679497202986
tr-215,スコモローフ,4,楽器,0.10875201736044005
tr-215,スコモローフ,5,グースリ,0.09691977786451361
tr-215,スコモローフ,6,楽師,0.07753582229161088
tr-215,スコモローフ,7,ブィリーナ,0.07753582229161088
tr-215,スコモローフ,8,音楽,0.07589236748113658
tr-215,スコモローフ,9,スラヴ,0.0639549880092066
tr-215,スコモローフ,10,民衆,0.06229164089912288
tr-215,スコモローフ,11,古代,0.06142628493443702
tr-215,スコモローフ,12,バラライカ,0.05815186671870816
tr-215,スコモローフ,13,キエフ,0.05345786775329092
tr-215,スコモローフ,14,演奏,0.05094946582058207
tr-215,スコモローフ,15,芸人,0.05071205438009793
tr-215,スコモローフ,16,ビザンチン,0.05071205438009793
tr-215,スコモローフ,17,アンサンブル,0.05071205438009793
tr-215,スコモローフ,18,都市,0.043714082707626764
tr-215,スコモローフ,19,地方,0.04151377740943735
tr-215,スコモローフ,20,モスクワ,0.041047609533776404
tr-216,イリオモテヤマネコ,1,ヤマネコ,0.2859640638990073
tr-216,イリオモテヤマネコ,2,イリオモテヤマネコ,0.1715784383394044
tr-216,イリオモテヤマネコ,3,戸川,0.12407576306153163
tr-216,イリオモテヤマネコ,4,西表島,0.10218004016832016
tr-216,イリオモテヤマネコ,5,ベンガル,0.09584143875205965
tr-216,イリオモテヤマネコ,6,標本,0.07271888442437491
tr-216,イリオモテヤマネコ,7,今泉,0.07006150798876276
tr-216,イリオモテヤマネコ,8,行動,0.06927827101337725
tr-216,イリオモテヤマネコ,9,生息,0.06646709877726396
tr-216,イリオモテヤマネコ,10,個体,0.06373964461088474
tr-216,イリオモテヤマネコ,11,推定,0.0625461422369877
tr-216,イリオモテヤマネコ,12,捕獲,0.05532353564753686
tr-216,イリオモテヤマネコ,13,頭骨,0.04795964386653863
tr-216,イリオモテヤマネコ,14,イエネコ,0.046707671992508505
tr-216,イリオモテヤマネコ,15,哺乳類,0.04555206571533032
tr-216,イリオモテヤマネコ,16,猟師,0.04506533856271718
tr-216,イリオモテヤマネコ,17,発見,0.043819087979075806
tr-216,イリオモテヤマネコ,18,動物,0.04374984083950171
tr-216,イリオモテヤマネコ,19,飼育,0.042188923928239634
tr-216,イリオモテヤマネコ,20,入手,0.04071104751004014
tr-217,掃除魚,1,掃除,0.8267031746565051
tr-217,掃除魚,2,ホスト,0.3275495907981726
tr-217,掃除魚,3,行動,0.17771897201625453
tr-217,掃除魚,4,サンゴ礁,0.176340620465219
tr-217,掃除魚,5,魚類,0.16546491255725387
tr-217,掃除魚,6,寄生虫,0.13778386244275084
tr-217,掃除魚,7,ソメワケベラ,0.10689326537920213
tr-217,掃除魚,8,実験,0.1008588981651297
tr-217,掃除魚,9,クリーニング,0.09826487723945176
tr-217,掃除魚,10,捕食,0.09322286893321499
tr-217,掃除魚,11,共生,0.08267031746565051
tr-217,掃除魚,12,多様,0.07631714974658307
tr-217,掃除魚,13,さまざま,0.07586239498827413
tr-217,掃除魚,14,皮膚,0.0716250494780874
tr-217,掃除魚,15,コバンザメ,0.0712621769194681
tr-217,掃除魚,16,ニセクロスジギンポ,0.0712621769194681
tr-217,掃除魚,17,飼育,0.06899464582247902
tr-217,掃除魚,18,ホンソメワケベラ,0.06789732125052066
tr-217,掃除魚,19,擬態,0.06789732125052066
tr-217,掃除魚,20,利益,0.0668242717086436
tr-218,宇宙ステーション補給機,1,号機,0.19110143605826677
tr-218,宇宙ステーション補給機,2,補給,0.14707176384785745
tr-218,宇宙ステーション補給機,3,宇宙,0.13663508244164527
tr-218,宇宙ステーション補給機,4,搭載,0.11703777587413604
tr-218,宇宙ステーション補給機,5,圧部,0.09951588266692299
tr-218,宇宙ステーション補給機,6,結合,0.08683207298070618
tr-218,宇宙ステーション補給機,7,ステーション,0.08564973021181979
tr-218,宇宙ステーション補給機,8,モジュール,0.07009350378219453
tr-218,宇宙ステーション補給機,9,開発,0.06785336388656274
tr-218,宇宙ステーション補給機,10,管制,0.0666847945004169
tr-218,宇宙ステーション補給機,11,キャリア,0.06164667596214815
tr-218,宇宙ステーション補給機,12,輸送,0.060290345124217985
tr-218,宇宙ステーション補給機,13,ハーモニー,0.05998020354673827
tr-218,宇宙ステーション補給機,14,運用,0.05516513069808767
tr-218,宇宙ステーション補給機,15,曝露,0.05331573648598957
tr-218,宇宙ステーション補給機,16,アーム,0.05204851454476312
tr-218,宇宙ステーション補給機,17,接近,0.05056803647324703
tr-218,宇宙ステーション補給機,18,物資,0.04972173988701254
tr-218,宇宙ステーション補給機,19,ロケット,0.04723081042271312
tr-218,宇宙ステーション補給機,20,ドッキング,0.04665126942524088
tr-219,毛皮のマリー,1,寺山,0.36716023898771905
tr-219,毛皮のマリー,2,マリー,0.2776347345486021
tr-219,毛皮のマリー,3,演出,0.19531924226157524
tr-219,毛皮のマリー,4,毛皮,0.18680641416224816
tr-219,毛皮のマリー,5,明宏,0.17751095232653036
tr-219,毛皮のマリー,6,修司,0.16318232843898625
tr-219,毛皮のマリー,7,上演,0.1556109292334462
tr-219,毛皮のマリー,8,美輪,0.15532208328571404
tr-219,毛皮のマリー,9,劇場,0.12393013443661448
tr-219,毛皮のマリー,10,欣也,0.11094434520408146
tr-219,毛皮のマリー,11,再演,0.1019889552743664
tr-219,毛皮のマリー,12,主演,0.09460752975206053
tr-219,毛皮のマリー,13,棧敷,0.08875547616326518
tr-219,毛皮のマリー,14,パルコ,0.08875547616326518
tr-219,毛皮のマリー,15,丸山,0.08779499805643216
tr-219,毛皮のマリー,16,天井,0.07512278548522124
tr-219,毛皮のマリー,17,初演,0.06864270976476064
tr-219,毛皮のマリー,18,美少年,0.061193373164619834
tr-219,毛皮のマリー,19,人形,0.060426380308741125
tr-219,毛皮のマリー,20,出演,0.05680671695542727
tr-220,ヒヴァ・ハン国,1,ヒヴァ,0.26111576204322573
tr-220,ヒヴァ・ハン国,2,ブハラ,0.22981270077689403
tr-220,ヒヴァ・ハン国,3,イルバルス,0.19792943288004744
tr-220,ヒヴァ・ハン国,4,ロシア,0.1458737010013888
tr-220,ヒヴァ・ハン国,5,トルクメン,0.10154501857236557
tr-220,ヒヴァ・ハン国,6,ウズベク,0.07966468117157229
tr-220,ヒヴァ・ハン国,7,ムハンマド,0.07802478032234612
tr-220,ヒヴァ・ハン国,8,ムハンマド・アミーン,0.07612670495386442
tr-220,ヒヴァ・ハン国,9,ムハンマド・ラヒーム,0.07612670495386442
tr-220,ヒヴァ・ハン国,10,ウルゲンチ,0.06998178314038972
tr-220,ヒヴァ・ハン国,11,サファヴィー,0.06800356016774602
tr-220,ヒヴァ・ハン国,12,ホラズム,0.06800356016774602
tr-220,ヒヴァ・ハン国,13,イラン,0.06406535065249327
tr-220,ヒヴァ・ハン国,14,ヒヴァ・ハン,0.06090136396309152
tr-220,ヒヴァ・ハン国,15,シャイバーニー,0.06090136396309152
tr-220,ヒヴァ・ハン国,16,アブルガーズィー,0.06090136396309152
tr-220,ヒヴァ・ハン国,17,アヌーシャ,0.06090136396309152
tr-220,ヒヴァ・ハン国,18,イルテュゼル,0.06090136396309152
tr-220,ヒヴァ・ハン国,19,遠征,0.053229504046168025
tr-220,ヒヴァ・ハン国,20,使者,0.05241971338093419
tr-221,根府川駅列車転落事故,1,根府川,0.4643497140138799
tr-221,根府川駅列車転落事故,2,列車,0.3684070142891562
tr-221,根府川駅列車転落事故,3,真鶴,0.24063609443199235
tr-221,根府川駅列車転落事故,4,発車,0.23217485700693996
tr-221,根府川駅列車転落事故,5,事故,0.18790600508328276
tr-221,根府川駅列車転落事故,6,本線,0.18340344298918904
tr-221,根府川駅列車転落事故,7,熱海線,0.16837435919207658
tr-221,根府川駅列車転落事故,8,国府津,0.16837435919207658
tr-221,根府川駅列車転落事故,9,大船,0.16042406295466158
tr-221,根府川駅列車転落事故,10,脱線,0.14381037941765756
tr-221,根府川駅列車転落事故,11,東海道,0.12886645682850273
tr-221,根府川駅列車転落事故,12,東京,0.11988920036114867
tr-221,根府川駅列車転落事故,13,ホーム,0.11965069939231185
tr-221,根府川駅列車転落事故,14,乗客,0.118081234535968
tr-221,根府川駅列車転落事故,15,遭遇,0.11594007194841914
tr-221,根府川駅列車転落事故,16,足柄下,0.08418717959603829
tr-221,根府川駅列車転落事故,17,片浦,0.08418717959603829
tr-221,根府川駅列車転落事故,18,保土ケ谷,0.08418717959603829
tr-221,根府川駅列車転落事故,19,地滑り,0.08021203147733079
tr-221,根府川駅列車転落事故,20,戸塚,0.08021203147733079
tr-222,市営基町高層アパート,1,広島,0.35373405910607597
tr-222,市営基町高層アパート,2,住宅,0.3444598033200197
tr-222,市営基町高層アパート,3,昭和,0.26676089118854446
tr-222,市営基町高層アパート,4,アパート,0.19116371789511358
tr-222,市営基町高層アパート,5,火災,0.1215740482305952
tr-222,市営基町高層アパート,6,高層,0.12148037531292177
tr-222,市営基町高層アパート,7,原爆,0.10467443690581718
tr-222,市営基町高層アパート,8,地区,0.09947357962420665
tr-222,市営基町高層アパート,9,公園,0.0908826963693077
tr-222,市営基町高層アパート,10,スラム,0.09004500157683604
tr-222,市営基町高層アパート,11,不良,0.08707059221089636
tr-222,市営基町高層アパート,12,建築,0.08479007478613712
tr-222,市営基町高層アパート,13,解消,0.08359011202186446
tr-222,市営基町高層アパート,14,中層,0.07850582767936289
tr-222,市営基町高層アパート,15,焼失,0.06530294415817227
tr-222,市営基町高層アパート,16,中央公園,0.06530108227221221
tr-222,市営基町高層アパート,17,建設,0.058568728066941585
tr-222,市営基町高層アパート,18,平和,0.05723452040662967
tr-222,市営基町高層アパート,19,計画,0.05668866790014042
tr-222,市営基町高層アパート,20,不法,0.055774367682893816
tr-223,シュレージエン戦争,1,シュレージエン,0.31593087260797975
tr-223,シュレージエン戦争,2,オーストリア,0.21089258235473266
tr-223,シュレージエン戦争,3,プロイセン,0.20003108145069243
tr-223,シュレージエン戦争,4,フリードリヒ,0.14978658174186943
tr-223,シュレージエン戦争,5,戦争,0.12699525829915764
tr-223,シュレージエン戦争,6,継承,0.09262180525643347
tr-223,シュレージエン戦争,7,カール,0.08489464768222006
tr-223,シュレージエン戦争,8,ブランデンブルク,0.08168221491620661
tr-223,シュレージエン戦争,9,マリア・テレジア,0.08087275661305837
tr-223,シュレージエン戦争,10,公国,0.07887186337201345
tr-223,シュレージエン戦争,11,フリードリヒ・ヴィルヘルム,0.07582340942591514
tr-223,シュレージエン戦争,12,詔書,0.07402121940818247
tr-223,シュレージエン戦争,13,国事,0.07249748945931336
tr-223,シュレージエン戦争,14,ハプスブルク,0.07191106990350411
tr-223,シュレージエン戦争,15,割譲,0.06901288045051178
tr-223,シュレージエン戦争,16,ザクセン,0.064963979883891
tr-223,シュレージエン戦争,17,シロンスク・ピャスト,0.056587099300137764
tr-223,シュレージエン戦争,18,レグニツァ,0.056587099300137764
tr-223,シュレージエン戦争,19,ボヘミア,0.05531540479319862
tr-223,シュレージエン戦争,20,ヨハン・ゲオルク,0.052019407830220486
tr-224,サンドマン(ヴァーティゴ),1,ドリーム,0.13345638441649973
tr-224,サンドマン(ヴァーティゴ),2,コミック,0.11565102383418788
tr-224,サンドマン(ヴァーティゴ),3,シリーズ,0.11387191887669533
tr-224,サンドマン(ヴァーティゴ),4,英語,0.09032429679819118
tr-224,サンドマン(ヴァーティゴ),5,ストーリー,0.07906657305535622
tr-224,サンドマン(ヴァーティゴ),6,キャラクター,0.0708963657469389
tr-224,サンドマン(ヴァーティゴ),7,物語,0.06195000437045745
tr-224,サンドマン(ヴァーティゴ),8,サンド,0.05987332985646349
tr-224,サンドマン(ヴァーティゴ),9,ワンダ,0.050811197152638495
tr-224,サンドマン(ヴァーティゴ),10,キース,0.050640608825885336
tr-224,サンドマン(ヴァーティゴ),11,作画,0.04718616673786511
tr-224,サンドマン(ヴァーティゴ),12,主人公,0.04572306414579848
tr-224,サンドマン(ヴァーティゴ),13,作者,0.04525132282555014
tr-224,サンドマン(ヴァーティゴ),14,部門,0.04397888466145503
tr-224,サンドマン(ヴァーティゴ),15,ドリンゲンバーグ,0.043552454702261566
tr-224,サンドマン(ヴァーティゴ),16,ファンタジー,0.04072393033465964
tr-224,サンドマン(ヴァーティゴ),17,ホラー,0.03890516443071048
tr-224,サンドマン(ヴァーティゴ),18,受賞,0.0377555050485003
tr-224,サンドマン(ヴァーティゴ),19,表紙,0.03689773409249957
tr-224,サンドマン(ヴァーティゴ),20,ペンシラー,0.036293712251884644
tr-225,ストーンウォールの反乱,1,同性愛,0.3801056875060905
tr-225,ストーンウォールの反乱,2,運動,0.12740400602381619
tr-225,ストーンウォールの反乱,3,バー,0.11716231442284764
tr-225,ストーンウォールの反乱,4,マタシン,0.11694483702640339
tr-225,ストーンウォールの反乱,5,ウォール,0.10860162500174014
tr-225,ストーンウォールの反乱,6,解放,0.10799117303958072
tr-225,ストーンウォールの反乱,7,ストーン,0.099453194419606
tr-225,ストーンウォールの反乱,8,ライチ,0.09550537600024599
tr-225,ストーンウォールの反乱,9,酒類,0.09214721951248202
tr-225,ストーンウォールの反乱,10,踏み込み,0.08353202644743099
tr-225,ストーンウォールの反乱,11,団体,0.08203516895523608
tr-225,ストーンウォールの反乱,12,ソドミー,0.06682562115794478
tr-225,ストーンウォールの反乱,13,異性愛者,0.06682562115794478
tr-225,ストーンウォールの反乱,14,協会,0.06262015156735683
tr-225,ストーンウォールの反乱,15,撤廃,0.06065872628047109
tr-225,ストーンウォールの反乱,16,警察,0.05996620357545896
tr-225,ストーンウォールの反乱,17,ニューヨーク,0.057473120692602235
tr-225,ストーンウォールの反乱,18,ファイル,0.057076492998447755
tr-225,ストーンウォールの反乱,19,警察官,0.05114544200975595
tr-225,ストーンウォールの反乱,20,反乱,0.04867289280486182
tr-226,福岡県西方沖地震,1,震度,0.2674457153617069
tr-226,福岡県西方沖地震,2,福岡,0.26531242039164804
tr-226,福岡県西方沖地震,3,地震,0.2629195256045503
tr-226,福岡県西方沖地震,4,余震,0.1369785997664598
tr-226,福岡県西方沖地震,5,玄界島,0.12667294569652346
tr-226,福岡県西方沖地震,6,断層,0.12126057348663481
tr-226,福岡県西方沖地震,7,被害,0.11378454254077242
tr-226,福岡県西方沖地震,8,震源,0.09209637027030332
tr-226,福岡県西方沖地震,9,本震,0.09193259089560511
tr-226,福岡県西方沖地震,10,観測,0.08857895078955162
tr-226,福岡県西方沖地震,11,住宅,0.07033612443568726
tr-226,福岡県西方沖地震,12,発生,0.06961388510390432
tr-226,福岡県西方沖地震,13,気象庁,0.061497498085742355
tr-226,福岡県西方沖地震,14,志賀島,0.05333597713537829
tr-226,福岡県西方沖地震,15,佐賀,0.05275879541589946
tr-226,福岡県西方沖地震,16,付近,0.05091249626166167
tr-226,福岡県西方沖地震,17,北西,0.045292536256763216
tr-226,福岡県西方沖地震,18,県内,0.042326072227226355
tr-226,福岡県西方沖地震,19,九州,0.04122630113201652
tr-226,福岡県西方沖地震,20,壱岐,0.04069826103330323
tr-227,オスマン帝国,1,オスマン,0.2865910807386047
tr-227,オスマン帝国,2,教徒,0.17153902693099227
tr-227,オスマン帝国,3,帝国,0.15233420418318813
tr-227,オスマン帝国,4,母語,0.13395148075040114
tr-227,オスマン帝国,5,トルコ,0.09270143181465652
tr-227,オスマン帝国,6,ミッレト,0.0899171970554545
tr-227,オスマン帝国,7,ムスリム,0.08692646819032188
tr-227,オスマン帝国,8,アルメニア,0.08517867509314225
tr-227,オスマン帝国,9,ギリシャ,0.08145384718011124
tr-227,オスマン帝国,10,アナトリア,0.07617693878239622
tr-227,オスマン帝国,11,ユダヤ,0.07467244490934065
tr-227,オスマン帝国,12,ローマ帝国,0.07026461379486523
tr-227,オスマン帝国,13,世紀,0.05173022700394329
tr-227,オスマン帝国,14,存在,0.041563432813362104
tr-227,オスマン帝国,15,時代,0.040742447754810326
tr-227,オスマン帝国,16,宗教,0.040707844524560124
tr-227,オスマン帝国,17,集団,0.03799153070313246
tr-227,オスマン帝国,18,正教,0.03653222202283667
tr-227,オスマン帝国,19,カトリック,0.03608632206061109
tr-227,オスマン帝国,20,アルバニア,0.03603321584585068
tr-228,HTV技術実証機,1,午前,0.12255111452830096
tr-228,HTV技術実証機,2,アーム,0.11787422269645602
tr-228,HTV技術実証機,3,圧部,0.10605813050891515
tr-228,HTV技術実証機,4,補給,0.09926890134533317
tr-228,HTV技術実証機,5,飛行,0.08947027489879505
tr-228,HTV技術実証機,6,宇宙,0.06760815934438949
tr-228,HTV技術実証機,7,開発,0.05785127543217311
tr-228,HTV技術実証機,8,曝露,0.056820752495716664
tr-228,HTV技術実証機,9,キャリア,0.05474947842008682
tr-228,HTV技術実証機,10,午後,0.05232236342834028
tr-228,HTV技術実証機,11,技術,0.051424508596663775
tr-228,HTV技術実証機,12,クルー,0.05116445922930714
tr-228,HTV技術実証機,13,ロボット,0.049742889939957874
tr-228,HTV技術実証機,14,運用,0.048993106044366436
tr-228,HTV技術実証機,15,検証,0.04871876912392253
tr-228,HTV技術実証機,16,ミッション,0.045908430050127236
tr-228,HTV技術実証機,17,接近,0.04409379543992979
tr-228,HTV技術実証機,18,結合,0.043548460131064406
tr-228,HTV技術実証機,19,軌道,0.04335585046208442
tr-228,HTV技術実証機,20,パレット,0.040746274168336316
tr-229,ギリシャ独立戦争,1,オスマン,0.2646593074160797
tr-229,ギリシャ独立戦争,2,ギリシャ,0.25477455317138864
tr-229,ギリシャ独立戦争,3,帝国,0.19945545784881663
tr-229,ギリシャ独立戦争,4,バルカン半島,0.12571856370380788
tr-229,ギリシャ独立戦争,5,蜂起,0.10833699957337066
tr-229,ギリシャ独立戦争,6,独立,0.0956278318699224
tr-229,ギリシャ独立戦争,7,西欧,0.08942398319539563
tr-229,ギリシャ独立戦争,8,ミレット,0.08165222490138738
tr-229,ギリシャ独立戦争,9,ロシア,0.07967955987080615
tr-229,ギリシャ独立戦争,10,民族,0.07558446898318542
tr-229,ギリシャ独立戦争,11,セルビア,0.07290859760344767
tr-229,ギリシャ独立戦争,12,教徒,0.07120986184755884
tr-229,ギリシャ独立戦争,13,バルカン,0.06634853635209323
tr-229,ギリシャ独立戦争,14,戦争,0.05817381464613138
tr-229,ギリシャ独立戦争,15,商人,0.05392994015992831
tr-229,ギリシャ独立戦争,16,世紀,0.04973856262875651
tr-229,ギリシャ独立戦争,17,支配,0.046240510264651584
tr-229,ギリシャ独立戦争,18,トルコ,0.04430554710968236
tr-229,ギリシャ独立戦争,19,聖職,0.037705451595439914
tr-229,ギリシャ独立戦争,20,フランス,0.036289138139431756
tr-230,中国の科学技術史,1,中国,0.22401889360576702
tr-230,中国の科学技術史,2,科学,0.155102705087515
tr-230,中国の科学技術史,3,発明,0.09116068883342897
tr-230,中国の科学技術史,4,技術,0.06959707930375549
tr-230,中国の科学技術史,5,天文学,0.0673765930200296
tr-230,中国の科学技術史,6,羅針盤,0.06590969981531944
tr-230,中国の科学技術史,7,鍼灸,0.056494028413130955
tr-230,中国の科学技術史,8,火薬,0.054699272470459886
tr-230,中国の科学技術史,9,ヨーロッパ,0.050384224286712485
tr-230,中国の科学技術史,10,時代,0.047783028638755616
tr-230,中国の科学技術史,11,世紀,0.04588455119699613
tr-230,中国の科学技術史,12,印刷,0.04565377732923741
tr-230,中国の科学技術史,13,イエズス,0.038254684245404624
tr-230,中国の科学技術史,14,哲学,0.038050868012430066
tr-230,中国の科学技術史,15,中国人,0.036031739573758985
tr-230,中国の科学技術史,16,超新星,0.035884329871437456
tr-230,中国の科学技術史,17,古代,0.034810473242267756
tr-230,中国の科学技術史,18,時計,0.034735748465950705
tr-230,中国の科学技術史,19,紀元前,0.033796741927396824
tr-230,中国の科学技術史,20,数学,0.031877760946031376
tr-231,戸倉ハル,1,戸倉,0.38196508733399803
tr-231,戸倉ハル,2,体育,0.2349151970233911
tr-231,戸倉ハル,3,ダンス,0.21602682317013938
tr-231,戸倉ハル,4,女子,0.1239887523401649
tr-231,戸倉ハル,5,体操,0.1162915307098806
tr-231,戸倉ハル,6,二階堂,0.09576313283802543
tr-231,戸倉ハル,7,遊戯,0.09110608671900973
tr-231,戸倉ハル,8,東京,0.072007184855928
tr-231,戸倉ハル,9,唱歌,0.06669231683609489
tr-231,戸倉ハル,10,教授,0.06301088130010739
tr-231,戸倉ハル,11,要目,0.05751520760466816
tr-231,戸倉ハル,12,松本,0.054467962909597524
tr-231,戸倉ハル,13,学校,0.05022774375994642
tr-231,戸倉ハル,14,永井,0.04697234688641371
tr-231,戸倉ハル,15,指導,0.045767300844188966
tr-231,戸倉ハル,16,教材,0.039985565450789975
tr-231,戸倉ハル,17,研究,0.03772901479812725
tr-231,戸倉ハル,18,授業,0.034670681042270134
tr-231,戸倉ハル,19,会議,0.03360187957693871
tr-231,戸倉ハル,20,会長,0.03336461995481285
tr-232,宮沢賢治,1,賢治,0.4176081093166569
tr-232,宮沢賢治,2,政次郎,0.12893681850654032
tr-232,宮沢賢治,3,宮沢,0.10549376059626026
tr-232,宮沢賢治,4,花巻,0.09047501591101385
tr-232,宮沢賢治,5,盛岡,0.08253063561806319
tr-232,宮沢賢治,6,保阪,0.049209698101982266
tr-232,宮沢賢治,7,入院,0.0485041834352103
tr-232,宮沢賢治,8,岩手,0.04466846032687986
tr-232,宮沢賢治,9,看病,0.041265317809031594
tr-232,宮沢賢治,10,学校,0.040989940600658276
tr-232,宮沢賢治,11,東京,0.040879125624575054
tr-232,宮沢賢治,12,詩人,0.03845427287913828
tr-232,宮沢賢治,13,童話,0.03766297592122429
tr-232,宮沢賢治,14,農林,0.03729312766255626
tr-232,宮沢賢治,15,関根,0.0369072735764867
tr-232,宮沢賢治,16,病院,0.03424376668356437
tr-232,宮沢賢治,17,進学,0.03218726563453412
tr-232,宮沢賢治,18,検査,0.03190067296648448
tr-232,宮沢賢治,19,農民,0.029172405486128507
tr-232,宮沢賢治,20,肥料,0.028862278546823696
tr-233,バンベルク,1,ベルク,0.3809638900025123
tr-233,バンベルク,2,バイエルン,0.09711522718059441
tr-233,バンベルク,3,人口,0.09428803277839269
tr-233,バンベルク,4,司教,0.0789075733061367
tr-233,バンベルク,5,ドイツ,0.07120449950699619
tr-233,バンベルク,6,都市,0.0667770297913057
tr-233,バンベルク,7,ホフマン,0.05670937599307442
tr-233,バンベルク,8,大学,0.04750281635106204
tr-233,バンベルク,9,魔女,0.039553702451479766
tr-233,バンベルク,10,インゼルシュタット,0.03701332896032718
tr-233,バンベルク,11,ゲルトナーシュタット,0.03701332896032718
tr-233,バンベルク,12,狩り,0.036117857619550914
tr-233,バンベルク,13,ハインリヒ,0.03583745437719786
tr-233,バンベルク,14,総合大学,0.035265634528826466
tr-233,バンベルク,15,ユネスコ,0.0350700325805052
tr-233,バンベルク,16,レグニッツ,0.03402562559584465
tr-233,バンベルク,17,レーテ,0.03402562559584465
tr-233,バンベルク,18,市街,0.032134253133574216
tr-233,バンベルク,19,戦争,0.03164454917388698
tr-233,バンベルク,20,遺産,0.028521559688618043
tr-234,クサヴェラ・レーメ,1,クサヴェラ,0.838219423743635
tr-234,クサヴェラ・レーメ,2,ドイツ,0.09096306494669827
tr-234,クサヴェラ・レーメ,3,旭川,0.0884425099726835
tr-234,クサヴェラ・レーメ,4,札幌,0.08663957557976909
tr-234,クサヴェラ・レーメ,5,修道,0.07096354108566931
tr-234,クサヴェラ・レーメ,6,高等,0.06804403323246253
tr-234,クサヴェラ・レーメ,7,校長,0.06531608417933155
tr-234,クサヴェラ・レーメ,8,学校,0.06206286017192945
tr-234,クサヴェラ・レーメ,9,教育,0.06156496698372784
tr-234,クサヴェラ・レーメ,10,女学校,0.05841607776590422
tr-234,クサヴェラ・レーメ,11,北海道,0.05680247539610954
tr-234,クサヴェラ・レーメ,12,教員,0.05225286734346524
tr-234,クサヴェラ・レーメ,13,学園,0.04370036968694781
tr-234,クサヴェラ・レーメ,14,シスコ,0.0432181052260776
tr-234,クサヴェラ・レーメ,15,資金,0.04039276951038247
tr-234,クサヴェラ・レーメ,16,牧野,0.039774020337855404
tr-234,クサヴェラ・レーメ,17,生徒,0.03962969134670934
tr-234,クサヴェラ・レーメ,18,フラン,0.03763816879320631
tr-234,クサヴェラ・レーメ,19,帰郷,0.03465221117928246
tr-234,クサヴェラ・レーメ,20,訪日,0.03027181955037659
tr-235,バラク・オバマの広島訪問,1,オバマ,0.3658512898291176
tr-235,バラク・オバマの広島訪問,2,広島,0.30575375418610634
tr-235,バラク・オバマの広島訪問,3,訪問,0.21018297883135753
tr-235,バラク・オバマの広島訪問,4,被爆,0.17649455655803428
tr-235,バラク・オバマの広島訪問,5,原爆,0.11654593610034947
tr-235,バラク・オバマの広島訪問,6,核兵器,0.10427794282662847
tr-235,バラク・オバマの広島訪問,7,平和,0.09391154373315973
tr-235,バラク・オバマの広島訪問,8,大統領,0.08520779045349672
tr-235,バラク・オバマの広島訪問,9,演説,0.0815800223129399
tr-235,バラク・オバマの広島訪問,10,安倍,0.07739161900231332
tr-235,バラク・オバマの広島訪問,11,廃絶,0.07341647088360582
tr-235,バラク・オバマの広島訪問,12,投下,0.06380049781486341
tr-235,バラク・オバマの広島訪問,13,アメリカ,0.054807257866968245
tr-235,バラク・オバマの広島訪問,14,折り鶴,0.053573659742933454
tr-235,バラク・オバマの広島訪問,15,記念,0.05077646710540482
tr-235,バラク・オバマの広島訪問,16,資料,0.04042163432257219
tr-235,バラク・オバマの広島訪問,17,謝罪,0.039865485018019425
tr-235,バラク・オバマの広島訪問,18,サミット,0.03922101256845206
tr-235,バラク・オバマの広島訪問,19,禎子,0.03826689981638104
tr-235,バラク・オバマの広島訪問,20,アメリカ合衆国,0.03468780033492986
tr-236,ユーゴスラビア王国,1,クロアチア,0.30795717052259264
tr-236,ユーゴスラビア王国,2,セルビア,0.2857473607936365
tr-236,ユーゴスラビア王国,3,ユーゴスラビア,0.22798655822964736
tr-236,ユーゴスラビア王国,4,王国,0.19253083632331447
tr-236,ユーゴスラビア王国,5,スロベニア,0.1634357171477424
tr-236,ユーゴスラビア王国,6,成立,0.09892974243000777
tr-236,ユーゴスラビア王国,7,民主党,0.08441407266543913
tr-236,ユーゴスラビア王国,8,国王,0.08334151978975554
tr-236,ユーゴスラビア王国,9,政府,0.0793685740722472
tr-236,ユーゴスラビア王国,10,議会,0.07694427347621059
tr-236,ユーゴスラビア王国,11,アレクサンダル,0.06775674708644092
tr-236,ユーゴスラビア王国,12,ペータル,0.06775674708644092
tr-236,ユーゴスラビア王国,13,政権,0.058453770445372255
tr-236,ユーゴスラビア王国,14,集権,0.053893588216282144
tr-236,ユーゴスラビア王国,15,パシッチ,0.05333597713537829
tr-236,ユーゴスラビア王国,16,農民,0.05269756477566692
tr-236,ユーゴスラビア王国,17,人民,0.04868771940119002
tr-236,ユーゴスラビア王国,18,宣言,0.04860530042117264
tr-236,ユーゴスラビア王国,19,共和,0.048191166522480115
tr-236,ユーゴスラビア王国,20,中央,0.047837190936663464
tr-237,トレイン・シェッド,1,トレイン・シェッド,0.748252857654415
tr-237,トレイン・シェッド,2,屋根,0.13798929164495805
tr-237,トレイン・シェッド,3,シェッド,0.11580103749413566
tr-237,トレイン・シェッド,4,鉄道,0.10536266484996185
tr-237,トレイン・シェッド,5,駅舎,0.10457590394965166
tr-237,トレイン・シェッド,6,プラットホーム,0.09007613746949746
tr-237,トレイン・シェッド,7,開業,0.08977657242237276
tr-237,トレイン・シェッド,8,ホーム,0.07596081745652992
tr-237,トレイン・シェッド,9,コンコース,0.0712621769194681
tr-237,トレイン・シェッド,10,アーチ,0.06687786468153147
tr-237,トレイン・シェッド,11,建設,0.05592584459089184
tr-237,トレイン・シェッド,12,線路,0.050640544971019955
tr-237,トレイン・シェッド,13,アメリカ,0.04502836953385773
tr-237,トレイン・シェッド,14,上屋,0.044538860574667556
tr-237,トレイン・シェッド,15,都市,0.04419475623117535
tr-237,トレイン・シェッド,16,構造,0.04263231850951969
tr-237,トレイン・シェッド,17,設計,0.04179042125684994
tr-237,トレイン・シェッド,18,建築,0.041638611414686014
tr-237,トレイン・シェッド,19,径間,0.04094369884977157
tr-237,トレイン・シェッド,20,ヨーロッパ,0.03972200254969034
tr-238,マダガスカル島民の歌,1,ラヴェル,0.5940755692248739
tr-238,マダガスカル島民の歌,2,マダガスカル,0.3563781092840066
tr-238,マダガスカル島民の歌,3,パルニー,0.27003434964767
tr-238,マダガスカル島民の歌,4,島民,0.16893811677721543
tr-238,マダガスカル島民の歌,5,シャンソン,0.14894236109879166
tr-238,マダガスカル島民の歌,6,作曲,0.14195354313533246
tr-238,マダガスカル島民の歌,7,詩集,0.12530532395736962
tr-238,マダガスカル島民の歌,8,楽器,0.11362533889310128
tr-238,マダガスカル島民の歌,9,エヴァリストデジレ・ド・パルニー,0.108013739859068
tr-238,マダガスカル島民の歌,10,シェーン,0.108013739859068
tr-238,マダガスカル島民の歌,11,ソナタ,0.09929490739919446
tr-238,マダガスカル島民の歌,12,独唱,0.09648807027574528
tr-238,マダガスカル島民の歌,13,チェロ,0.09648807027574528
tr-238,マダガスカル島民の歌,14,ピアニスト,0.09648807027574528
tr-238,マダガスカル島民の歌,15,奏者,0.09225571509811996
tr-238,マダガスカル島民の歌,16,ヴァイオリン,0.08909452732100165
tr-238,マダガスカル島民の歌,17,ベルク,0.08776923781587176
tr-238,マダガスカル島民の歌,18,序文,0.08547588490022454
tr-238,マダガスカル島民の歌,19,作風,0.07729239350222265
tr-238,マダガスカル島民の歌,20,作品,0.07680666691536657
tr-239,川辺川ダム,1,川辺川,0.2570985724190391
tr-239,川辺川ダム,2,球磨川,0.23995866759110315
tr-239,川辺川ダム,3,五木,0.18853895310729535
tr-239,川辺川ダム,4,発電,0.12718437331266416
tr-239,川辺川ダム,5,計画,0.11159520701898899
tr-239,川辺川ダム,6,治水,0.10294652543392628
tr-239,川辺川ダム,7,相良,0.10283942896761564
tr-239,川辺川ダム,8,建設,0.08455056402078943
tr-239,川辺川ダム,9,水没,0.07870885387130108
tr-239,川辺川ダム,10,人吉,0.06855961931174374
tr-239,川辺川ダム,11,反対,0.06535494919784582
tr-239,川辺川ダム,12,水力,0.060900056576925196
tr-239,川辺川ダム,13,水系,0.059011413865961836
tr-239,川辺川ダム,14,洪水,0.057423941863669545
tr-239,川辺川ダム,15,賛否,0.05494885610025931
tr-239,川辺川ダム,16,交通省,0.052472569247534046
tr-239,川辺川ダム,17,アーチ,0.05147326271696314
tr-239,川辺川ダム,18,堤防,0.05147326271696314
tr-239,川辺川ダム,19,水害,0.05101690811544658
tr-239,川辺川ダム,20,熊本,0.05017570639362761
tr-240,エドワード7世(イギリス王),1,バーティ,0.4288316505123412
tr-240,エドワード7世(イギリス王),2,アルバート,0.16645635361685437
tr-240,エドワード7世(イギリス王),3,女王,0.11726120535854742
tr-240,エドワード7世(イギリス王),4,ロシア,0.1057776816843201
tr-240,エドワード7世(イギリス王),5,エドワード,0.09296269602939655
tr-240,エドワード7世(イギリス王),6,デンマーク,0.07458385110738973
tr-240,エドワード7世(イギリス王),7,ヴィクトリア,0.07382903379400303
tr-240,エドワード7世(イギリス王),8,アレクサンドル,0.06123758563509728
tr-240,エドワード7世(イギリス王),9,皇帝,0.05756836306644712
tr-240,エドワード7世(イギリス王),10,訪問,0.055003698661182474
tr-240,エドワード7世(イギリス王),11,訪露,0.04183723419632597
tr-240,エドワード7世(イギリス王),12,結婚式,0.04143231366658922
tr-240,エドワード7世(イギリス王),13,協商,0.03986176472929471
tr-240,エドワード7世(イギリス王),14,クリスチャン,0.038460146836715996
tr-240,エドワード7世(イギリス王),15,出席,0.03789935398636114
tr-240,エドワード7世(イギリス王),16,ガーター,0.03737296753676857
tr-240,エドワード7世(イギリス王),17,腸チフス,0.03737296753676857
tr-240,エドワード7世(イギリス王),18,国王,0.036772796033908574
tr-240,エドワード7世(イギリス王),19,王室,0.035041893877830015
tr-240,エドワード7世(イギリス王),20,悪化,0.03314475545183386
tr-241,アメリカ独立戦争,1,イギリス,0.21669188613927434
tr-241,アメリカ独立戦争,2,アメリカ,0.17725323687647443
tr-241,アメリカ独立戦争,3,民兵,0.17265818492549892
tr-241,アメリカ独立戦争,4,植民,0.14334472820332966
tr-241,アメリカ独立戦争,5,大陸,0.10316395028136144
tr-241,アメリカ独立戦争,6,ボストン,0.10109396263879819
tr-241,アメリカ独立戦争,7,戦争,0.0999301552859589
tr-241,アメリカ独立戦争,8,独立,0.09491047850320307
tr-241,アメリカ独立戦争,9,正規,0.07700462018405362
tr-241,アメリカ独立戦争,10,本国,0.0606170682321402
tr-241,アメリカ独立戦争,11,兵士,0.054485372562683786
tr-241,アメリカ独立戦争,12,海軍,0.05320279867168868
tr-241,アメリカ独立戦争,13,革命,0.05123987500020835
tr-241,アメリカ独立戦争,14,戦い,0.04686213165446761
tr-241,アメリカ独立戦争,15,従軍,0.041987164703371105
tr-241,アメリカ独立戦争,16,徴募,0.0407721235760134
tr-241,アメリカ独立戦争,17,ワシントン,0.040236441967858305
tr-241,アメリカ独立戦争,18,奴隷,0.0400656216599803
tr-241,アメリカ独立戦争,19,会議,0.03970022432774429
tr-241,アメリカ独立戦争,20,マサチューセッツ,0.03920579650277321
tr-242,浅虫温泉,1,温泉,0.33728378624254063
tr-242,浅虫温泉,2,浅虫,0.31467796964183614
tr-242,浅虫温泉,3,青森,0.20142651364749545
tr-242,浅虫温泉,4,源泉,0.17891421554773856
tr-242,浅虫温泉,5,浅虫温泉,0.1651363907460751
tr-242,浅虫温泉,6,東北,0.1048384250551299
tr-242,浅虫温泉,7,湧出,0.09080788361563628
tr-242,浅虫温泉,8,師団,0.07994509053374907
tr-242,浅虫温泉,9,発見,0.0738042651698857
tr-242,浅虫温泉,10,伝承,0.06832045872787722
tr-242,浅虫温泉,11,観光,0.0623256268148622
tr-242,浅虫温泉,12,陸奥湾,0.055045463582025035
tr-242,浅虫温泉,13,夏泊半島,0.055045463582025035
tr-242,浅虫温泉,14,乱掘,0.055045463582025035
tr-242,浅虫温泉,15,菅江,0.055045463582025035
tr-242,浅虫温泉,16,率土,0.055045463582025035
tr-242,浅虫温泉,17,烹坪,0.055045463582025035
tr-242,浅虫温泉,18,円仁,0.055045463582025035
tr-242,浅虫温泉,19,鉄路,0.055045463582025035
tr-242,浅虫温泉,20,八甲田雪中行軍遭難事件,0.055045463582025035
tr-243,熊野三山本願所,1,本願,0.4210428038248662
tr-243,熊野三山本願所,2,熊野,0.2897829148024202
tr-243,熊野三山本願所,3,造営,0.2690369888174004
tr-243,熊野三山本願所,4,勧進,0.1938863718163218
tr-243,熊野三山本願所,5,三山,0.184653687444116
tr-243,熊野三山本願所,6,世紀,0.13051605673812233
tr-243,熊野三山本願所,7,那智,0.1292575812108812
tr-243,熊野三山本願所,8,新宮,0.12632978873115813
tr-243,熊野三山本願所,9,寺社,0.11269335575649675
tr-243,熊野三山本願所,10,財源,0.10769496372661427
tr-243,熊野三山本願所,11,庵主,0.09039044546100952
tr-243,熊野三山本願所,12,修造,0.0830941593498522
tr-243,熊野三山本願所,13,参詣,0.07006764940470452
tr-243,熊野三山本願所,14,荘園,0.06280188433737105
tr-243,熊野三山本願所,15,紀伊,0.055634304031549654
tr-243,熊野三山本願所,16,寄進,0.05497898361784818
tr-243,熊野三山本願所,17,社家,0.050216914145005294
tr-243,熊野三山本願所,18,以降,0.05015757747990386
tr-243,熊野三山本願所,19,安房,0.046163421861029
tr-243,熊野三山本願所,20,散銭,0.040173531316004235
tr-244,大沼(赤城山),1,赤城,0.3312144813245857
tr-244,大沼(赤城山),2,大沼,0.2682098456965647
tr-244,大沼(赤城山),3,赤城山,0.16560724066229285
tr-244,大沼(赤城山),4,カルデラ,0.12878208949126602
tr-244,大沼(赤城山),5,山頂,0.09325174883827153
tr-244,大沼(赤城山),6,メートル,0.08595589537884944
tr-244,大沼(赤城山),7,神社,0.07594534122581527
tr-244,大沼(赤城山),8,鳥ヶ島,0.0600495966349364
tr-244,大沼(赤城山),9,湖水,0.052366993217676884
tr-244,大沼(赤城山),10,火口,0.04953157288125616
tr-244,大沼(赤城山),11,小沼,0.04803967730794912
tr-244,大沼(赤城山),12,高野辺,0.04803967730794912
tr-244,大沼(赤城山),13,流出,0.0459321147657527
tr-244,大沼(赤城山),14,沼尾川,0.04577134103881253
tr-244,大沼(赤城山),15,伊香保,0.04577134103881253
tr-244,大沼(赤城山),16,伝承,0.04471884571279236
tr-244,大沼(赤城山),17,利根川,0.04468438980041738
tr-244,大沼(赤城山),18,湖面,0.044161930843278095
tr-244,大沼(赤城山),19,その後,0.043215721587450386
tr-244,大沼(赤城山),20,外輪山,0.041031213148534466
tr-245,スウィーニー・トッドフリート街の悪魔の理髪師,1,トッド,0.4026278045777228
tr-245,スウィーニー・トッドフリート街の悪魔の理髪師,2,ラヴェット,0.21235467867192348
tr-245,スウィーニー・トッドフリート街の悪魔の理髪師,3,バートン,0.18969524789914682
tr-245,スウィーニー・トッドフリート街の悪魔の理髪師,4,ジョアンナ,0.18581034383793302
tr-245,スウィーニー・トッドフリート街の悪魔の理髪師,5,ターピン,0.15926600900394258
tr-245,スウィーニー・トッドフリート街の悪魔の理髪師,6,デップ,0.1459938415869474
tr-245,スウィーニー・トッドフリート街の悪魔の理髪師,7,トビー,0.13272167416995218
tr-245,スウィーニー・トッドフリート街の悪魔の理髪師,8,理髪,0.12645482551294807
tr-245,スウィーニー・トッドフリート街の悪魔の理髪師,9,映画,0.08108683140839104
tr-245,スウィーニー・トッドフリート街の悪魔の理髪師,10,スウィーニー・トッドフリート,0.07963300450197129
tr-245,スウィーニー・トッドフリート街の悪魔の理髪師,11,ミュージカル,0.07351982990258879
tr-245,スウィーニー・トッドフリート街の悪魔の理髪師,12,撮影,0.07102421957518071
tr-245,スウィーニー・トッドフリート街の悪魔の理髪師,13,ソンドハイム,0.06636083708497609
tr-245,スウィーニー・トッドフリート街の悪魔の理髪師,14,バムフォード,0.06636083708497609
tr-245,スウィーニー・トッドフリート街の悪魔の理髪師,15,ピレリ,0.06636083708497609
tr-245,スウィーニー・トッドフリート街の悪魔の理髪師,16,作品,0.06291736238816736
tr-245,スウィーニー・トッドフリート街の悪魔の理髪師,17,キャスティング,0.06100421281480649
tr-245,スウィーニー・トッドフリート街の悪魔の理髪師,18,悪魔,0.060947659643774084
tr-245,スウィーニー・トッドフリート街の悪魔の理髪師,19,アンソニー,0.05308866966798087
tr-245,スウィーニー・トッドフリート街の悪魔の理髪師,20,フリート,0.05189559615065157
tr-246,ぶん公,1,消防,0.32211434440135867
tr-246,ぶん公,2,小樽,0.30701907330367934
tr-246,ぶん公,3,水口,0.12832195963251997
tr-246,ぶん公,4,隊員,0.12654492101481946
tr-246,ぶん公,5,火事,0.09344992157326183
tr-246,ぶん公,6,記念,0.08960296783169949
tr-246,ぶん公,7,消防車,0.08554797308834665
tr-246,ぶん公,8,平成,0.08397891383936977
tr-246,ぶん公,9,出動,0.08313954310449405
tr-246,ぶん公,10,絵本,0.0824360662478176
tr-246,ぶん公,11,井尻,0.07980569069512923
tr-246,ぶん公,12,剥製,0.06816291217751429
tr-246,ぶん公,13,仔犬,0.06082994208689769
tr-246,ぶん公,14,ホース,0.05567643145076427
tr-246,ぶん公,15,好物,0.05453032974201142
tr-246,ぶん公,16,銅像,0.05453032974201142
tr-246,ぶん公,17,現場,0.04917523655010758
tr-246,ぶん公,18,博物館,0.04650161134144791
tr-246,ぶん公,19,キャラメル,0.04562245656517327
tr-246,ぶん公,20,観光,0.04518028709627558
tr-247,蜂群崩壊症候群,1,ミツバチ,0.287916500082853
tr-247,蜂群崩壊症候群,2,農薬,0.21144407292005468
tr-247,蜂群崩壊症候群,3,イミダクロプリド,0.20145671129139953
tr-247,蜂群崩壊症候群,4,養蜂,0.1679512917149976
tr-247,蜂群崩壊症候群,5,ネオニコチノイド,0.15948656310569131
tr-247,蜂群崩壊症候群,6,花粉,0.14338864809971724
tr-247,蜂群崩壊症候群,7,コロニー,0.10980175997254832
tr-247,蜂群崩壊症候群,8,現象,0.08019566710922758
tr-247,蜂群崩壊症候群,9,殺虫,0.0732011733150322
tr-247,蜂群崩壊症候群,10,報告,0.06401335200023608
tr-247,蜂群崩壊症候群,11,禁止,0.06194827987829208
tr-247,蜂群崩壊症候群,12,蜂蜜,0.059986718177296186
tr-247,蜂群崩壊症候群,13,フランス,0.05595905710161642
tr-247,蜂群崩壊症候群,14,崩壊,0.0512836558369785
tr-247,蜂群崩壊症候群,15,失踪,0.05018602683490103
tr-247,蜂群崩壊症候群,16,発生,0.049082212167882805
tr-247,蜂群崩壊症候群,17,症候群,0.0477454358206575
tr-247,蜂群崩壊症候群,18,研究,0.044588835670514027
tr-247,蜂群崩壊症候群,19,クロチアニジン,0.04197014818570824
tr-247,蜂群崩壊症候群,20,減少,0.041671159946636616
tr-248,ベニート・ムッソリーニの死,1,ムッソリーニ,0.8900036185266033
tr-248,ベニート・ムッソリーニの死,2,アウディージオ,0.18942115409108617
tr-248,ベニート・ムッソリーニの死,3,パルチザン,0.14381037941765756
tr-248,ベニート・ムッソリーニの死,4,ファシスト,0.11012470632540874
tr-248,ベニート・ムッソリーニの死,5,死体,0.10542455143134045
tr-248,ベニート・ムッソリーニの死,6,ペタッチ,0.08418717959603829
tr-248,ベニート・ムッソリーニの死,7,プレダッピオ,0.08418717959603829
tr-248,ベニート・ムッソリーニの死,8,処刑,0.07954468365364646
tr-248,ベニート・ムッソリーニの死,9,イタリア,0.06328684936669524
tr-248,ベニート・ムッソリーニの死,10,ヴァレリオ,0.06314038469702872
tr-248,ベニート・ムッソリーニの死,11,記名,0.06314038469702872
tr-248,ベニート・ムッソリーニの死,12,ラッザロ,0.06314038469702872
tr-248,ベニート・ムッソリーニの死,13,共産党,0.06067840241174053
tr-248,ベニート・ムッソリーニの死,14,納骨,0.05804371425173499
tr-248,ベニート・ムッソリーニの死,15,ベニート・ムッソリーニ,0.056402952845012864
tr-248,ベニート・ムッソリーニの死,16,検死,0.05392889228162159
tr-248,ベニート・ムッソリーニの死,17,証言,0.050842107226801464
tr-248,ベニート・ムッソリーニの死,18,北イタリア,0.05060547225409911
tr-248,ベニート・ムッソリーニの死,19,銃殺,0.04996568271741066
tr-248,ベニート・ムッソリーニの死,20,実行,0.04919176100308367
tr-249,マンスール,1,マンスール,0.4774076521939396
tr-249,マンスール,2,アブー・ムスリム,0.3284680121943789
tr-249,マンスール,3,アッバース,0.17550604585028182
tr-249,マンスール,4,アブー・ジャアファル,0.15641333914018044
tr-249,マンスール,5,カリフ,0.13980728318757712
tr-249,マンスール,6,ホラーサーン,0.1143877771534722
tr-249,マンスール,7,アブドゥッラー,0.07820666957009022
tr-249,マンスール,8,反乱,0.07291181610695512
tr-249,マンスール,9,アブー・アルアッバース,0.06256533565607217
tr-249,マンスール,10,ヤズィード,0.06256533565607217
tr-249,マンスール,11,マラトヤ,0.06256533565607217
tr-249,マンスール,12,クーファ,0.05751508297439679
tr-249,マンスール,13,即位,0.05313004253070221
tr-249,マンスール,14,アブー・サラマ,0.046924001742054126
tr-249,マンスール,15,アブド・アルワッハーブ,0.046924001742054126
tr-249,マンスール,16,ハーシミーヤ,0.046924001742054126
tr-249,マンスール,17,ラーワンド,0.046924001742054126
tr-249,マンスール,18,天幕,0.04313631223079759
tr-249,マンスール,19,シリア,0.04192261548079919
tr-249,マンスール,20,一族,0.040738506704859116
tr-250,サルーㇺ・デルタ,1,サルーム・デルタ,0.21467730796989765
tr-250,サルーㇺ・デルタ,2,貝塚,0.15168813926873487
tr-250,サルーㇺ・デルタ,3,マングローブ,0.138374087513231
tr-250,サルーㇺ・デルタ,4,セネガル,0.13340524498994347
tr-250,サルーㇺ・デルタ,5,遺産,0.0863087197533833
tr-250,サルーㇺ・デルタ,6,登録,0.07672057370955108
tr-250,サルーㇺ・デルタ,7,保護,0.07324061386322815
tr-250,サルーㇺ・デルタ,8,西アフリカ,0.05236566259337213
tr-250,サルーㇺ・デルタ,9,地域,0.05207857481327551
tr-250,サルーㇺ・デルタ,10,文化,0.04791265146599254
tr-250,サルーㇺ・デルタ,11,塩分,0.04696172581093052
tr-250,サルーㇺ・デルタ,12,サルーム,0.046668979993456004
tr-250,サルーㇺ・デルタ,13,ファティック,0.046668979993456004
tr-250,サルーㇺ・デルタ,14,採集,0.04498978878868004
tr-250,サルーㇺ・デルタ,15,面積,0.04203227815089959
tr-250,サルーㇺ・デルタ,16,国立,0.03796571783418719
tr-250,サルーㇺ・デルタ,17,生息,0.03796571783418719
tr-250,サルーㇺ・デルタ,18,景観,0.03697383643507581
tr-250,サルーㇺ・デルタ,19,公園,0.03637283565562945
tr-250,サルーㇺ・デルタ,20,作り,0.036147194876559666
tr-251,カボチャ陳情団,1,遠軽,0.23853034218877514
tr-251,カボチャ陳情団,2,カボチャ,0.21927625383988775
tr-251,カボチャ陳情団,3,陳情,0.20862864011831117
tr-251,カボチャ陳情団,4,鉄道,0.17549241306482216
tr-251,カボチャ陳情団,5,市原,0.16821933304652958
tr-251,カボチャ陳情団,6,一同,0.1390857600788741
tr-251,カボチャ陳情団,7,石北線,0.12554228536251322
tr-251,カボチャ陳情団,8,旭川,0.08941227433641907
tr-251,カボチャ陳情団,9,延期,0.07780189038643916
tr-251,カボチャ陳情団,10,工事,0.07409578554654003
tr-251,カボチャ陳情団,11,水谷,0.07176865974287491
tr-251,カボチャ陳情団,12,上京,0.07043442060040196
tr-251,カボチャ陳情団,13,開通,0.061671418878636
tr-251,カボチャ陳情団,14,大正,0.05274333187006064
tr-251,カボチャ陳情団,15,国会,0.052175745519128465
tr-251,カボチャ陳情団,16,白滝,0.050216914145005294
tr-251,カボチャ陳情団,17,仙石,0.050216914145005294
tr-251,カボチャ陳情団,18,東京,0.047675237570515255
tr-251,カボチャ陳情団,19,上川,0.043792280877940314
tr-251,カボチャ陳情団,20,弁当,0.04142113989485164
tr-252,インドハッカ,1,ハッカ,0.43561904608994423
tr-252,インドハッカ,2,インド,0.3003374232352872
tr-252,インドハッカ,3,個体,0.13787572212202698
tr-252,インドハッカ,4,繁殖,0.12344596722027976
tr-252,インドハッカ,5,オーストラリア,0.08512683540684657
tr-252,インドハッカ,6,鳥類,0.07143026702852062
tr-252,インドハッカ,7,移入,0.06881821876898973
tr-252,インドハッカ,8,つがい,0.05754468416854079
tr-252,インドハッカ,9,ムクドリ,0.054726603415971506
tr-252,インドハッカ,10,営巣,0.050090167425603974
tr-252,インドハッカ,11,昆虫,0.04943932833920883
tr-252,インドハッカ,12,就塒,0.04307905845549785
tr-252,インドハッカ,13,バッタ,0.041044952561978626
tr-252,インドハッカ,14,集団,0.04044806223131717
tr-252,インドハッカ,15,侵略,0.038105154253509965
tr-252,インドハッカ,16,スズメ,0.03679429439950102
tr-252,インドハッカ,17,マレーシア,0.03679429439950102
tr-252,インドハッカ,18,平均,0.03664213795489079
tr-252,インドハッカ,19,行動,0.035811264428024535
tr-252,インドハッカ,20,生息,0.03337645523884588
tr-253,三島事件,1,三島,0.43567280055406943
tr-253,三島事件,2,総監,0.30887876588944774
tr-253,三島事件,3,由紀夫,0.23787458203506148
tr-253,三島事件,4,事件,0.2368324835795061
tr-253,三島事件,5,自衛隊,0.158583054690041
tr-253,三島事件,6,正面,0.13438508339475855
tr-253,三島事件,7,メンバー,0.11983877986644043
tr-253,三島事件,8,業務,0.11639446399991316
tr-253,三島事件,9,通過,0.11468484078996796
tr-253,三島事件,10,作家,0.10647999202775592
tr-253,三島事件,11,到着,0.1040854348537144
tr-253,三島事件,12,必勝,0.09758059453177166
tr-253,三島事件,13,正洋,0.09758059453177166
tr-253,三島事件,14,浩靖,0.09758059453177166
tr-253,三島事件,15,沢本,0.09758059453177166
tr-253,三島事件,16,泰治,0.09758059453177166
tr-253,三島事件,17,中尾,0.09758059453177166
tr-253,三島事件,18,警衛,0.09758059453177166
tr-253,三島事件,19,内線,0.09758059453177166
tr-253,三島事件,20,割腹,0.09297303648508795
tr-254,スコットランドの氏族,1,氏族,0.783890979512054
tr-254,スコットランドの氏族,2,スコットランド,0.3094033226616079
tr-254,スコットランドの氏族,3,ハイランド,0.14494722036167068
tr-254,スコットランドの氏族,4,ジェームズ,0.12637934657963057
tr-254,スコットランドの氏族,5,ゲール,0.1248054567310033
tr-254,スコットランドの氏族,6,盟約,0.12127749544540314
tr-254,スコットランドの氏族,7,アーガイル,0.0970153424192222
tr-254,スコットランドの氏族,8,支持,0.08360441684004571
tr-254,スコットランドの氏族,9,制度,0.07143186663332954
tr-254,スコットランドの氏族,10,モントローズ,0.06788215271775419
tr-254,スコットランドの氏族,11,内戦,0.06690893288098179
tr-254,スコットランドの氏族,12,維持,0.06628684844463978
tr-254,スコットランドの氏族,13,ジャコバイト,0.06467689494614813
tr-254,スコットランドの氏族,14,子孫,0.06464345576521843
tr-254,スコットランドの氏族,15,ドナルド,0.05515932337044904
tr-254,スコットランドの氏族,16,世紀,0.05513400618137085
tr-254,スコットランドの氏族,17,誇り,0.05096463363873228
tr-254,スコットランドの氏族,18,ロマン,0.05051278847003703
tr-254,スコットランドの氏族,19,自治,0.043095637176812286
tr-254,スコットランドの氏族,20,移民,0.0424364940231439
tr-255,子持山,1,子持山,0.31321774704489025
tr-255,子持山,2,火山,0.25650062863312456
tr-255,子持山,3,子持,0.15186315008237103
tr-255,子持山,4,溶岩,0.09348431752057047
tr-255,子持山,5,活動,0.08112330201916733
tr-255,子持山,6,扇状地,0.07657652453910073
tr-255,子持山,7,カルデラ,0.0739525919932444
tr-255,子持山,8,浸食,0.06933948901121266
tr-255,子持山,9,ルート,0.06639178957070932
tr-255,子持山,10,噴火,0.06462038679115754
tr-255,子持山,11,メートル,0.061112162939221754
tr-255,子持山,12,噴出,0.057872084098676814
tr-255,子持山,13,神社,0.056694694987021024
tr-255,子持山,14,山頂,0.056253955215662635
tr-255,子持山,15,大黒,0.05339305048901449
tr-255,子持山,16,放射状,0.05212399092896376
tr-255,子持山,17,獅子,0.05212399092896376
tr-255,子持山,18,沼田,0.050121563510505895
tr-255,子持山,19,安山岩,0.04622632600747511
tr-255,子持山,20,榛名山,0.04578854488535939
tr-256,エドゥアール・マネ,1,サロン,0.15017169357726054
tr-256,エドゥアール・マネ,2,作品,0.11770853050162203
tr-256,エドゥアール・マネ,3,画家,0.09134622005945048
tr-256,エドゥアール・マネ,4,絵画,0.07677032654174065
tr-256,エドゥアール・マネ,5,スペイン,0.061293236855762254
tr-256,エドゥアール・マネ,6,落選,0.05749731610303353
tr-256,エドゥアール・マネ,7,バティニョール,0.05545157773678373
tr-256,エドゥアール・マネ,8,印象派,0.05334282867261519
tr-256,エドゥアール・マネ,9,クチュール,0.04828084034664365
tr-256,エドゥアール・マネ,10,美術館,0.048166730226131965
tr-256,エドゥアール・マネ,11,アトリエ,0.04800854580535367
tr-256,エドゥアール・マネ,12,模写,0.04267426293809215
tr-256,エドゥアール・マネ,13,ベラスケス,0.041237193134219884
tr-256,エドゥアール・マネ,14,オランピア,0.03804310909993234
tr-256,エドゥアール・マネ,15,カフェ・ゲルボワ,0.03804310909993234
tr-256,エドゥアール・マネ,16,裸婦,0.03804310909993234
tr-256,エドゥアール・マネ,17,昼食,0.035926967221058474
tr-256,エドゥアール・マネ,18,ルーヴル,0.035346165543617046
tr-256,エドゥアール・マネ,19,大通り,0.03362725015114123
tr-256,エドゥアール・マネ,20,シュザンヌ,0.032857940605171644
tr-257,アン女王戦争,1,イギリス,0.13729389187409247
tr-257,アン女王戦争,2,フランス,0.13630027479750856
tr-257,アン女王戦争,3,植民,0.101506761333919
tr-257,アン女王戦争,4,インディアン,0.10062397226879684
tr-257,アン女王戦争,5,戦争,0.0953446156927504
tr-257,アン女王戦争,6,遠征,0.07581171788393629
tr-257,アン女王戦争,7,ヌーベルフランス,0.07083659922673367
tr-257,アン女王戦争,8,スペイン,0.06710166656591668
tr-257,アン女王戦争,9,入植,0.06292752810125675
tr-257,アン女王戦争,10,襲撃,0.059481059149757445
tr-257,アン女王戦争,11,ニューファンドランド,0.05811213323425568
tr-257,アン女王戦争,12,セントジョンズ,0.05811213323425568
tr-257,アン女王戦争,13,アベナキ,0.05576033973244095
tr-257,アン女王戦争,14,イロコイ,0.0498103999150763
tr-257,アン女王戦争,15,攻撃,0.04664963419675161
tr-257,アン女王戦争,16,ニコルソン,0.04646694977703412
tr-257,アン女王戦争,17,条約,0.04515436948260854
tr-257,アン女王戦争,18,連邦,0.04506116054413955
tr-257,アン女王戦争,19,アカディア,0.042716153345432675
tr-257,アン女王戦争,20,女王,0.040518286868420635
tr-258,富田川のオオウナギ生息地,1,オオウナギ,0.5176357467695711
tr-258,富田川のオオウナギ生息地,2,富田川,0.24635100914578417
tr-258,富田川のオオウナギ生息地,3,田辺,0.16766779424965572
tr-258,富田川のオオウナギ生息地,4,和歌山,0.16204935096741896
tr-258,富田川のオオウナギ生息地,5,生息,0.15678270674695569
tr-258,富田川のオオウナギ生息地,6,村人,0.08455187221308107
tr-258,富田川のオオウナギ生息地,7,鮎川,0.08211700304859472
tr-258,富田川のオオウナギ生息地,8,宇井,0.08211700304859472
tr-258,富田川のオオウナギ生息地,9,剥製,0.08015660492131733
tr-258,富田川のオオウナギ生息地,10,捕獲,0.07943310924257
tr-258,富田川のオオウナギ生息地,11,天然記念物,0.07856394764089777
tr-258,富田川のオオウナギ生息地,12,夜店,0.07823960447378986
tr-258,富田川のオオウナギ生息地,13,指定,0.07351555661900179
tr-258,富田川のオオウナギ生息地,14,ウナギ,0.07339114909174112
tr-258,富田川のオオウナギ生息地,15,大塔,0.06706251812039131
tr-258,富田川のオオウナギ生息地,16,個体,0.06335784976611587
tr-258,富田川のオオウナギ生息地,17,紀伊,0.05569944958662172
tr-258,富田川のオオウナギ生息地,18,昭和,0.050741162764648406
tr-258,富田川のオオウナギ生息地,19,水域,0.05001791531973693
tr-258,富田川のオオウナギ生息地,20,上流,0.04853665049146747
tr-259,ミケランジェロ・メリージ・ダ・カラヴァッジオ,1,カラヴァッジョ,0.6930319519641379
tr-259,ミケランジェロ・メリージ・ダ・カラヴァッジオ,2,絵画,0.21239790343214915
tr-259,ミケランジェロ・メリージ・ダ・カラヴァッジオ,3,作品,0.16283013386057715
tr-259,ミケランジェロ・メリージ・ダ・カラヴァッジオ,4,所蔵,0.15583170024458223
tr-259,ミケランジェロ・メリージ・ダ・カラヴァッジオ,5,美術館,0.10261831723043302
tr-259,ミケランジェロ・メリージ・ダ・カラヴァッジオ,6,ミンニーティ,0.10102461551524594
tr-259,ミケランジェロ・メリージ・ダ・カラヴァッジオ,7,ローマ,0.08380095552100797
tr-259,ミケランジェロ・メリージ・ダ・カラヴァッジオ,8,題材,0.07274971926085777
tr-259,ミケランジェロ・メリージ・ダ・カラヴァッジオ,9,ミラノ,0.07229112098149058
tr-259,ミケランジェロ・メリージ・ダ・カラヴァッジオ,10,画家,0.06081606629626516
tr-259,ミケランジェロ・メリージ・ダ・カラヴァッジオ,11,マグダラ,0.06061476930914757
tr-259,ミケランジェロ・メリージ・ダ・カラヴァッジオ,12,コロンナ,0.0557219656816656
tr-259,ミケランジェロ・メリージ・ダ・カラヴァッジオ,13,占い師,0.0557219656816656
tr-259,ミケランジェロ・メリージ・ダ・カラヴァッジオ,14,美術,0.04633911221332949
tr-259,ミケランジェロ・メリージ・ダ・カラヴァッジオ,15,宗教,0.04390700218837261
tr-259,ミケランジェロ・メリージ・ダ・カラヴァッジオ,16,マリア,0.041986129335392794
tr-259,ミケランジェロ・メリージ・ダ・カラヴァッジオ,17,ロンギ,0.040409846206098374
tr-259,ミケランジェロ・メリージ・ダ・カラヴァッジオ,18,ドリア・パンフィリ,0.040409846206098374
tr-259,ミケランジェロ・メリージ・ダ・カラヴァッジオ,19,装飾,0.03748198295861455
tr-259,ミケランジェロ・メリージ・ダ・カラヴァッジオ,20,後年,0.03660631720329706
tr-260,ピッツバーグ,1,ピッツバーグ,0.31988030796821904
tr-260,ピッツバーグ,2,カーネギー,0.18483859245594578
tr-260,ピッツバーグ,3,スチール,0.07781545043167978
tr-260,ピッツバーグ,4,地区,0.07163623067132079
tr-260,ピッツバーグ,5,メロン,0.06916928927260424
tr-260,ピッツバーグ,6,美術館,0.06568190485381632
tr-260,ピッツバーグ,7,市長,0.059710822594378474
tr-260,ピッツバーグ,8,全米,0.058633422675384246
tr-260,ピッツバーグ,9,優勝,0.05795331769906162
tr-260,ピッツバーグ,10,センター,0.05746240955227711
tr-260,ピッツバーグ,11,建て,0.05487404917181148
tr-260,ピッツバーグ,12,博物館,0.054803651482363575
tr-260,ピッツバーグ,13,ペンシルベニア,0.04989436521337621
tr-260,ピッツバーグ,14,スティーラーズ,0.04702679254543212
tr-260,ピッツバーグ,15,年代,0.041198232239638366
tr-260,ピッツバーグ,16,芸術,0.040790945770616246
tr-260,ピッツバーグ,17,チーム,0.040289391741889266
tr-260,ピッツバーグ,18,アンドリュー,0.04016609720865573
tr-260,ピッツバーグ,19,選挙,0.037748866055491576
tr-260,ピッツバーグ,20,立地,0.03708205918705015
tr-261,飯田市立図書館,1,飯田,0.5023854717019178
tr-261,飯田市立図書館,2,図書館,0.4813527699966527
tr-261,飯田市立図書館,3,分館,0.22381323087424468
tr-261,飯田市立図書館,4,市立,0.12004865513766011
tr-261,飯田市立図書館,5,昭和,0.1011861132539632
tr-261,飯田市立図書館,6,上郷,0.09775148874286058
tr-261,飯田市立図書館,7,中央,0.09441771310966678
tr-261,飯田市立図書館,8,平成,0.08308176607330996
tr-261,飯田市立図書館,9,文庫,0.08190896385107815
tr-261,飯田市立図書館,10,児童,0.06902216911498293
tr-261,飯田市立図書館,11,職員,0.06833671701554461
tr-261,飯田市立図書館,12,開館,0.06181365557740393
tr-261,飯田市立図書館,13,蔵書,0.055710202554100766
tr-261,飯田市立図書館,14,下伊那,0.05529909028536574
tr-261,飯田市立図書館,15,公民館,0.05460347689695646
tr-261,飯田市立図書館,16,図書,0.05013039787974112
tr-261,飯田市立図書館,17,堀家,0.04511607172747411
tr-261,飯田市立図書館,18,長野,0.04426453649652875
tr-261,飯田市立図書館,19,ビジネス,0.03766481347109186
tr-261,飯田市立図書館,20,運営,0.03623728060427729
tr-262,密室殺人,1,密室,0.4187446997596087
tr-262,密室殺人,2,トリック,0.31078524166283306
tr-262,密室殺人,3,小説,0.23024505127991796
tr-262,密室殺人,4,推理,0.16731531311857395
tr-262,密室殺人,5,不可能,0.13789375457629355
tr-262,密室殺人,6,アリバイ,0.12080002499089369
tr-262,密室殺人,7,殺人,0.11708730293662688
tr-262,密室殺人,8,部屋,0.10607124411900046
tr-262,密室殺人,9,作品,0.09615952787041956
tr-262,密室殺人,10,犯人,0.08128753023493085
tr-262,密室殺人,11,三つ,0.07365020151534363
tr-262,密室殺人,12,長編,0.07257573169401614
tr-262,密室殺人,13,出入り,0.0715909095411927
tr-262,密室殺人,14,作者,0.07025238176197612
tr-262,密室殺人,15,犯罪,0.0698379173547564
tr-262,密室殺人,16,モルグ,0.06442226150147827
tr-262,密室殺人,17,シャーロック,0.062157048332566606
tr-262,密室殺人,18,ホームズ,0.060400012495446846
tr-262,密室殺人,19,解決,0.05830433949805708
tr-262,密室殺人,20,犯行,0.052876300329876474
tr-263,ピアソン夫妻,1,アイダ,0.2198999313392037
tr-263,ピアソン夫妻,2,伝道,0.18271701644164515
tr-263,ピアソン夫妻,3,ジョージ,0.16751005209983194
tr-263,ピアソン夫妻,4,夫妻,0.13549949943128234
tr-263,ピアソン夫妻,5,ピアソン,0.11786122796806785
tr-263,ピアソン夫妻,6,遊郭,0.10475835096911318
tr-263,ピアソン夫妻,7,北見,0.09096735754689325
tr-263,ピアソン夫妻,8,野付,0.08380668077529055
tr-263,ピアソン夫妻,9,北海道,0.06035172097783828
tr-263,ピアソン夫妻,10,聖書,0.05753319183842462
tr-263,ピアソン夫妻,11,小樽,0.05287332312336091
tr-263,ピアソン夫妻,12,教会,0.05267142596977163
tr-263,ピアソン夫妻,13,学校,0.047100568292177666
tr-263,ピアソン夫妻,14,旭川,0.04350405153372503
tr-263,ピアソン夫妻,15,活動,0.04029158623973753
tr-263,ピアソン夫妻,16,エリザベス,0.039921364030937434
tr-263,ピアソン夫妻,17,札幌,0.03933895828058066
tr-263,ピアソン夫妻,18,援助,0.036725453231950714
tr-263,ピアソン夫妻,19,運動,0.036683707880416985
tr-263,ピアソン夫妻,20,各地,0.03512500811206783
tr-264,ローレン・バコール,1,バコール,0.8054271294685914
tr-264,ローレン・バコール,2,ボガート,0.2733833814107691
tr-264,ローレン・バコール,3,映画,0.11011555539022222
tr-264,ローレン・バコール,4,出演,0.09516969463961192
tr-264,ローレン・バコール,5,共演,0.08466758268745209
tr-264,ローレン・バコール,6,作品,0.07636333839060255
tr-264,ローレン・バコール,7,舞台,0.062228612073035205
tr-264,ローレン・バコール,8,ロバーズ,0.06195593303604549
tr-264,ローレン・バコール,9,結婚,0.061419321479214625
tr-264,ローレン・バコール,10,百万長者,0.0590304993556114
tr-264,ローレン・バコール,11,アプローズ,0.0495647464288364
tr-264,ローレン・バコール,12,監督,0.048287169990157426
tr-264,ローレン・バコール,13,ハンフリー,0.04427591103562337
tr-264,ローレン・バコール,14,母親,0.043815859689867905
tr-264,ローレン・バコール,15,ニューヨーク,0.04262797119191566
tr-264,ローレン・バコール,16,脱出,0.041101879948771576
tr-264,ローレン・バコール,17,結婚式,0.04090419615232053
tr-264,ローレン・バコール,18,ナタリー,0.037173559821627296
tr-264,ローレン・バコール,19,デューク・マンティ,0.037173559821627296
tr-264,ローレン・バコール,20,ベティ・デイヴィス,0.037173559821627296
tr-265,美幾,1,解剖,0.3027832850314349
tr-265,美幾,2,宇都宮,0.19283639562560845
tr-265,美幾,3,篤志,0.12159682269561597
tr-265,美幾,4,小説,0.11504017762447975
tr-265,美幾,5,渡辺,0.10639721985866399
tr-265,美幾,6,医学,0.10571286070014974
tr-265,美幾,7,吉村,0.10163877860389647
tr-265,美幾,8,明治,0.09105765873266568
tr-265,美幾,9,刺青,0.08469898216991373
tr-265,美幾,10,小川,0.0712573194178175
tr-265,美幾,11,東京大学,0.05533928030300115
tr-265,美幾,12,旅立ち,0.05528171020684059
tr-265,美幾,13,入院,0.048434792614845186
tr-265,美幾,14,文京,0.04820909890640211
tr-265,美幾,15,遊女,0.04492052192936784
tr-265,美幾,16,東京,0.04373640356522591
tr-265,美幾,17,医学部,0.040788415366026246
tr-265,美幾,18,末永,0.03685447347122706
tr-265,美幾,19,あとがき,0.03685447347122706
tr-265,美幾,20,献体,0.03511427987419631
tr-266,腕足動物,1,動物,0.4973131287342721
tr-266,腕足動物,2,関節,0.3050684497587535
tr-266,腕足動物,3,触手,0.27201424067098406
tr-266,腕足動物,4,外套,0.1496078323690412
tr-266,腕足動物,5,化石,0.1134034389399244
tr-266,腕足動物,6,シャミセンガイ,0.10657738693541018
tr-266,腕足動物,7,幼生,0.10403304042979485
tr-266,腕足動物,8,ハルキエリア,0.09135204594463729
tr-266,腕足動物,9,体系,0.0820387508920478
tr-266,腕足動物,10,神経,0.07141339153045713
tr-266,腕足動物,11,伝統,0.06184763934081879
tr-266,腕足動物,12,成体,0.05887572845514709
tr-266,腕足動物,13,二枚貝,0.058025724898494606
tr-266,腕足動物,14,カンブリア,0.058025724898494606
tr-266,腕足動物,15,体腔,0.0544028481341968
tr-266,腕足動物,16,分類,0.05402641967977042
tr-266,腕足動物,17,系統,0.05352919422666479
tr-266,腕足動物,18,受精,0.050234148383117946
tr-266,腕足動物,19,内側,0.04690829302120191
tr-266,腕足動物,20,蝶番,0.045676022972318646
tr-267,ピータールーの虐殺,1,穀物,0.24160447059015183
tr-267,ピータールーの虐殺,2,イングランド,0.1459998844047787
tr-267,ピータールーの虐殺,3,ランカシャー,0.13517029346294449
tr-267,ピータールーの虐殺,4,マンチェスター,0.12330133489171256
tr-267,ピータールーの虐殺,5,食料,0.11388842221381812
tr-267,ピータールーの虐殺,6,シリング,0.10507947379344862
tr-267,ピータールーの虐殺,7,選挙,0.10116843847944365
tr-267,ピータールーの虐殺,8,民衆,0.09450409903531314
tr-267,ピータールーの虐殺,9,ピータールー,0.08822355122050587
tr-267,ピータールーの虐殺,10,議員,0.08366079357334608
tr-267,ピータールーの虐殺,11,失業,0.0835915845069576
tr-267,ピータールーの虐殺,12,外国,0.07954641286175024
tr-267,ピータールーの虐殺,13,改革,0.07938096918175475
tr-267,ピータールーの虐殺,14,投票,0.07592561480921207
tr-267,ピータールーの虐殺,15,ナポレオン,0.0756032792282505
tr-267,ピータールーの虐殺,16,要求,0.07369016707080951
tr-267,ピータールーの虐殺,17,値段,0.0682313236617184
tr-267,ピータールーの虐殺,18,賃金,0.06685942579228837
tr-267,ピータールーの虐殺,19,高騰,0.06313094469274007
tr-267,ピータールーの虐殺,20,記録,0.06164498099895176
tr-268,澱川橋梁,1,橋梁,0.18323947857584497
tr-268,澱川橋梁,2,組み立て,0.11726994537646027
tr-268,澱川橋梁,3,部材,0.11109784298822549
tr-268,澱川橋梁,4,設計,0.09984130382057828
tr-268,澱川橋梁,5,奈良,0.07649311305549417
tr-268,澱川橋梁,6,フィート,0.07372529154005833
tr-268,澱川橋梁,7,橋桁,0.06959553931345534
tr-268,澱川橋梁,8,橋台,0.06959553931345534
tr-268,澱川橋梁,9,工事,0.06851168274935232
tr-268,澱川橋梁,10,鉄道,0.06436060044484827
tr-268,澱川橋梁,11,下弦,0.06384455255610338
tr-268,澱川橋梁,12,架設,0.0602297226943161
tr-268,澱川橋梁,13,荷重,0.05888290446272686
tr-268,澱川橋梁,14,電気,0.05844669810153526
tr-268,澱川橋梁,15,鋼材,0.05453032974201142
tr-268,澱川橋梁,16,作業,0.052768215592060755
tr-268,澱川橋梁,17,右岸,0.051768376778789774
tr-268,澱川橋梁,18,トラス,0.048716877519418736
tr-268,澱川橋梁,19,川崎,0.0453936624949188
tr-268,澱川橋梁,20,工程,0.045065900925558726
tr-269,笹子トンネル(中央本線),1,トンネル,0.15604344214825447
tr-269,笹子トンネル(中央本線),2,明治,0.10958273191529407
tr-269,笹子トンネル(中央本線),3,工事,0.10576552458867017
tr-269,笹子トンネル(中央本線),4,笹子,0.10564511462867957
tr-269,笹子トンネル(中央本線),5,鉄道,0.08942152865249794
tr-269,笹子トンネル(中央本線),6,東口,0.08008048790842666
tr-269,笹子トンネル(中央本線),7,フィート,0.07879436301444927
tr-269,笹子トンネル(中央本線),8,坑口,0.07361641807537121
tr-269,笹子トンネル(中央本線),9,坑内,0.06507138255574135
tr-269,笹子トンネル(中央本線),10,八王子,0.06313626413458137
tr-269,笹子トンネル(中央本線),11,輸送,0.06305545468778208
tr-269,笹子トンネル(中央本線),12,掘削,0.060874527577350845
tr-269,笹子トンネル(中央本線),13,チェーン,0.05506040062408884
tr-269,笹子トンネル(中央本線),14,西口,0.05096521251371853
tr-269,笹子トンネル(中央本線),15,測量,0.04540363609909367
tr-269,笹子トンネル(中央本線),16,馬力,0.04335553176258882
tr-269,笹子トンネル(中央本線),17,笹子峠,0.043120262719922045
tr-269,笹子トンネル(中央本線),18,設置,0.04242505114405881
tr-269,笹子トンネル(中央本線),19,発電,0.0419005907057683
tr-269,笹子トンネル(中央本線),20,マイル,0.04106808778957271
tr-270,ゲオルク・ビューヒナー,1,ビューヒナー,0.39330193826546134
tr-270,ゲオルク・ビューヒナー,2,ヴォイツェック,0.09013169418583489
tr-270,ゲオルク・ビューヒナー,3,文学,0.08064398508810591
tr-270,ゲオルク・ビューヒナー,4,受賞,0.0757671967300693
tr-270,ゲオルク・ビューヒナー,5,ダントン,0.073744113424774
tr-270,ゲオルク・ビューヒナー,6,ドイツ,0.07275151446986104
tr-270,ゲオルク・ビューヒナー,7,ヘッセン,0.06870990417629784
tr-270,ゲオルク・ビューヒナー,8,ストラスブール,0.06779151359172103
tr-270,ゲオルク・ビューヒナー,9,上演,0.05746319619593863
tr-270,ゲオルク・ビューヒナー,10,ギーセン,0.05735653266371311
tr-270,ゲオルク・ビューヒナー,11,ゲオルク,0.05496792334103827
tr-270,ゲオルク・ビューヒナー,12,講演,0.051813853985169765
tr-270,ゲオルク・ビューヒナー,13,ヴァイディヒ,0.04916274228318267
tr-270,ゲオルク・ビューヒナー,14,急使,0.04096895190265222
tr-270,ゲオルク・ビューヒナー,15,チューリヒ,0.04096895190265222
tr-270,ゲオルク・ビューヒナー,16,レーナ,0.04096895190265222
tr-270,ゲオルク・ビューヒナー,17,フランス,0.04005771434888611
tr-270,ゲオルク・ビューヒナー,18,オンス,0.03903448096702166
tr-270,ゲオルク・ビューヒナー,19,作品,0.03884306628353462
tr-270,ゲオルク・ビューヒナー,20,自然,0.03873934803699929
tr-271,エアバスA318,1,エアバス,0.16830873503038457
tr-271,エアバスA318,2,航空,0.13519948299884313
tr-271,エアバスA318,3,ファミリー,0.12145471947864238
tr-271,エアバスA318,4,エンジン,0.11168604141539525
tr-271,エアバスA318,5,胴体,0.10881011876060193
tr-271,エアバスA318,6,開発,0.08659364617223378
tr-271,エアバスA318,7,主翼,0.07963472725408903
tr-271,エアバスA318,8,機体,0.07732442241615085
tr-271,エアバスA318,9,尾翼,0.06871859321136292
tr-271,エアバスA318,10,飛行,0.06235520742682655
tr-271,エアバスA318,11,取得,0.06129995661498036
tr-271,エアバスA318,12,メートル,0.06026248661535718
tr-271,エアバスA318,13,短縮,0.059310220203022214
tr-271,エアバスA318,14,フレーム,0.054462734152478424
tr-271,エアバスA318,15,型式,0.05308981816939268
tr-271,エアバスA318,16,設計,0.05199408975802379
tr-271,エアバスA318,17,証明,0.05159229508641405
tr-271,エアバスA318,18,旅客機,0.04723239090836093
tr-271,エアバスA318,19,シリーズ,0.045519908775038836
tr-271,エアバスA318,20,装備,0.045017915782677276
tr-272,玩具,1,玩具,0.6235878912445129
tr-272,玩具,2,子供,0.09703645921044533
tr-272,玩具,3,道具,0.08687612675944227
tr-272,玩具,4,遊び,0.07708534245227747
tr-272,玩具,5,人形,0.07665540596421377
tr-272,玩具,6,ゲーム,0.06358073784427604
tr-272,玩具,7,大人,0.05685522759009016
tr-272,玩具,8,独楽,0.04830211185983541
tr-272,玩具,9,おもちゃ,0.04582111906546728
tr-272,玩具,10,販売,0.044036145515033015
tr-272,玩具,11,蒐集,0.0402314768544847
tr-272,玩具,12,世紀,0.0396275669428603
tr-272,玩具,13,教育,0.03898550793887162
tr-272,玩具,14,時代,0.03809276408963735
tr-272,玩具,15,ボール,0.03381307424108199
tr-272,玩具,16,規制,0.03284747854676042
tr-272,玩具,17,古代,0.03171543616078741
tr-272,玩具,18,積み木,0.0300247983174682
tr-272,玩具,19,市場,0.028366206469843832
tr-272,玩具,20,普及,0.02824965282928888
tr-273,セント・へレンズ山,1,セント・ヘレンズ,0.3773534673854578
tr-273,セント・へレンズ山,2,噴火,0.30514797868798127
tr-273,セント・へレンズ山,3,溶岩,0.13675296108895169
tr-273,セント・へレンズ山,4,火山,0.11545242245179085
tr-273,セント・へレンズ山,5,ヘレンズ,0.10522993197026032
tr-273,セント・へレンズ山,6,カラマ,0.09203743106962385
tr-273,セント・へレンズ山,7,火山灰,0.08739977941566367
tr-273,セント・へレンズ山,8,噴出,0.08688566109455687
tr-273,セント・へレンズ山,9,セント,0.07745521493677644
tr-273,セント・へレンズ山,10,北側,0.07202760263384031
tr-273,セント・へレンズ山,11,山頂,0.07146302295751784
tr-273,セント・へレンズ山,12,紀元前,0.06607208711208125
tr-273,セント・へレンズ山,13,斜面,0.060764432869363616
tr-273,セント・へレンズ山,14,ドーム,0.06015161152700091
tr-273,セント・へレンズ山,15,発生,0.057660890041047436
tr-273,セント・へレンズ山,16,火口,0.053141591054809666
tr-273,セント・へレンズ山,17,火砕流,0.05261496598513016
tr-273,セント・へレンズ山,18,活動,0.04871745564988152
tr-273,セント・へレンズ山,19,ゴート・ロックス,0.046018715534811926
tr-273,セント・へレンズ山,20,北東,0.04579717047783853
tr-274,ピエール=オーギュスト・ルノワール,1,ルノワール,0.5519328202853272
tr-274,ピエール=オーギュスト・ルノワール,2,バジール,0.15478323800462665
tr-274,ピエール=オーギュスト・ルノワール,3,シスレー,0.13673443113942513
tr-274,ピエール=オーギュスト・ルノワール,4,サロン,0.1264122775548948
tr-274,ピエール=オーギュスト・ルノワール,5,画家,0.1197892214926435
tr-274,ピエール=オーギュスト・ルノワール,6,磁器,0.10714731948586691
tr-274,ピエール=オーギュスト・ルノワール,7,グレール,0.10714731948586691
tr-274,ピエール=オーギュスト・ルノワール,8,入選,0.09576171325339483
tr-274,ピエール=オーギュスト・ルノワール,9,フォンテーヌ,0.06836721556971256
tr-274,ピエール=オーギュスト・ルノワール,10,ブロー,0.06836721556971256
tr-274,ピエール=オーギュスト・ルノワール,11,制作,0.06770253128274643
tr-274,ピエール=オーギュスト・ルノワール,12,肖像,0.061228785431726586
tr-274,ピエール=オーギュスト・ルノワール,13,デッサン,0.060564463899891716
tr-274,ピエール=オーギュスト・ルノワール,14,アトリエ,0.05919057192282167
tr-274,ピエール=オーギュスト・ルノワール,15,ルーヴシエンヌ,0.0583360228926042
tr-274,ピエール=オーギュスト・ルノワール,16,ドラクロワ,0.056284813819864235
tr-274,ピエール=オーギュスト・ルノワール,17,アルジェ,0.056284813819864235
tr-274,ピエール=オーギュスト・ルノワール,18,パリ・コミューン,0.05469377245577005
tr-274,ピエール=オーギュスト・ルノワール,19,バティニョール,0.05469377245577005
tr-274,ピエール=オーギュスト・ルノワール,20,応募,0.05333692186587809
tr-275,エアバスA300-600,1,主翼,0.1350296986743461
tr-275,エアバスA300-600,2,エアバス,0.12485660301213286
tr-275,エアバスA300-600,3,航空,0.09628333458900604
tr-275,エアバスA300-600,4,開発,0.0873984129738515
tr-275,エアバスA300-600,5,機体,0.08194519698757258
tr-275,エアバスA300-600,6,尾翼,0.07573810215085845
tr-275,エアバスA300-600,7,飛行,0.07208885175372923
tr-275,エアバスA300-600,8,生産,0.0706976140367943
tr-275,エアバスA300-600,9,操縦,0.06964837442575628
tr-275,エアバスA300-600,10,胴体,0.0596911373494755
tr-275,エアバスA300-600,11,世代,0.056844284183973956
tr-275,エアバスA300-600,12,型式,0.0506361370028798
tr-275,エアバスA300-600,13,共通,0.049298746110582346
tr-275,エアバスA300-600,14,運航,0.04821810537167743
tr-275,エアバスA300-600,15,双発,0.04707029040826241
tr-275,エアバスA300-600,16,コックピット,0.04707029040826241
tr-275,エアバスA300-600,17,水平,0.0448522890723938
tr-275,エアバスA300-600,18,就航,0.044008918771184964
tr-275,エアバスA300-600,19,燃料,0.04392514138388612
tr-275,エアバスA300-600,20,エアバス・インダストリー,0.043727467184004144
tr-276,ヨロイザメ,1,深海,0.14392735074549862
tr-276,ヨロイザメ,2,個体,0.11756133340632909
tr-276,ヨロイザメ,3,ヨロイザメ,0.11427689397637136
tr-276,ヨロイザメ,4,背鰭,0.09043218621097898
tr-276,ヨロイザメ,5,漁獲,0.08298482781640112
tr-276,ヨロイザメ,6,水揚げ,0.08213837974535378
tr-276,ヨロイザメ,7,諸島,0.0796530529508943
tr-276,ヨロイザメ,8,肝油,0.07777212177459829
tr-276,ヨロイザメ,9,生息,0.07589019099935299
tr-276,ヨロイザメ,10,メートル,0.07511219266199023
tr-276,ヨロイザメ,11,アゾレス,0.07503750131403003
tr-276,ヨロイザメ,12,捕食,0.0747466634459761
tr-276,ヨロイザメ,13,水深,0.06563360047231584
tr-276,ヨロイザメ,14,大西洋,0.06269258401639835
tr-276,ヨロイザメ,15,捕獲,0.05527094673532437
tr-276,ヨロイザメ,16,ポルトガル,0.05291508966398804
tr-276,ヨロイザメ,17,ダルマザメ,0.048975811704159156
tr-276,ヨロイザメ,18,全長,0.047967043676412455
tr-276,ヨロイザメ,19,妊娠,0.04523220524091746
tr-276,ヨロイザメ,20,皮膚,0.04375573364821056
tr-277,利根川,1,利根川,0.21225858241526985
tr-277,利根川,2,下流,0.09287571788802255
tr-277,利根川,3,生息,0.08632837470947162
tr-277,利根川,4,上流,0.0807872513766037
tr-277,利根川,5,流域,0.07716878844420644
tr-277,利根川,6,河川,0.061491912384110024
tr-277,利根川,7,中流,0.0587260148393267
tr-277,利根川,8,群馬,0.056538819332473476
tr-277,利根川,9,水源,0.05259604140714128
tr-277,利根川,10,外来,0.0455560062054441
tr-277,利根川,11,水系,0.04501202793291567
tr-277,利根川,12,付近,0.04254452542280725
tr-277,利根川,13,大水,0.04159837109451303
tr-277,利根川,14,上山,0.039634180259386975
tr-277,利根川,15,利根,0.039634180259386975
tr-277,利根川,16,自生,0.03717807691014152
tr-277,利根川,17,形成,0.0354275212568052
tr-277,利根川,18,確認,0.03538457826456676
tr-277,利根川,19,県境,0.03380178605157967
tr-277,利根川,20,生物,0.03285564018133283
tr-278,ギーラーン共和国,1,イラン,0.26995813274947167
tr-278,ギーラーン共和国,2,ギーラーン,0.2516906369302248
tr-278,ギーラーン共和国,3,テヘラン,0.22207997376196306
tr-278,ギーラーン共和国,4,共産党,0.19207852901371655
tr-278,ギーラーン共和国,5,ジャンギャリー,0.1628586474254396
tr-278,ギーラーン共和国,6,クーチェク,0.1628586474254396
tr-278,ギーラーン共和国,7,政府,0.1255802421139677
tr-278,ギーラーン共和国,8,革命,0.12169470312549484
tr-278,ギーラーン共和国,9,政権,0.08924278229202955
tr-278,ギーラーン共和国,10,エフサーノッラー,0.08883198950478523
tr-278,ギーラーン共和国,11,赤軍,0.0830627751481075
tr-278,ギーラーン共和国,12,中央,0.07967366628416708
tr-278,ギーラーン共和国,13,ラシュト,0.07402665792065435
tr-278,ギーラーン共和国,14,ロシア,0.07092479945239938
tr-278,ギーラーン共和国,15,路線,0.05235239787082493
tr-278,ギーラーン共和国,16,ブルジョワジー,0.05164468986295031
tr-278,ギーラーン共和国,17,主義,0.04994833034477988
tr-278,ギーラーン共和国,18,イギリス,0.04503128258831795
tr-278,ギーラーン共和国,19,アンザリー,0.044415994752392614
tr-278,ギーラーン共和国,20,チチェーリン,0.044415994752392614
tr-279,感染症の歴史,1,感染,0.18532397886412164
tr-279,感染症の歴史,2,流行,0.09874273129917968
tr-279,感染症の歴史,3,天然痘,0.07600166692523878
tr-279,感染症の歴史,4,世紀,0.06483928495743674
tr-279,感染症の歴史,5,コレラ,0.058211786238286295
tr-279,感染症の歴史,6,梅毒,0.05448368655711411
tr-279,感染症の歴史,7,患者,0.049287201852705985
tr-279,感染症の歴史,8,伝染,0.048319029529236314
tr-279,感染症の歴史,9,ヨーロッパ,0.04643331906778677
tr-279,感染症の歴史,10,ウイルス,0.04580769553448427
tr-279,感染症の歴史,11,発見,0.043435331482357946
tr-279,感染症の歴史,12,病原,0.04295024847043227
tr-279,感染症の歴史,13,細菌,0.041694591141792296
tr-279,感染症の歴史,14,病気,0.04079331442812119
tr-279,感染症の歴史,15,人びと,0.03948551402144917
tr-279,感染症の歴史,16,麻疹,0.03828914375862228
tr-279,感染症の歴史,17,疫病,0.03800083346261939
tr-279,感染症の歴史,18,ハンセン病,0.035574758368474714
tr-279,感染症の歴史,19,発疹チフス,0.03307044143366104
tr-279,感染症の歴史,20,抗生,0.030268714753952285
tr-280,柏の少女殺し事件,1,鑑定,0.16039345587893375
tr-280,柏の少女殺し事件,2,自白,0.15315304907820146
tr-280,柏の少女殺し事件,3,ナイフ,0.15248699067873872
tr-280,柏の少女殺し事件,4,犯行,0.12464575669409397
tr-280,柏の少女殺し事件,5,校庭,0.11389736256177828
tr-280,柏の少女殺し事件,6,指紋,0.0949144688014819
tr-280,柏の少女殺し事件,7,木村,0.08094726689514853
tr-280,柏の少女殺し事件,8,犯人,0.07984158035449511
tr-280,柏の少女殺し事件,9,任意,0.07704387667912518
tr-280,柏の少女殺し事件,10,鑑識,0.07593157504118551
tr-280,柏の少女殺し事件,11,現場,0.07366016871635603
tr-280,柏の少女殺し事件,12,事件,0.06769782361251775
tr-280,柏の少女殺し事件,13,千葉,0.06515867579148728
tr-280,柏の少女殺し事件,14,処分,0.06375927918141054
tr-280,柏の少女殺し事件,15,取消,0.05977094421435665
tr-280,柏の少女殺し事件,16,若穂,0.05977094421435665
tr-280,柏の少女殺し事件,17,捜査,0.058324893046885
tr-280,柏の少女殺し事件,18,出血,0.057872084098676814
tr-280,柏の少女殺し事件,19,殺人,0.055202180874066316
tr-280,柏の少女殺し事件,20,決定,0.05449090697448721
tr-281,桑名市立中央図書館,1,桑名,0.33846237424306413
tr-281,桑名市立中央図書館,2,図書館,0.26368957307459745
tr-281,桑名市立中央図書館,3,図書,0.10350086215351749
tr-281,桑名市立中央図書館,4,平成,0.10210317660018291
tr-281,桑名市立中央図書館,5,開館,0.07976406177332801
tr-281,桑名市立中央図書館,6,事業,0.07440367955583883
tr-281,桑名市立中央図書館,7,昭和,0.060621833630683526
tr-281,桑名市立中央図書館,8,コンクール,0.05695546407201366
tr-281,桑名市立中央図書館,9,資料,0.056371052068834575
tr-281,桑名市立中央図書館,10,入館,0.05594754391862178
tr-281,桑名市立中央図書館,11,職員,0.05290883446220471
tr-281,桑名市立中央図書館,12,市立,0.047664689845183086
tr-281,桑名市立中央図書館,13,サービス,0.047664689845183086
tr-281,桑名市立中央図書館,14,ライヴ,0.046223882546258414
tr-281,桑名市立中央図書館,15,書架,0.04607005321740915
tr-281,桑名市立中央図書館,16,図書館流通センター,0.04459856010302802
tr-281,桑名市立中央図書館,17,購入,0.0444161147147776
tr-281,桑名市立中央図書館,18,メディア,0.04329382945434883
tr-281,桑名市立中央図書館,19,文庫,0.03963560877878443
tr-281,桑名市立中央図書館,20,三重,0.03921174195179234
tr-282,アダム・スミス,1,スミス,0.48127320859700823
tr-282,アダム・スミス,2,感情,0.2444414359068845
tr-282,アダム・スミス,3,道徳,0.2324568562083281
tr-282,アダム・スミス,4,グラスゴー,0.20305968201250055
tr-282,アダム・スミス,5,公平,0.13892214709342793
tr-282,アダム・スミス,6,大学,0.1328856920431639
tr-282,アダム・スミス,7,思想,0.12222071795344225
tr-282,アダム・スミス,8,哲学,0.11158325282101679
tr-282,アダム・スミス,9,観察,0.09653196232166807
tr-282,アダム・スミス,10,啓蒙,0.08637029121407476
tr-282,アダム・スミス,11,ヒューム,0.08283368796266147
tr-282,アダム・スミス,12,国富,0.08283368796266147
tr-282,アダム・スミス,13,同感,0.08283368796266147
tr-282,アダム・スミス,14,行為,0.0763286174630642
tr-282,アダム・スミス,15,主著,0.07614738075468772
tr-282,アダム・スミス,16,秩序,0.07561468961663916
tr-282,アダム・スミス,17,評価,0.07379263763340481
tr-282,アダム・スミス,18,スコットランド,0.07191459865262911
tr-282,アダム・スミス,19,出版,0.05705533650028628
tr-282,アダム・スミス,20,講義,0.05671101721247938
tr-283,東日本大震災,1,津波,0.09039912418450313
tr-283,東日本大震災,2,福島,0.07053475453288117
tr-283,東日本大震災,3,震災,0.06993040863842036
tr-283,東日本大震災,4,被害,0.06754229087974123
tr-283,東日本大震災,5,避難,0.05778475157640127
tr-283,東日本大震災,6,地震,0.0527618065093177
tr-283,東日本大震災,7,犠牲,0.05229467211269614
tr-283,東日本大震災,8,宮城,0.04575614631004835
tr-283,東日本大震災,9,発生,0.044845533631481305
tr-283,東日本大震災,10,被災,0.043689767414791525
tr-283,東日本大震災,11,浸水,0.041946499071406476
tr-283,東日本大震災,12,岩手,0.0365181277746755
tr-283,東日本大震災,13,自衛隊,0.03644548835231712
tr-283,東日本大震災,14,空港,0.034263276561283654
tr-283,東日本大震災,15,東北,0.03365184014115281
tr-283,東日本大震災,16,災害,0.03230382670490955
tr-283,東日本大震災,17,停電,0.03139037952145452
tr-283,東日本大震災,18,茨城,0.028381120383506802
tr-283,東日本大震災,19,東日本,0.0273018383485658
tr-283,東日本大震災,20,原発,0.026710610147559113
tr-284,志摩町片田,1,片田,0.49595417682814635
tr-284,志摩町片田,2,志摩,0.19946406362062313
tr-284,志摩町片田,3,大野,0.1210285371336722
tr-284,志摩町片田,4,海女,0.11392279584537252
tr-284,志摩町片田,5,漁港,0.08059996839031787
tr-284,志摩町片田,6,漁業,0.08033225477893008
tr-284,志摩町片田,7,組合,0.07778002324041534
tr-284,志摩町片田,8,麦崎,0.07085059668973519
tr-284,志摩町片田,9,真珠,0.06648802120687439
tr-284,志摩町片田,10,地曳,0.056680477351788154
tr-284,志摩町片田,11,昭和,0.05448116046017255
tr-284,志摩町片田,12,定置,0.05400414000453954
tr-284,志摩町片田,13,養殖,0.05272168103514591
tr-284,志摩町片田,14,明治,0.04901486514619726
tr-284,志摩町片田,15,時代,0.046228559531695676
tr-284,志摩町片田,16,集落,0.045161526481728796
tr-284,志摩町片田,17,布施田,0.042510358013841114
tr-284,志摩町片田,18,常安寺,0.042510358013841114
tr-284,志摩町片田,19,鵜方,0.040503105003404656
tr-284,志摩町片田,20,熊野灘,0.03907893632790079
tr-285,ラス・メニーナス,1,ラス・メニーナス,0.29339851677671197
tr-285,ラス・メニーナス,2,ベラスケス,0.24798449647532553
tr-285,ラス・メニーナス,3,フェリペ,0.10320630341026095
tr-285,ラス・メニーナス,4,画家,0.09533666130459599
tr-285,ラス・メニーナス,5,作品,0.07924622293419482
tr-285,ラス・メニーナス,6,国王,0.07733213510204648
tr-285,ラス・メニーナス,7,王女,0.07625367693879474
tr-285,ラス・メニーナス,8,夫妻,0.07589915608512506
tr-285,ラス・メニーナス,9,肖像,0.07038800948196437
tr-285,ラス・メニーナス,10,アトリエ,0.068044899280129
tr-285,ラス・メニーナス,11,鑑賞,0.0566626101955331
tr-285,ラス・メニーナス,12,マルガリータ,0.05278950195981089
tr-285,ラス・メニーナス,13,芸術,0.05246714502744608
tr-285,ラス・メニーナス,14,小人,0.05029688859029348
tr-285,ラス・メニーナス,15,カンバス,0.04852835125964729
tr-285,ラス・メニーナス,16,自身,0.04841424571953274
tr-285,ラス・メニーナス,17,視線,0.03928197382044889
tr-285,ラス・メニーナス,18,前景,0.0375734085568675
tr-285,ラス・メニーナス,19,目録,0.03726248160545686
tr-285,ラス・メニーナス,20,王妃,0.03614165236287108
tr-286,岡崎市立中央図書館,1,岡崎,0.5045636367343793
tr-286,岡崎市立中央図書館,2,図書館,0.36642850453998943
tr-286,岡崎市立中央図書館,3,市立,0.16418630439186568
tr-286,岡崎市立中央図書館,4,愛知,0.09505449366941646
tr-286,岡崎市立中央図書館,5,昭和,0.09390659903269861
tr-286,岡崎市立中央図書館,6,開館,0.09104345696651626
tr-286,岡崎市立中央図書館,7,館長,0.0835617283337407
tr-286,岡崎市立中央図書館,8,蔵書,0.07619287582848272
tr-286,岡崎市立中央図書館,9,閲覧,0.07212147259083077
tr-286,岡崎市立中央図書館,10,名古屋,0.06822419833412863
tr-286,岡崎市立中央図書館,11,県立,0.06453196648197872
tr-286,岡崎市立中央図書館,12,貸出,0.06373232697523878
tr-286,岡崎市立中央図書館,13,高等,0.05201560458433663
tr-286,岡崎市立中央図書館,14,市民,0.051789370559935204
tr-286,岡崎市立中央図書館,15,大正,0.04860598068743912
tr-286,岡崎市立中央図書館,16,公園,0.045800525308029555
tr-286,岡崎市立中央図書館,17,町立,0.04384804073538614
tr-286,岡崎市立中央図書館,18,建物,0.04379122680760255
tr-286,岡崎市立中央図書館,19,女学校,0.04300169556899296
tr-286,岡崎市立中央図書館,20,三河,0.04021131821493601
tr-287,アルプ・シュニットガー,1,オルガン,0.4217792803180045
tr-287,アルプ・シュニットガー,2,シュニットガー,0.3257172948508792
tr-287,アルプ・シュニットガー,3,アルプ・シュニットガー,0.1974875533614282
tr-287,アルプ・シュニットガー,4,ノイエンフェルデ,0.1480533158413087
tr-287,アルプ・シュニットガー,5,鍵盤,0.14106253811530586
tr-287,アルプ・シュニットガー,6,教会,0.11032746581484348
tr-287,アルプ・シュニットガー,7,製造,0.1088513245663148
tr-287,アルプ・シュニットガー,8,ゴルツヴァルデン,0.08883198950478523
tr-287,アルプ・シュニットガー,9,ズヴォレ,0.08883198950478523
tr-287,アルプ・シュニットガー,10,ハンブルク,0.08813610677875428
tr-287,アルプ・シュニットガー,11,製作,0.08466882149808325
tr-287,アルプ・シュニットガー,12,ストップ,0.07746703479442546
tr-287,アルプ・シュニットガー,13,工房,0.06946851870925151
tr-287,アルプ・シュニットガー,14,家具,0.06669337402034103
tr-287,アルプ・シュニットガー,15,カタリーナ,0.05922132633652349
tr-287,アルプ・シュニットガー,16,アルプ,0.05922132633652349
tr-287,アルプ・シュニットガー,17,オルゲルバウアーホーフ,0.05922132633652349
tr-287,アルプ・シュニットガー,18,結婚,0.05870839970358032
tr-287,アルプ・シュニットガー,19,職人,0.05810356399889176
tr-287,アルプ・シュニットガー,20,シュターデ,0.05642501524612235
tr-288,時計の歴史,1,時計,0.4155818523024124
tr-288,時計の歴史,2,水時計,0.2636197490210089
tr-288,時計の歴史,3,日時計,0.17888482969282746
tr-288,時計の歴史,4,振り子,0.12239488347403985
tr-288,時計の歴史,5,線香,0.1086973711239988
tr-288,時計の歴史,6,世紀,0.09229711794286449
tr-288,時計の歴史,7,紀元前,0.08276118161277382
tr-288,時計の歴史,8,古代,0.07828493735890563
tr-288,時計の歴史,9,ロウソク,0.07531992829171683
tr-288,時計の歴史,10,時刻,0.0748866602660077
tr-288,時計の歴史,11,タンク,0.07321179668214392
tr-288,時計の歴史,12,エジプト,0.06629352191799114
tr-288,時計の歴史,13,発明,0.06378101128967183
tr-288,時計の歴史,14,仕組み,0.06363947934504062
tr-288,時計の歴史,15,クレプシドラ,0.0592894751585448
tr-288,時計の歴史,16,砂時計,0.0592894751585448
tr-288,時計の歴史,17,ギリシア,0.05287994253756262
tr-288,時計の歴史,18,改良,0.051397885468786944
tr-288,時計の歴史,19,一定,0.048949670275946815
tr-288,時計の歴史,20,オベリスク,0.04707495518232302
tr-289,Undertale,1,モンスター,0.35285687299840046
tr-289,Undertale,2,主人公,0.25963384744550205
tr-289,Undertale,3,ゲーム,0.24245454697950597
tr-289,Undertale,4,地底,0.21478244443380898
tr-289,Undertale,5,アズゴア,0.1889160310135099
tr-289,Undertale,6,ニンゲン,0.1717418463759181
tr-289,Undertale,7,フラウィ,0.1373934771007345
tr-289,Undertale,8,プレイヤー,0.10483872042178913
tr-289,Undertale,9,タマシイ,0.08587092318795905
tr-289,Undertale,10,戦闘,0.07579111547337354
tr-289,Undertale,11,グラフィック,0.07334329350300536
tr-289,Undertale,12,フォックス,0.07083014922019631
tr-289,Undertale,13,地上,0.07064586192662027
tr-289,Undertale,14,開発,0.07028929965009033
tr-289,Undertale,15,トビー・フォックス,0.06869673855036725
tr-289,Undertale,16,トリエル,0.06869673855036725
tr-289,Undertale,17,サンズ,0.06869673855036725
tr-289,Undertale,18,システム,0.05749923755548452
tr-289,Undertale,19,キャラクター,0.055913600452419145
tr-289,Undertale,20,バリア,0.04908976326412644
tr-290,ヴィルヘルム2世(ドイツ皇帝),1,ヴィルヘルム,0.5064928651579098
tr-290,ヴィルヘルム2世(ドイツ皇帝),2,フリードリヒ,0.20991735669221295
tr-290,ヴィルヘルム2世(ドイツ皇帝),3,プロイセン,0.1911355630705554
tr-290,ヴィルヘルム2世(ドイツ皇帝),4,ヴィクトリア,0.15743801751915973
tr-290,ヴィルヘルム2世(ドイツ皇帝),5,ドイツ,0.14852646850210593
tr-290,ヴィルヘルム2世(ドイツ皇帝),6,帝政,0.11268659354313539
tr-290,ヴィルヘルム2世(ドイツ皇帝),7,イギリス,0.09691333544053586
tr-290,ヴィルヘルム2世(ドイツ皇帝),8,主義,0.08957956586262315
tr-290,ヴィルヘルム2世(ドイツ皇帝),9,復古,0.08372761240648875
tr-290,ヴィルヘルム2世(ドイツ皇帝),10,近衛,0.08372761240648875
tr-290,ヴィルヘルム2世(ドイツ皇帝),11,皇帝,0.0818417767576677
tr-290,ヴィルヘルム2世(ドイツ皇帝),12,ドールン,0.07434711964325459
tr-290,ヴィルヘルム2世(ドイツ皇帝),13,ヴィクトール,0.07434711964325459
tr-290,ヴィルヘルム2世(ドイツ皇帝),14,王子,0.07108541570890299
tr-290,ヴィルヘルム2世(ドイツ皇帝),15,帝国,0.07030101600480564
tr-290,ヴィルヘルム2世(ドイツ皇帝),16,祖父,0.06997947014604186
tr-290,ヴィルヘルム2世(ドイツ皇帝),17,即位,0.06313505053973055
tr-290,ヴィルヘルム2世(ドイツ皇帝),18,アルベルト,0.05883405064560909
tr-290,ヴィルヘルム2世(ドイツ皇帝),19,ポツダム,0.05883405064560909
tr-290,ヴィルヘルム2世(ドイツ皇帝),20,政策,0.05771373496629055
tr-291,オウム,1,オウム,0.7010758298910872
tr-291,オウム,2,インコ,0.1464424451439533
tr-291,オウム,3,羽根,0.09922897566423756
tr-291,オウム,4,羽毛,0.07633354725451605
tr-291,オウム,5,オカメインコ,0.07585770599643027
tr-291,オウム,6,モモイロインコ,0.07585770599643027
tr-291,オウム,7,群れ,0.07007810397270561
tr-291,オウム,8,分布,0.06394733484676249
tr-291,オウム,9,種子,0.06386403028338342
tr-291,オウム,10,オーストラリア,0.05846077901526724
tr-291,オウム,11,食料,0.053858894604061215
tr-291,オウム,12,白色,0.052234484711743606
tr-291,オウム,13,営巣,0.046306855309977524
tr-291,オウム,14,クルマサカオウム,0.045514623597858156
tr-291,オウム,15,アカサカオウム,0.045514623597858156
tr-291,オウム,16,生息,0.0440793291361083
tr-291,オウム,17,大型,0.04310651637974368
tr-291,オウム,18,系統,0.04000503384784312
tr-291,オウム,19,これら,0.03740132047979914
tr-291,オウム,20,グループ,0.03716927899320655
tr-292,マラッカ王国,1,マラッカ,0.5114017614471801
tr-292,マラッカ王国,2,ポルトガル,0.15719824975926283
tr-292,マラッカ王国,3,マレー半島,0.11961458401455173
tr-292,マラッカ王国,4,王国,0.11769326871591317
tr-292,マラッカ王国,5,パハン,0.1141141836384838
tr-292,マラッカ王国,6,交易,0.08884408416331435
tr-292,マラッカ王国,7,イスラム,0.08740244294657198
tr-292,マラッカ王国,8,パラメスワラ,0.08558563772886284
tr-292,マラッカ王国,9,ラジャ・プテ,0.07132136477405238
tr-292,マラッカ王国,10,マームド・シャー,0.07132136477405238
tr-292,マラッカ王国,11,朝貢,0.060916356730070904
tr-292,マラッカ王国,12,パサイ,0.0570570918192419
tr-292,マラッカ王国,13,インドラギリ,0.0570570918192419
tr-292,マラッカ王国,14,治世,0.05311291475854906
tr-292,マラッカ王国,15,ジョホール,0.05245146271253129
tr-292,マラッカ王国,16,アユタヤ,0.05245146271253129
tr-292,マラッカ王国,17,東南アジア,0.05140529107971374
tr-292,マラッカ王国,18,商人,0.04845248064676995
tr-292,マラッカ王国,19,世紀,0.04634187230527184
tr-292,マラッカ王国,20,従属,0.04283738309169192
tr-293,アフリカ,1,アフリカ,0.34399241397885316
tr-293,アフリカ,2,大陸,0.1297020577297315
tr-293,アフリカ,3,人口,0.06770778734753151
tr-293,アフリカ,4,経済,0.05973352202510278
tr-293,アフリカ,5,サハラ砂漠,0.05844019436205528
tr-293,アフリカ,6,貧困,0.048992017647447456
tr-293,アフリカ,7,成長,0.040168042536465554
tr-293,アフリカ,8,農業,0.03895891094473132
tr-293,アフリカ,9,カ国,0.03771309833446077
tr-293,アフリカ,10,地域,0.03666756798077561
tr-293,アフリカ,11,ベルベル,0.034289514084171496
tr-293,アフリカ,12,人類,0.03195366960671252
tr-293,アフリカ,13,パンゲア,0.03066818685284252
tr-293,アフリカ,14,南北,0.030036505921182084
tr-293,アフリカ,15,南アフリカ,0.029693890769678228
tr-293,アフリカ,16,政治,0.028696780788935457
tr-293,アフリカ,17,民主,0.027995438655684265
tr-293,アフリカ,18,サハラ,0.02739571995329196
tr-293,アフリカ,19,ヨーロッパ,0.02735143604135821
tr-293,アフリカ,20,内戦,0.026869777807759357
tr-294,只見特定地域総合開発計画,1,発電,0.30803563343060303
tr-294,只見特定地域総合開発計画,2,只見川,0.24823690707605947
tr-294,只見特定地域総合開発計画,3,水力,0.151711798400749
tr-294,只見特定地域総合開発計画,4,電力,0.13284650917839474
tr-294,只見特定地域総合開発計画,5,計画,0.1209821519187907
tr-294,只見特定地域総合開発計画,6,水利,0.10938882113586688
tr-294,只見特定地域総合開発計画,7,阿賀野川,0.10903239141209888
tr-294,只見特定地域総合開発計画,8,福島,0.09565558571180281
tr-294,只見特定地域総合開発計画,9,尾瀬,0.08177429355907416
tr-294,只見特定地域総合開発計画,10,電気,0.08018102059998121
tr-294,只見特定地域総合開発計画,11,野沢,0.07709406087316766
tr-294,只見特定地域総合開発計画,12,キロワット,0.07262087622379712
tr-294,只見特定地域総合開発計画,13,申請,0.07070439559644974
tr-294,只見特定地域総合開発計画,14,建設,0.06648642732046632
tr-294,只見特定地域総合開発計画,15,尾瀬沼,0.06541943484725933
tr-294,只見特定地域総合開発計画,16,開発,0.06202631568263036
tr-294,只見特定地域総合開発計画,17,株式会社,0.05441832028200237
tr-294,只見特定地域総合開発計画,18,送電,0.052081551595043026
tr-294,只見特定地域総合開発計画,19,昭和,0.05130183859630198
tr-294,只見特定地域総合開発計画,20,出力,0.051144590671061196
tr-295,美濃の壺石,1,土岐,0.2973746456184779
tr-295,美濃の壺石,2,産出,0.18120335294261386
tr-295,美濃の壺石,3,小石,0.15387287733139304
tr-295,美濃の壺石,4,粘土,0.15188562890865023
tr-295,美濃の壺石,5,美濃,0.14554140250725267
tr-295,美濃の壺石,6,指定,0.13821931706791774
tr-295,美濃の壺石,7,天然記念物,0.1094155435181453
tr-295,美濃の壺石,8,空洞,0.09558430693646307
tr-295,美濃の壺石,9,中空,0.0811021760777667
tr-295,美濃の壺石,10,砂礫,0.07535269880445757
tr-295,美濃の壺石,11,りょう,0.07398080093502754
tr-295,美濃の壺石,12,岐阜,0.06040111764753796
tr-295,美濃の壺石,13,団塊,0.05881570081367058
tr-295,美濃の壺石,14,三紀鮮新世,0.05881570081367058
tr-295,美濃の壺石,15,禹余,0.05881570081367058
tr-295,美濃の壺石,16,赤津,0.05881570081367058
tr-295,美濃の壺石,17,瑞浪,0.05603854253895712
tr-295,美濃の壺石,18,土中,0.05253973689672431
tr-295,美濃の壺石,19,塊状,0.05253973689672431
tr-295,美濃の壺石,20,一帯,0.05184383213793072
tr-296,能代大火,1,能代,0.35766676330875363
tr-296,能代大火,2,火災,0.17472117314014501
tr-296,能代大火,3,大火,0.1422437328331381
tr-296,能代大火,4,ポンプ,0.1422437328331381
tr-296,能代大火,5,消防,0.1352829955409297
tr-296,能代大火,6,木工,0.1257508456872418
tr-296,能代大火,7,焼失,0.12513423907904778
tr-296,能代大火,8,被害,0.11777120764425818
tr-296,能代大火,9,発生,0.11759040526403773
tr-296,能代大火,10,被災,0.10774080816809245
tr-296,能代大火,11,清助,0.09384800348410825
tr-296,能代大火,12,反町,0.08941669082718841
tr-296,能代大火,13,飛び火,0.08627262446159518
tr-296,能代大火,14,発見,0.0838868150564821
tr-296,能代大火,15,土蔵,0.08383389712482786
tr-296,能代大火,16,当時,0.08311242826000935
tr-296,能代大火,17,消火,0.07521687679297792
tr-296,能代大火,18,出動,0.06983462012524247
tr-296,能代大火,19,貯水,0.06983462012524247
tr-296,能代大火,20,秋田,0.0692437215321247
tr-297,ローマによるブリタンニア侵攻(紀元前55年-紀元前54年),1,ブリタンニア,0.8230039206017253
tr-297,ローマによるブリタンニア侵攻(紀元前55年-紀元前54年),2,カエサル,0.3269681418204244
tr-297,ローマによるブリタンニア侵攻(紀元前55年-紀元前54年),3,ウェネティ,0.1524335914579155
tr-297,ローマによるブリタンニア侵攻(紀元前55年-紀元前54年),4,ローマ,0.10537102395393014
tr-297,ローマによるブリタンニア侵攻(紀元前55年-紀元前54年),5,マンドゥブラキウス,0.10162239430527699
tr-297,ローマによるブリタンニア侵攻(紀元前55年-紀元前54年),6,ピュテアス,0.10162239430527699
tr-297,ローマによるブリタンニア侵攻(紀元前55年-紀元前54年),7,ベルガエ,0.10162239430527699
tr-297,ローマによるブリタンニア侵攻(紀元前55年-紀元前54年),8,度目,0.09797111331944888
tr-297,ローマによるブリタンニア侵攻(紀元前55年-紀元前54年),9,侵攻,0.08786105607815714
tr-297,ローマによるブリタンニア侵攻(紀元前55年-紀元前54年),10,戦闘,0.08408777604294401
tr-297,ローマによるブリタンニア侵攻(紀元前55年-紀元前54年),11,古代,0.08050841486969113
tr-297,ローマによるブリタンニア侵攻(紀元前55年-紀元前54年),12,偵察,0.07701361866409548
tr-297,ローマによるブリタンニア侵攻(紀元前55年-紀元前54年),13,航海,0.06426144257568984
tr-297,ローマによるブリタンニア侵攻(紀元前55年-紀元前54年),14,海上,0.06352918927725093
tr-297,ローマによるブリタンニア侵攻(紀元前55年-紀元前54年),15,海岸,0.058574037385438094
tr-297,ローマによるブリタンニア侵攻(紀元前55年-紀元前54年),16,商人,0.05753134782910357
tr-297,ローマによるブリタンニア侵攻(紀元前55年-紀元前54年),17,貿易,0.0571111503325721
tr-297,ローマによるブリタンニア侵攻(紀元前55年-紀元前54年),18,同盟,0.0559332852988794
tr-297,ローマによるブリタンニア侵攻(紀元前55年-紀元前54年),19,軍事,0.052404843022914
tr-297,ローマによるブリタンニア侵攻(紀元前55年-紀元前54年),20,トリノウァンテス,0.050811197152638495
tr-298,ロボジッツの戦い,1,ブラウン,0.2527901540650225
tr-298,ロボジッツの戦い,2,プロイセン,0.2270490885683852
tr-298,ロボジッツの戦い,3,ベーメン,0.22482755140545452
tr-298,ロボジッツの戦い,4,オーストリア,0.21813110575103675
tr-298,ロボジッツの戦い,5,ザクセン,0.20798067399536835
tr-298,ロボジッツの戦い,6,エルベ,0.20173143765245782
tr-298,ロボジッツの戦い,7,ロボジッツ,0.1902203994669979
tr-298,ロボジッツの戦い,8,ピルナ,0.1630460566859982
tr-298,ロボジッツの戦い,9,大王,0.13517499899701055
tr-298,ロボジッツの戦い,10,エーガー,0.1294561267513883
tr-298,ロボジッツの戦い,11,部隊,0.12400538897929035
tr-298,ロボジッツの戦い,12,ヴェレミン,0.1086973711239988
tr-298,ロボジッツの戦い,13,救援,0.09722698233270095
tr-298,ロボジッツの戦い,14,カイト,0.0815230283429991
tr-298,ロボジッツの戦い,15,ブディン,0.0815230283429991
tr-298,ロボジッツの戦い,16,作戦,0.07984387649934478
tr-298,ロボジッツの戦い,17,北上,0.07724285656972031
tr-298,ロボジッツの戦い,18,会戦,0.06962970902184054
tr-298,ロボジッツの戦い,19,包囲,0.06820783799044586
tr-298,ロボジッツの戦い,20,態勢,0.06533871101162164
tr-299,ペリー上陸記念碑,1,ペリー,0.5690953224614914
tr-299,ペリー上陸記念碑,2,久里浜,0.29085312692695814
tr-299,ペリー上陸記念碑,3,記念,0.21205159835830348
tr-299,ペリー上陸記念碑,4,上陸,0.19768855315776082
tr-299,ペリー上陸記念碑,5,国書,0.19098254366699902
tr-299,ペリー上陸記念碑,6,ビアズリー,0.18005193571668834
tr-299,ペリー上陸記念碑,7,協会,0.08157934031378698
tr-299,ペリー上陸記念碑,8,来航,0.07770388642887475
tr-299,ペリー上陸記念碑,9,浦賀,0.0763930174667996
tr-299,ペリー上陸記念碑,10,明治,0.07528412236510391
tr-299,ペリー上陸記念碑,11,金子,0.07423356374440403
tr-299,ペリー上陸記念碑,12,艦隊,0.07182796687292312
tr-299,ペリー上陸記念碑,13,受け取り,0.07097738080936003
tr-299,ペリー上陸記念碑,14,建設,0.06832231060389597
tr-299,ペリー上陸記念碑,15,応接,0.06039096798490157
tr-299,ペリー上陸記念碑,16,アメリカ,0.05834320998741781
tr-299,ペリー上陸記念碑,17,募金,0.057121088080803475
tr-299,ペリー上陸記念碑,18,警備,0.05597159939892939
tr-299,ペリー上陸記念碑,19,堅太郎,0.05540059560513488
tr-299,ペリー上陸記念碑,20,親睦,0.052784691681856385
tr-300,カジキ,1,カジキ,0.8439402770315385
tr-300,カジキ,2,メカジキ,0.23208357618367312
tr-300,カジキ,3,マカジキ,0.1898865623320962
tr-300,カジキ,4,遊泳,0.17762673779063892
tr-300,カジキ,5,バショウ,0.16878805540630773
tr-300,カジキ,6,マグロ,0.14071594711256555
tr-300,カジキ,7,英名,0.11088251372751212
tr-300,カジキ,8,フウライカジキ,0.08439402770315386
tr-300,カジキ,9,高速,0.08242791221486852
tr-300,カジキ,10,分類,0.06417178104469747
tr-300,カジキ,11,体長,0.058112468495030725
tr-300,カジキ,12,水中,0.05714499849195208
tr-300,カジキ,13,背鰭,0.05008844852261315
tr-300,カジキ,14,隆起,0.045963516424809045
tr-300,カジキ,15,産卵,0.04562061704666487
tr-300,カジキ,16,筋肉,0.04529296277710099
tr-300,カジキ,17,和名,0.04333446278398301
tr-300,カジキ,18,攻撃,0.04236291105434741
tr-300,カジキ,19,トローリング,0.04219701385157693
tr-300,カジキ,20,水平,0.041031946678021194
tr-301,大阪電灯,1,電灯,0.580893794714808
tr-301,大阪電灯,2,大阪,0.3689558970340599
tr-301,大阪電灯,3,事業,0.19560140330001594
tr-301,大阪電灯,4,供給,0.1395860567947287
tr-301,大阪電灯,5,設立,0.11624238057830004
tr-301,大阪電灯,6,電力,0.11493640403006362
tr-301,大阪電灯,7,会社,0.09536972786764224
tr-301,大阪電灯,8,東京,0.09299390446264004
tr-301,大阪電灯,9,開業,0.09255008820538334
tr-301,大阪電灯,10,土居,0.08749963787363213
tr-301,大阪電灯,11,電気,0.08277242240644449
tr-301,大阪電灯,12,関西,0.08120779407424968
tr-301,大阪電灯,13,発電,0.07066470171221692
tr-301,大阪電灯,14,神戸,0.05527094673532437
tr-301,大阪電灯,15,通夫,0.048975811704159156
tr-301,大阪電灯,16,鴻池,0.046663273064758974
tr-301,大阪電灯,17,設置,0.044973780452333065
tr-301,大阪電灯,18,名古屋,0.04332106890418053
tr-301,大阪電灯,19,買収,0.042909911327980714
tr-301,大阪電灯,20,大同,0.03979650802107493
tr-302,信玄公旗掛松事件,1,信玄,0.1981025669738123
tr-302,信玄公旗掛松事件,2,鉄道,0.16836700134286348
tr-302,信玄公旗掛松事件,3,清水,0.13463384489054137
tr-302,信玄公旗掛松事件,4,日野,0.12200419904530643
tr-302,信玄公旗掛松事件,5,松樹,0.10438563919201677
tr-302,信玄公旗掛松事件,6,権利,0.09065930277481306
tr-302,信玄公旗掛松事件,7,明治,0.08415988087345415
tr-302,信玄公旗掛松事件,8,枯死,0.08292665594252607
tr-302,信玄公旗掛松事件,9,賠償,0.07566146729839253
tr-302,信玄公旗掛松事件,10,事件,0.07200434817465214
tr-302,信玄公旗掛松事件,11,老松,0.068049362596891
tr-302,信玄公旗掛松事件,12,訴訟,0.06088839400312881
tr-302,信玄公旗掛松事件,13,大正,0.05770383717069974
tr-302,信玄公旗掛松事件,14,判決,0.05749638237467643
tr-302,信玄公旗掛松事件,15,濫用,0.052345663536069995
tr-302,信玄公旗掛松事件,16,原告,0.049077425380177536
tr-302,信玄公旗掛松事件,17,損害,0.046299857085393505
tr-302,信玄公旗掛松事件,18,本線,0.03989582253123754
tr-302,信玄公旗掛松事件,19,山梨,0.03866769755409393
tr-302,信玄公旗掛松事件,20,敷設,0.03681304526384957
tr-303,神話,1,神話,0.6609628004385972
tr-303,神話,2,儀式,0.12698812638080453
tr-303,神話,3,母権,0.06855961931174374
tr-303,神話,4,普遍,0.06494661454207654
tr-303,神話,5,文化,0.0639878633260216
tr-303,神話,6,ギリシア,0.06114793089173908
tr-303,神話,7,体系,0.057721875627638426
tr-303,神話,8,古代,0.054315058335240717
tr-303,神話,9,比較,0.05303244593336806
tr-303,神話,10,説明,0.05089582728099898
tr-303,神話,11,物語,0.04876038268147116
tr-303,神話,12,心理,0.04593915349093563
tr-303,神話,13,学問,0.045707716070789904
tr-303,神話,14,機能,0.04241318940083248
tr-303,神話,15,自然,0.04051780114049427
tr-303,神話,16,主張,0.04004372595102317
tr-303,神話,17,事象,0.03935442693565054
tr-303,神話,18,民族,0.03807888217835529
tr-303,神話,19,存在,0.03802929661007024
tr-303,神話,20,展開,0.03573827109479116
tr-304,古池や蛙飛びこむ水の音,1,芭蕉,0.6352568728606763
tr-304,古池や蛙飛びこむ水の音,2,古池,0.5475892227625653
tr-304,古池や蛙飛びこむ水の音,3,山吹,0.22547791525517394
tr-304,古池や蛙飛びこむ水の音,4,俳諧,0.21140004373406396
tr-304,古池や蛙飛びこむ水の音,5,俳句,0.1700975895514019
tr-304,古池や蛙飛びこむ水の音,6,門人,0.15539262083141653
tr-304,古池や蛙飛びこむ水の音,7,和歌,0.08128753023493085
tr-304,古池や蛙飛びこむ水の音,8,理解,0.07331128639482802
tr-304,古池や蛙飛びこむ水の音,9,着目,0.06795920048905144
tr-304,古池や蛙飛びこむ水の音,10,情趣,0.06761490014799926
tr-304,古池や蛙飛びこむ水の音,11,其角,0.06761490014799926
tr-304,古池や蛙飛びこむ水の音,12,上五,0.06761490014799926
tr-304,古池や蛙飛びこむ水の音,13,支考,0.06761490014799926
tr-304,古池や蛙飛びこむ水の音,14,余情,0.06761490014799926
tr-304,古池や蛙飛びこむ水の音,15,発句,0.06442226150147827
tr-304,古池や蛙飛びこむ水の音,16,文字,0.06317024251926996
tr-304,古池や蛙飛びこむ水の音,17,連歌,0.062157048332566606
tr-304,古池や蛙飛びこむ水の音,18,談林,0.062157048332566606
tr-304,古池や蛙飛びこむ水の音,19,子規,0.062157048332566606
tr-304,古池や蛙飛びこむ水の音,20,貞享,0.060400012495446846
tr-305,浜松市立中央図書館,1,浜松,0.7039001613823408
tr-305,浜松市立中央図書館,2,図書館,0.5285736629015146
tr-305,浜松市立中央図書館,3,市立,0.19706218388003569
tr-305,浜松市立中央図書館,4,開館,0.15373986120174948
tr-305,浜松市立中央図書館,5,昭和,0.12619206504096026
tr-305,浜松市立中央図書館,6,蔵書,0.11135157751315888
tr-305,浜松市立中央図書館,7,笠井,0.0680743445431159
tr-305,浜松市立中央図書館,8,城北,0.06081043160640118
tr-305,浜松市立中央図書館,9,中央,0.05233377853320149
tr-305,浜松市立中央図書館,10,平成,0.046050498393004353
tr-305,浜松市立中央図書館,11,町立,0.04146445528204692
tr-305,浜松市立中央図書館,12,建設,0.03488918568880099
tr-305,浜松市立中央図書館,13,私立,0.03388676462826456
tr-305,浜松市立中央図書館,14,貸出,0.033482127233122175
tr-305,浜松市立中央図書館,15,文庫,0.03310448638092131
tr-305,浜松市立中央図書館,16,駅前,0.031608853482952684
tr-305,浜松市立中央図書館,17,同志,0.031177097289048605
tr-305,浜松市立中央図書館,18,分室,0.030782934765879278
tr-305,浜松市立中央図書館,19,大正,0.03064250198113376
tr-305,浜松市立中央図書館,20,市制,0.03008463044050098
tr-306,カリュドーンの猪,1,メレアグロス,0.7454073193399223
tr-306,カリュドーンの猪,2,アタランテー,0.26834663496237204
tr-306,カリュドーンの猪,3,カリュドーン,0.17889775664158136
tr-306,カリュドーンの猪,4,オイネウス,0.17889775664158136
tr-306,カリュドーンの猪,5,ギリシア,0.15955788217063166
tr-306,カリュドーンの猪,6,狩り,0.1527484395160174
tr-306,カリュドーンの猪,7,退治,0.15001662411825029
tr-306,カリュドーンの猪,8,アルテミス,0.13704765864992985
tr-306,カリュドーンの猪,9,ヘーラクレース,0.13704765864992985
tr-306,カリュドーンの猪,10,アルタイアー,0.11926517109438757
tr-306,カリュドーンの猪,11,神話,0.11497998715963098
tr-306,カリュドーンの猪,12,ペーレウス,0.11363371125955193
tr-306,カリュドーンの猪,13,伯父,0.1052320082376328
tr-306,カリュドーンの猪,14,英雄,0.10041201281057935
tr-306,カリュドーンの猪,15,勇士,0.08944887832079068
tr-306,カリュドーンの猪,16,アンカイオス,0.08944887832079068
tr-306,カリュドーンの猪,17,テラモーン,0.08944887832079068
tr-306,カリュドーンの猪,18,プレークシッポス,0.08944887832079068
tr-306,カリュドーンの猪,19,テーセウス,0.08522528344466396
tr-306,カリュドーンの猪,20,物語,0.06785819923171403
tr-307,カール1世(オーストリア皇帝),1,カール,0.42032742987492416
tr-307,カール1世(オーストリア皇帝),2,ツィタ,0.15464043370712965
tr-307,カール1世(オーストリア皇帝),3,大公,0.1204487818153378
tr-307,カール1世(オーストリア皇帝),4,皇帝,0.10514154106235328
tr-307,カール1世(オーストリア皇帝),5,ハンガリー,0.08368341817247087
tr-307,カール1世(オーストリア皇帝),6,退位,0.06768927692224243
tr-307,カール1世(オーストリア皇帝),7,オーストリア,0.06258725431355414
tr-307,カール1世(オーストリア皇帝),8,フランツ,0.060404877840788865
tr-307,カール1世(オーストリア皇帝),9,オットー・フランツ,0.05457897660251635
tr-307,カール1世(オーストリア皇帝),10,フランツ・フェルディナント,0.052001867864540724
tr-307,カール1世(オーストリア皇帝),11,ヨーゼフ,0.04661650010784239
tr-307,カール1世(オーストリア皇帝),12,マリア・ヨーゼファ,0.04548248050209695
tr-307,カール1世(オーストリア皇帝),13,帝位,0.04221090362123257
tr-307,カール1世(オーストリア皇帝),14,マデイラ,0.04181115009658876
tr-307,カール1世(オーストリア皇帝),15,フランツ・ヨーゼフ,0.04181115009658876
tr-307,カール1世(オーストリア皇帝),16,皇位,0.04181115009658876
tr-307,カール1世(オーストリア皇帝),17,パルマ,0.040629245693441465
tr-307,カール1世(オーストリア皇帝),18,継承,0.03970440380695983
tr-307,カール1世(オーストリア皇帝),19,夫妻,0.03923600441688668
tr-307,カール1世(オーストリア皇帝),20,公子,0.03884708342320199
tr-308,欧州連合,1,欧州,0.3063431299502151
tr-308,欧州連合,2,共同,0.18149183091672405
tr-308,欧州連合,3,条約,0.1515565888531656
tr-308,欧州連合,4,加盟,0.12436435248967433
tr-308,欧州連合,5,統合,0.1047010918264706
tr-308,欧州連合,6,ヨーロッパ,0.1030938743097348
tr-308,欧州連合,7,連合,0.09777263959469085
tr-308,欧州連合,8,経済,0.08907010384808225
tr-308,欧州連合,9,設立,0.08622800179821077
tr-308,欧州連合,10,政策,0.05982250605159732
tr-308,欧州連合,11,調印,0.059511510057668596
tr-308,欧州連合,12,分野,0.05465705442791361
tr-308,欧州連合,13,市場,0.05349056077170551
tr-308,欧州連合,14,域内,0.05108601669031224
tr-308,欧州連合,15,鉄鋼,0.05108601669031224
tr-308,欧州連合,16,発効,0.049152828780459124
tr-308,欧州連合,17,枠組み,0.04873692707838008
tr-308,欧州連合,18,略称,0.04693988976159927
tr-308,欧州連合,19,石炭,0.045223400905336116
tr-308,欧州連合,20,単一,0.04497117149900542
tr-309,安城市図書情報館,1,安城,0.5986194164545223
tr-309,安城市図書情報館,2,図書館,0.26178796557646333
tr-309,安城市図書情報館,3,年度,0.20821239851854947
tr-309,安城市図書情報館,4,昭和,0.20337123088843856
tr-309,安城市図書情報館,5,平成,0.1466199161575343
tr-309,安城市図書情報館,6,農業,0.11800054757298428
tr-309,安城市図書情報館,7,図書,0.10321318698076506
tr-309,安城市図書情報館,8,開館,0.091371738662309
tr-309,安城市図書情報館,9,貸出,0.07817593793637397
tr-309,安城市図書情報館,10,蔵書,0.06951600886886262
tr-309,安城市図書情報館,11,コーナー,0.05719264412673698
tr-309,安城市図書情報館,12,資料,0.04905981531121802
tr-309,安城市図書情報館,13,建物,0.04394912786580304
tr-309,安城市図書情報館,14,移転,0.04209737219035885
tr-309,安城市図書情報館,15,方式,0.04209737219035885
tr-309,安城市図書情報館,16,碧海,0.03933474620522952
tr-309,安城市図書情報館,17,新館,0.037767471308905405
tr-309,安城市図書情報館,18,閲覧,0.036190762988788275
tr-309,安城市図書情報館,19,愛知,0.034070442227834286
tr-309,安城市図書情報館,20,面積,0.030985333252265726
tr-310,サッカー戦争,1,ホンジュラス,0.37802898003177676
tr-310,サッカー戦争,2,エルサルバドル,0.368423102786623
tr-310,サッカー戦争,3,代表,0.09934750106643281
tr-310,サッカー戦争,4,移民,0.09744287365215304
tr-310,サッカー戦争,5,両国,0.09185919855860629
tr-310,サッカー戦争,6,中米,0.08860661899084528
tr-310,サッカー戦争,7,戦争,0.0666310969403957
tr-310,サッカー戦争,8,政府,0.05060728881438337
tr-310,サッカー戦争,9,土地,0.04955222506277194
tr-310,サッカー戦争,10,予選,0.04942891108995244
tr-310,サッカー戦争,11,ワールドカップ,0.046752573742703835
tr-310,サッカー戦争,12,サッカー,0.04432534747124959
tr-310,サッカー戦争,13,国境,0.042787912022555684
tr-310,サッカー戦争,14,工業,0.04001173845307373
tr-310,サッカー戦争,15,コーヒー,0.03950100748086813
tr-310,サッカー戦争,16,コスタリカ,0.03907893632790079
tr-310,サッカー戦争,17,ラウンド,0.03797426528179084
tr-310,サッカー戦争,18,国民,0.03771212292115112
tr-310,サッカー戦争,19,農地,0.03707378120941389
tr-310,サッカー戦争,20,サポーター,0.03707168331746433
tr-311,バロック,1,バロック,0.5306993243942492
tr-311,バロック,2,様式,0.17505085381213356
tr-311,バロック,3,美術,0.10475597175885655
tr-311,バロック,4,芸術,0.09904822736322509
tr-311,バロック,5,世紀,0.09892839407011932
tr-311,バロック,6,真珠,0.0952523424382172
tr-311,バロック,7,定義,0.09349124670431523
tr-311,バロック,8,ヴェルフリン,0.09135204594463729
tr-311,バロック,9,比喩,0.07660423359229801
tr-311,バロック,10,運動,0.07256832789920381
tr-311,バロック,11,改革,0.06575671773353868
tr-311,バロック,12,史家,0.06406535065249327
tr-311,バロック,13,ローマ,0.06314788314969572
tr-311,バロック,14,ルネサンス,0.06152906316903585
tr-311,バロック,15,いびつ,0.06090136396309152
tr-311,バロック,16,カトリック,0.05499325143811211
tr-311,バロック,17,古典,0.05448251506378913
tr-311,バロック,18,辞書,0.05106948906153201
tr-311,バロック,19,中世,0.050621818322412866
tr-311,バロック,20,宗教,0.049628925345899896
tr-312,ソビエト連邦の食事情,1,料理,0.19412443725446724
tr-312,ソビエト連邦の食事情,2,ソ連,0.1737063093629726
tr-312,ソビエト連邦の食事情,3,ロシア,0.167940659411728
tr-312,ソビエト連邦の食事情,4,コカ・コーラ,0.0649980314652452
tr-312,ソビエト連邦の食事情,5,不足,0.061348431662963006
tr-312,ソビエト連邦の食事情,6,年代,0.061122302846097036
tr-312,ソビエト連邦の食事情,7,食堂,0.05662582391430456
tr-312,ソビエト連邦の食事情,8,中央アジア,0.049538963746831595
tr-312,ソビエト連邦の食事情,9,穀物,0.04670539914751694
tr-312,ソビエト連邦の食事情,10,食品,0.04594821797727404
tr-312,ソビエト連邦の食事情,11,レストラン,0.04523689715969461
tr-312,ソビエト連邦の食事情,12,崩壊,0.04262603767184807
tr-312,ソビエト連邦の食事情,13,政府,0.041875395635138965
tr-312,ソビエト連邦の食事情,14,生産,0.04127383833120746
tr-312,ソビエト連邦の食事情,15,食材,0.0384132640832153
tr-312,ソビエト連邦の食事情,16,グルジア,0.038087396161478396
tr-312,ソビエト連邦の食事情,17,モスクワ,0.036115374425944285
tr-312,ソビエト連邦の食事情,18,ソビエト,0.03446116348295553
tr-312,ソビエト連邦の食事情,19,ウォトカ,0.03410960206075831
tr-312,ソビエト連邦の食事情,20,サマゴン,0.03410960206075831
tr-313,愛知県蟹江町母子3人殺傷事件,1,事件,0.1470282790475946
tr-313,愛知県蟹江町母子3人殺傷事件,2,大学,0.08017671119570788
tr-313,愛知県蟹江町母子3人殺傷事件,3,万引き,0.07214838810130282
tr-313,愛知県蟹江町母子3人殺傷事件,4,奨学,0.06069086619539223
tr-313,愛知県蟹江町母子3人殺傷事件,5,三重大,0.06057913452413337
tr-313,愛知県蟹江町母子3人殺傷事件,6,授業,0.05971061735057634
tr-313,愛知県蟹江町母子3人殺傷事件,7,隠滅,0.057718710481042254
tr-313,愛知県蟹江町母子3人殺傷事件,8,成績,0.05505504820582148
tr-313,愛知県蟹江町母子3人殺傷事件,9,玄関,0.05498868661051523
tr-313,愛知県蟹江町母子3人殺傷事件,10,帰宅,0.052772509994281486
tr-313,愛知県蟹江町母子3人殺傷事件,11,強盗,0.05174130053122071
tr-313,愛知県蟹江町母子3人殺傷事件,12,入学,0.05082436703574225
tr-313,愛知県蟹江町母子3人殺傷事件,13,窃盗,0.050799280124698504
tr-313,愛知県蟹江町母子3人殺傷事件,14,留学生,0.0479388560816074
tr-313,愛知県蟹江町母子3人殺傷事件,15,現場,0.046660100994634704
tr-313,愛知県蟹江町母子3人殺傷事件,16,罰金,0.046364651134064475
tr-313,愛知県蟹江町母子3人殺傷事件,17,ナイフ,0.046364651134064475
tr-313,愛知県蟹江町母子3人殺傷事件,18,クラフト,0.04543435089310002
tr-313,愛知県蟹江町母子3人殺傷事件,19,捜査,0.04433514797743816
tr-313,愛知県蟹江町母子3人殺傷事件,20,殺害,0.04341737806584002
tr-314,ヒダハタケ,1,菌類,0.09456628734338626
tr-314,ヒダハタケ,2,イグチ,0.08025319924108322
tr-314,ヒダハタケ,3,実体,0.07691105962804821
tr-314,ヒダハタケ,4,カバノキ,0.06878845649235706
tr-314,ヒダハタケ,5,キノコ,0.06729717717454219
tr-314,ヒダハタケ,6,ヨーロッパ,0.06646143337152462
tr-314,ヒダハタケ,7,ヒダハタケ,0.06554040489202462
tr-314,ヒダハタケ,8,溶血,0.06554040489202462
tr-314,ヒダハタケ,9,免疫,0.06350778364082102
tr-314,ヒダハタケ,10,カドミウム,0.06144834382046796
tr-314,ヒダハタケ,11,毒性,0.05971839010709986
tr-314,ヒダハタケ,12,宿主,0.057683294721036164
tr-314,ヒダハタケ,13,不全,0.052130713835375715
tr-314,ヒダハタケ,14,細菌,0.05164506933484353
tr-314,ヒダハタケ,15,個体,0.04815986088140895
tr-314,ヒダハタケ,16,針葉樹,0.046579802445672926
tr-314,ヒダハタケ,17,学者,0.045391739150477055
tr-314,ヒダハタケ,18,緑地,0.04536270260058645
tr-314,ヒダハタケ,19,茶色,0.04303755777903628
tr-314,ヒダハタケ,20,摂取,0.04101966143809546
tr-315,イギリス東インド会社,1,インド,0.33273592758597376
tr-315,イギリス東インド会社,2,会社,0.30098686115027884
tr-315,イギリス東インド会社,3,イギリス,0.16715612096783625
tr-315,イギリス東インド会社,4,オランダ,0.09875091212901395
tr-315,イギリス東インド会社,5,貿易,0.09265713029956497
tr-315,イギリス東インド会社,6,アンボイナ,0.08243608626044069
tr-315,イギリス東インド会社,7,航海,0.060817029253632866
tr-315,イギリス東インド会社,8,東南アジア,0.05941629164157632
tr-315,イギリス東インド会社,9,アジア,0.052587046631675106
tr-315,イギリス東インド会社,10,レヴァント,0.05236241414840154
tr-315,イギリス東インド会社,11,拠点,0.05181432647102126
tr-315,イギリス東インド会社,12,ボンベイ,0.0490931301562992
tr-315,イギリス東インド会社,13,事件,0.04668441916319224
tr-315,イギリス東インド会社,14,商館,0.04608510692912649
tr-315,イギリス東インド会社,15,独占,0.04361278482293404
tr-315,イギリス東インド会社,16,ベンガル,0.042977856908123606
tr-315,イギリス東インド会社,17,バンテン,0.041218043130220344
tr-315,イギリス東インド会社,18,マドラス,0.039271810611301146
tr-315,イギリス東インド会社,19,活動,0.039159840350692456
tr-315,イギリス東インド会社,20,設立,0.03913183499787892
tr-316,石淵ダム,1,石淵,0.15761921069017293
tr-316,石淵ダム,2,北上川,0.13563485784802362
tr-316,石淵ダム,3,胆沢,0.10272942303183782
tr-316,石淵ダム,4,建設,0.08704075186523734
tr-316,石淵ダム,5,ロックフィルダム,0.0811021760777667
tr-316,石淵ダム,6,補償,0.07012084270046867
tr-316,石淵ダム,7,本体,0.06242981436602455
tr-316,石淵ダム,8,事業,0.062013683259939306
tr-316,石淵ダム,9,河川,0.057479026929819745
tr-316,石淵ダム,10,住民,0.05223469786565675
tr-316,石淵ダム,11,上流,0.04519322564352294
tr-316,石淵ダム,12,治水,0.044157713392463244
tr-316,石淵ダム,13,胆沢川,0.04325449390814224
tr-316,石淵ダム,14,完成,0.04284494762989794
tr-316,石淵ダム,15,地点,0.0425654710803648
tr-316,石淵ダム,16,扇状地,0.04018810602904403
tr-316,石淵ダム,17,一関,0.03922697977726999
tr-316,石淵ダム,18,岩手,0.038439351749788936
tr-316,石淵ダム,19,狭窄,0.03784768216962446
tr-316,石淵ダム,20,内務省,0.03736457059615674
tr-317,トラフザメ,1,成体,0.17116448891083996
tr-317,トラフザメ,2,群れ,0.11009097856457559
tr-317,トラフザメ,3,個体,0.10624958998578883
tr-317,トラフザメ,4,尾鰭,0.0912759654899437
tr-317,トラフザメ,5,交尾,0.08991822688610572
tr-317,トラフザメ,6,学名,0.08897750991865498
tr-317,トラフザメ,7,幼魚,0.08138087771377277
tr-317,トラフザメ,8,幼体,0.07561164278660347
tr-317,トラフザメ,9,背鰭,0.07005497783059639
tr-317,トラフザメ,10,トラフザメ,0.0663950437020302
tr-317,トラフザメ,11,系統,0.0648420651714754
tr-317,トラフザメ,12,海底,0.05844661429599613
tr-317,トラフザメ,13,模様,0.05666030789110916
tr-317,トラフザメ,14,行動,0.05519364981432647
tr-317,トラフザメ,15,斑点,0.05321400175173309
tr-317,トラフザメ,16,全長,0.05202198963668649
tr-317,トラフザメ,17,インド,0.04872538770881762
tr-317,トラフザメ,18,記載,0.04872538770881762
tr-317,トラフザメ,19,野生,0.044046808460565
tr-317,トラフザメ,20,成長,0.0434808707868957
tr-318,焼戻し,1,焼戻し,0.9683042842436288
tr-318,焼戻し,2,マルテンサイト,0.2729289542475199
tr-318,焼戻し,3,焼入れ,0.1958368215324193
tr-318,焼戻し,4,組織,0.17867383550516538
tr-318,焼戻し,5,脆性,0.15932936234314457
tr-318,焼戻し,6,炭化物,0.15231752785854835
tr-318,焼戻し,7,炭素,0.15215520779967154
tr-318,焼戻し,8,析出,0.146296463104399
tr-318,焼戻し,9,高温,0.13703197590637745
tr-318,焼戻し,10,温度,0.13276977176036342
tr-318,焼戻し,11,低温,0.1326748310985623
tr-318,焼戻し,12,オーステナイト,0.12596720965270147
tr-318,焼戻し,13,残留,0.12002442310398254
tr-318,焼戻し,14,合金,0.10699409786963822
tr-318,焼戻し,15,発生,0.10015512576012787
tr-318,焼戻し,16,応力,0.09753097540293267
tr-318,焼戻し,17,硬化,0.09346881004794753
tr-318,焼戻し,18,加熱,0.09278463185993814
tr-318,焼戻し,19,靱性,0.0870385873477419
tr-318,焼戻し,20,セメンタイト,0.0870385873477419
tr-319,今中慎二,1,野球,0.24295001538827637
tr-319,今中慎二,2,門真,0.2230413589297638
tr-319,今中慎二,3,大阪,0.16156410409583374
tr-319,今中慎二,4,今中,0.15938234826015077
tr-319,今中慎二,5,慎二,0.15377815204355763
tr-319,今中慎二,6,スカウト,0.1458794811063856
tr-319,今中慎二,7,年生,0.14523013104524454
tr-319,今中慎二,8,入団,0.1379808101692136
tr-319,今中慎二,9,大会,0.13513511832338002
tr-319,今中慎二,10,速球,0.1115206794648819
tr-319,今中慎二,11,ドラゴンズ,0.10625489884010053
tr-319,今中慎二,12,シニア,0.10625489884010053
tr-319,今中慎二,13,ドラフト,0.10625489884010053
tr-319,今中慎二,14,チーム,0.10236794432377987
tr-319,今中慎二,15,大東,0.0996207998301526
tr-319,今中慎二,16,中日,0.09061888839430915
tr-319,今中慎二,17,校舎,0.0816169769584657
tr-319,今中慎二,18,進学,0.07294386822371693
tr-319,今中慎二,19,高校,0.07079997536190591
tr-319,今中慎二,20,入り,0.06630976921376901
tr-320,カタルーニャ州,1,カタルーニャ,0.7256618096882804
tr-320,カタルーニャ州,2,スペイン,0.139671765509497
tr-320,カタルーニャ州,3,バルセロナ,0.10543804072393818
tr-320,カタルーニャ州,4,世紀,0.0871055562775017
tr-320,カタルーニャ州,5,地方,0.06336125199786648
tr-320,カタルーニャ州,6,言語,0.05360098126236434
tr-320,カタルーニャ州,7,自治,0.0469560560109109
tr-320,カタルーニャ州,8,人形,0.04531978523155584
tr-320,カタルーニャ州,9,年代,0.041233717366459754
tr-320,カタルーニャ州,10,祭礼,0.03790351085426634
tr-320,カタルーニャ州,11,人口,0.03768272800101138
tr-320,カタルーニャ州,12,フランコ,0.03660472827917122
tr-320,カタルーニャ州,13,オリンピック,0.03586239872891001
tr-320,カタルーニャ州,14,内戦,0.03402116569974699
tr-320,カタルーニャ州,15,公用,0.030503940232642683
tr-320,カタルーニャ州,16,サルダーナ,0.02958515872108839
tr-320,カタルーニャ州,17,サニェーラ,0.02958515872108839
tr-320,カタルーニャ州,18,移民,0.027742720898851183
tr-320,カタルーニャ州,19,美術,0.025444602959515547
tr-320,カタルーニャ州,20,象徴,0.024425646551707026
tr-321,ボーイング717,1,航空,0.2656611397346721
tr-321,ボーイング717,2,ボーイング,0.17186964146097136
tr-321,ボーイング717,3,胴体,0.10480744105742333
tr-321,ボーイング717,4,エアトラン,0.09898665497171072
tr-321,ボーイング717,5,開発,0.09377908481440166
tr-321,ボーイング717,6,旅客機,0.09207302221123466
tr-321,ボーイング717,7,マクドネル・ダグラス,0.08845263591378981
tr-321,ボーイング717,8,運航,0.08623058549497868
tr-321,ボーイング717,9,ジェット,0.07384079510259547
tr-321,ボーイング717,10,配置,0.0678030046232344
tr-321,ボーイング717,11,主翼,0.06640689671836737
tr-321,ボーイング717,12,会社,0.06425165143564497
tr-321,ボーイング717,13,エンジン,0.06416907703344717
tr-321,ボーイング717,14,操縦,0.0632357626963177
tr-321,ボーイング717,15,受注,0.06086263708155053
tr-321,ボーイング717,16,シリーズ,0.05693814717934433
tr-321,ボーイング717,17,尾翼,0.05626211046498042
tr-321,ボーイング717,18,合併,0.052582054243677685
tr-321,ボーイング717,19,バリュー,0.047156352799352964
tr-321,ボーイング717,20,機体,0.04689479860909052
tr-322,カール・ボッシュ,1,ボッシュ,0.5090728051652443
tr-322,カール・ボッシュ,2,工場,0.1575385824079292
tr-322,カール・ボッシュ,3,化学,0.14852279555554324
tr-322,カール・ボッシュ,4,オッパウ,0.09066311648804123
tr-322,カール・ボッシュ,5,オストヴァルト,0.08638218774481778
tr-322,カール・ボッシュ,6,ドイツ,0.06324882796444632
tr-322,カール・ボッシュ,7,アンモニア,0.06228365815889122
tr-322,カール・ボッシュ,8,ヒトラー,0.05485396990486561
tr-322,カール・ボッシュ,9,合成,0.05261994205028167
tr-322,カール・ボッシュ,10,フタル,0.04936125013989587
tr-322,カール・ボッシュ,11,カール,0.046634435423626774
tr-322,カール・ボッシュ,12,フランス,0.04605016825737846
tr-322,カール・ボッシュ,13,ライプツィヒ,0.04424934751312541
tr-322,カール・ボッシュ,14,実験,0.043994560104608615
tr-322,カール・ボッシュ,15,無水,0.03885562135201767
tr-322,カール・ボッシュ,16,入社,0.038225040845788295
tr-322,カール・ボッシュ,17,父親,0.037426481039363045
tr-322,カール・ボッシュ,18,針金,0.03571920877029846
tr-322,カール・ボッシュ,19,ハイデルベルク,0.03470950944308484
tr-322,カール・ボッシュ,20,ケルン,0.031573096861365633
tr-323,ローテンブルク・オプ・デア・タウバー,1,ローテンブルク,0.43789898640625885
tr-323,ローテンブルク・オプ・デア・タウバー,2,ドイツ,0.09483033229404773
tr-323,ローテンブルク・オプ・デア・タウバー,3,教会,0.0852744272023044
tr-323,ローテンブルク・オプ・デア・タウバー,4,ヤコブ,0.08140922597699243
tr-323,ローテンブルク・オプ・デア・タウバー,5,都市,0.0722587262667114
tr-323,ローテンブルク・オプ・デア・タウバー,6,ローテンブルク・オプ・デア・タウバー,0.0640827784984769
tr-323,ローテンブルク・オプ・デア・タウバー,7,バイエルン,0.06114174411369851
tr-323,ローテンブルク・オプ・デア・タウバー,8,帝国,0.06059527872056008
tr-323,ローテンブルク・オプ・デア・タウバー,9,アンスバッハ,0.050880766235620274
tr-323,ローテンブルク・オプ・デア・タウバー,10,騎士,0.04272307043183907
tr-323,ローテンブルク・オプ・デア・タウバー,11,ローテンビュルク,0.042721852332317935
tr-323,ローテンブルク・オプ・デア・タウバー,12,フランス,0.04272098165295044
tr-323,ローテンブルク・オプ・デア・タウバー,13,市長,0.040683567931841455
tr-323,ローテンブルク・オプ・デア・タウバー,14,選挙,0.0367427662139273
tr-323,ローテンブルク・オプ・デア・タウバー,15,鉄道,0.03445373436749092
tr-323,ローテンブルク・オプ・デア・タウバー,16,戦争,0.031959420309945565
tr-323,ローテンブルク・オプ・デア・タウバー,17,再建,0.031564346268438334
tr-323,ローテンブルク・オプ・デア・タウバー,18,ティリー,0.030528459741372162
tr-323,ローテンブルク・オプ・デア・タウバー,19,プロテスタント,0.029773147429609556
tr-323,ローテンブルク・オプ・デア・タウバー,20,ナチス,0.02794367091157315
tr-324,戦争レクイエム,1,レクイエム,0.25782438689142034
tr-324,戦争レクイエム,2,オーウェン,0.1546946321348522
tr-324,戦争レクイエム,3,戦争,0.13881054343503366
tr-324,戦争レクイエム,4,典礼,0.10416198414734751
tr-324,戦争レクイエム,5,作品,0.09407203111693008
tr-324,戦争レクイエム,6,ヴィシネフスカヤ,0.09020054956718389
tr-324,戦争レクイエム,7,大戦,0.08598432129233394
tr-324,戦争レクイエム,8,テクスト,0.08291959178819286
tr-324,戦争レクイエム,9,出演,0.08082426272702335
tr-324,戦争レクイエム,10,合唱,0.0774547724801685
tr-324,戦争レクイエム,11,オーデン,0.0721604396537471
tr-324,戦争レクイエム,12,ピアーズ,0.0721604396537471
tr-324,戦争レクイエム,13,作曲,0.07112588243230418
tr-324,戦争レクイエム,14,イギリス,0.07054720741627242
tr-324,戦争レクイエム,15,聖堂,0.05955169733940783
tr-324,戦争レクイエム,16,初演,0.05580825352723186
tr-324,戦争レクイエム,17,ディエス・イレ,0.05412032974031033
tr-324,戦争レクイエム,18,リベラ・メ,0.05412032974031033
tr-324,戦争レクイエム,19,コヴェントリー,0.05412032974031033
tr-324,戦争レクイエム,20,平和,0.05270545821758965
tr-325,焼入れ,1,焼入れ,0.6484103488434629
tr-325,焼入れ,2,冷却,0.4075368879568948
tr-325,焼入れ,3,割れ,0.19682142820178705
tr-325,焼入れ,4,変態,0.18286840766555212
tr-325,焼入れ,5,温度,0.18249387759234847
tr-325,焼入れ,6,加工,0.13384689388243606
tr-325,焼入れ,7,マルテンサイト,0.1335573977083555
tr-325,焼入れ,8,研削,0.12234503748952313
tr-325,焼入れ,9,速度,0.1212103018376305
tr-325,焼入れ,10,オーステナイト,0.11949872426537071
tr-325,焼入れ,11,析鋼,0.10928264306350498
tr-325,焼入れ,12,炭素,0.10188843834848887
tr-325,焼入れ,13,加熱,0.09837539477699586
tr-325,焼入れ,14,合金,0.09369220817627612
tr-325,焼入れ,15,表面,0.08960255184514508
tr-325,焼入れ,16,組織,0.08599573293903998
tr-325,焼入れ,17,ライト,0.06741387933404476
tr-325,焼入れ,18,発生,0.06706736827392357
tr-325,焼入れ,19,パー,0.06656158623797538
tr-325,焼入れ,20,焼戻し,0.06556958583810299
tr-326,アンドレイ・ルブリョフ(映画),1,映画,0.3628876081507935
tr-326,アンドレイ・ルブリョフ(映画),2,アンドレイ・ルブリョフ,0.18667591997382402
tr-326,アンドレイ・ルブリョフ(映画),3,ルブリョフ,0.16334142997709603
tr-326,アンドレイ・ルブリョフ(映画),4,脚本,0.13891016829260186
tr-326,アンドレイ・ルブリョフ(映画),5,ソビエト,0.11001664012289564
tr-326,アンドレイ・ルブリョフ(映画),6,出品,0.09757178206551392
tr-326,アンドレイ・ルブリョフ(映画),7,アンドレイ・タルコフスキー,0.09333795998691201
tr-326,アンドレイ・ルブリョフ(映画),8,連邦,0.08799987512062035
tr-326,アンドレイ・ルブリョフ(映画),9,受賞,0.08091442476879684
tr-326,アンドレイ・ルブリョフ(映画),10,公開,0.07590108727290618
tr-326,アンドレイ・ルブリョフ(映画),11,検閲,0.07386231358225924
tr-326,アンドレイ・ルブリョフ(映画),12,タタール,0.070003469990184
tr-326,アンドレイ・ルブリョフ(映画),13,タルコフスキー,0.070003469990184
tr-326,アンドレイ・ルブリョフ(映画),14,ゴスキノ,0.070003469990184
tr-326,アンドレイ・ルブリョフ(映画),15,歴史,0.06989419030276894
tr-326,アンドレイ・ルブリョフ(映画),16,上映,0.06945508414630093
tr-326,アンドレイ・ルブリョフ(映画),17,プロローグ,0.06669804791321526
tr-326,アンドレイ・ルブリョフ(映画),18,エピローグ,0.06669804791321526
tr-326,アンドレイ・ルブリョフ(映画),19,イコン,0.06435281362692358
tr-326,アンドレイ・ルブリョフ(映画),20,カンヌ国際映画祭,0.06435281362692358
tr-327,ウィリアム・キャヴェンディッシュ(第4代デヴォンシャー公爵),1,デヴォンシャー,0.28705255048130757
tr-327,ウィリアム・キャヴェンディッシュ(第4代デヴォンシャー公爵),2,公爵,0.2611375694553391
tr-327,ウィリアム・キャヴェンディッシュ(第4代デヴォンシャー公爵),3,ウィリアム・キャヴェンディッシュ,0.23801097340182517
tr-327,ウィリアム・キャヴェンディッシュ(第4代デヴォンシャー公爵),4,ピット,0.19119096140374223
tr-327,ウィリアム・キャヴェンディッシュ(第4代デヴォンシャー公爵),5,ニューカッスル,0.18029492528777244
tr-327,ウィリアム・キャヴェンディッシュ(第4代デヴォンシャー公爵),6,キャヴェンディッシュ,0.14875685837614072
tr-327,ウィリアム・キャヴェンディッシュ(第4代デヴォンシャー公爵),7,辞任,0.10814609071237537
tr-327,ウィリアム・キャヴェンディッシュ(第4代デヴォンシャー公爵),8,アイルランド,0.10121213513911893
tr-327,ウィリアム・キャヴェンディッシュ(第4代デヴォンシャー公爵),9,内閣,0.09587102389315233
tr-327,ウィリアム・キャヴェンディッシュ(第4代デヴォンシャー公爵),10,国務大臣,0.08368147185732819
tr-327,ウィリアム・キャヴェンディッシュ(第4代デヴォンシャー公爵),11,フォックス,0.07726925369475962
tr-327,ウィリアム・キャヴェンディッシュ(第4代デヴォンシャー公爵),12,宮内,0.07726925369475962
tr-327,ウィリアム・キャヴェンディッシュ(第4代デヴォンシャー公爵),13,組閣,0.0750801188351725
tr-327,ウィリアム・キャヴェンディッシュ(第4代デヴォンシャー公爵),14,首相,0.07298268541548414
tr-327,ウィリアム・キャヴェンディッシュ(第4代デヴォンシャー公爵),15,ウィリアム,0.07218547470282967
tr-327,ウィリアム・キャヴェンディッシュ(第4代デヴォンシャー公爵),16,初代,0.06785627610930313
tr-327,ウィリアム・キャヴェンディッシュ(第4代デヴォンシャー公爵),17,ホスキンス,0.06245158050033386
tr-327,ウィリアム・キャヴェンディッシュ(第4代デヴォンシャー公爵),18,後任,0.061847144582308645
tr-327,ウィリアム・キャヴェンディッシュ(第4代デヴォンシャー公爵),19,庶民,0.06072728108347137
tr-327,ウィリアム・キャヴェンディッシュ(第4代デヴォンシャー公爵),20,ハーティントン,0.05950274335045629
tr-328,南極点,1,南極,0.6789697788895912
tr-328,南極点,2,アムンゼン・スコット,0.09514783732737846
tr-328,南極点,3,探検,0.08811779960773279
tr-328,南極点,4,基地,0.08596840268133533
tr-328,南極点,5,アムンセン,0.08325435766145614
tr-328,南極点,6,南緯,0.0812668072055461
tr-328,南極点,7,到達,0.07755738549947877
tr-328,南極点,8,極点,0.07653409413802176
tr-328,南極点,9,気温,0.059047044662320476
tr-328,南極点,10,標識,0.05886161985057865
tr-328,南極点,11,スコット,0.05719399634258293
tr-328,南極点,12,マクマード,0.05665946821805914
tr-328,南極点,13,南極大陸,0.05079175450346632
tr-328,南極点,14,経度,0.05079175450346632
tr-328,南極点,15,地球,0.04996085290883006
tr-328,南極点,16,マイナス,0.045066833636537865
tr-328,南極点,17,メートル,0.04256126398606464
tr-328,南極点,18,位置,0.04178228435155538
tr-328,南極点,19,標高,0.04169717137657508
tr-328,南極点,20,東経,0.03865736513219836
tr-329,名鉄3400系電車,1,系列,0.14167826205810768
tr-329,名鉄3400系電車,2,編成,0.109409526928837
tr-329,名鉄3400系電車,3,設計,0.09656816463018285
tr-329,名鉄3400系電車,4,車両,0.09647371391756483
tr-329,名鉄3400系電車,5,名鉄,0.09594971897918546
tr-329,名鉄3400系電車,6,車体,0.07969402240768557
tr-329,名鉄3400系電車,7,採用,0.0755194182973849
tr-329,名鉄3400系電車,8,制動,0.07127360434766303
tr-329,名鉄3400系電車,9,東部線,0.07083261430478856
tr-329,名鉄3400系電車,10,連結,0.0672634454617711
tr-329,名鉄3400系電車,11,電動,0.06606752057985855
tr-329,名鉄3400系電車,12,制御,0.06546430587263327
tr-329,名鉄3400系電車,13,鉄道,0.06151827951149711
tr-329,名鉄3400系電車,14,連接,0.060106181255603755
tr-329,名鉄3400系電車,15,台車,0.05701888347813042
tr-329,名鉄3400系電車,16,前面,0.05661200814575488
tr-329,名鉄3400系電車,17,運用,0.05036093387809241
tr-329,名鉄3400系電車,18,形状,0.04211680138514135
tr-329,名鉄3400系電車,19,昭和,0.041897948272670765
tr-329,名鉄3400系電車,20,構造,0.04172340613520506
tr-330,帝国クライス,1,帝国,0.43890634316513794
tr-330,帝国クライス,2,諸侯,0.19928903621924435
tr-330,帝国クライス,3,平和,0.122048747569813
tr-330,帝国クライス,4,都市,0.10467750615934408
tr-330,帝国クライス,5,シュヴァーベン,0.09429262711299735
tr-330,帝国クライス,6,ライン,0.08409559357514189
tr-330,帝国クライス,7,執行,0.08138031028830228
tr-330,帝国クライス,8,維持,0.07932027607801152
tr-330,帝国クライス,9,治安,0.07857437292643411
tr-330,帝国クライス,10,皇帝,0.07664371796359962
tr-330,帝国クライス,11,指揮,0.07285536902552116
tr-330,帝国クライス,12,国王,0.06799654401765529
tr-330,帝国クライス,13,バイエルン,0.06642967873974812
tr-330,帝国クライス,14,ラント,0.06633751792449519
tr-330,帝国クライス,15,同盟,0.06386976496966634
tr-330,帝国クライス,16,盟約,0.06219568854260878
tr-330,帝国クライス,17,アウクスブルク,0.0583848483054812
tr-330,帝国クライス,18,発令,0.050955463992988045
tr-330,帝国クライス,19,議会,0.05022173525541853
tr-330,帝国クライス,20,有力,0.04970927861872033
tr-331,イブン・スィーナー,1,イブン・スィーナー,0.8068396964495318
tr-331,イブン・スィーナー,2,ブハラ,0.13924194945782348
tr-331,イブン・スィーナー,3,医学,0.12096302783614431
tr-331,イブン・スィーナー,4,ガズナ,0.10903239141209888
tr-331,イブン・スィーナー,5,ホラズム,0.10595029816190261
tr-331,イブン・スィーナー,6,哲学,0.0958629602965089
tr-331,イブン・スィーナー,7,アラー・ウッダウラ,0.09040472056008551
tr-331,イブン・スィーナー,8,アリストテレス,0.08104231326298934
tr-331,イブン・スィーナー,9,サーマーン,0.08104231326298934
tr-331,イブン・スィーナー,10,ナティリ,0.0711637484983086
tr-331,イブン・スィーナー,11,イスファハーン,0.06780354042006415
tr-331,イブン・スィーナー,12,形而上学,0.06541943484725933
tr-331,イブン・スィーナー,13,クルアーン,0.06205922676901487
tr-331,イブン・スィーナー,14,遠征,0.05528810365016348
tr-331,イブン・スィーナー,15,蔵書,0.04793148014825445
tr-331,イブン・スィーナー,16,学問,0.04744385169502571
tr-331,イブン・スィーナー,17,アブドゥッラーフ,0.0474424989988724
tr-331,イブン・スィーナー,18,逐語,0.0474424989988724
tr-331,イブン・スィーナー,19,ファーラービー,0.0474424989988724
tr-331,イブン・スィーナー,20,マームーン,0.0474424989988724
tr-332,静岡市立御幸町図書館,1,図書館,0.5320593506929432
tr-332,静岡市立御幸町図書館,2,静岡,0.4251819850815057
tr-332,静岡市立御幸町図書館,3,御幸,0.2676496307157165
tr-332,静岡市立御幸町図書館,4,追手,0.13327439843774994
tr-332,静岡市立御幸町図書館,5,サービス,0.10271895417123465
tr-332,静岡市立御幸町図書館,6,市立,0.09587102389315233
tr-332,静岡市立御幸町図書館,7,ビジネス,0.09576226415729923
tr-332,静岡市立御幸町図書館,8,開館,0.09167687619401985
tr-332,静岡市立御幸町図書館,9,中央,0.09002089567172127
tr-332,静岡市立御幸町図書館,10,産学,0.0892165435719055
tr-332,静岡市立御幸町図書館,11,平成,0.07041141139571055
tr-332,静岡市立御幸町図書館,12,支援,0.06563119943587976
tr-332,静岡市立御幸町図書館,13,フロア,0.06546179961523649
tr-332,静岡市立御幸町図書館,14,清水,0.05626542769088667
tr-332,静岡市立御幸町図書館,15,貸出,0.053754033357903415
tr-332,静岡市立御幸町図書館,16,収集,0.053372517121707194
tr-332,静岡市立御幸町図書館,17,市街地,0.05038699891884074
tr-332,静岡市立御幸町図書館,18,交流,0.049782889658428156
tr-332,静岡市立御幸町図書館,19,センター,0.0495519999256
tr-332,静岡市立御幸町図書館,20,駐車,0.0404916692313794
tr-333,陸前高田市立図書館,1,図書館,0.3550136048817732
tr-333,陸前高田市立図書館,2,陸前高田,0.29777152759868725
tr-333,陸前高田市立図書館,3,市立,0.10966182975646542
tr-333,陸前高田市立図書館,4,開館,0.10822540177283639
tr-333,陸前高田市立図書館,5,蔵書,0.09021418967245118
tr-333,陸前高田市立図書館,6,職員,0.0766429245603572
tr-333,陸前高田市立図書館,7,仮設,0.07403679452105487
tr-333,陸前高田市立図書館,8,岩手,0.07024637937714173
tr-333,陸前高田市立図書館,9,震災,0.06489150806003288
tr-333,陸前高田市立図書館,10,貸出,0.05636254797492472
tr-333,陸前高田市立図書館,11,図書,0.05457002237134384
tr-333,陸前高田市立図書館,12,村立,0.05441844857647854
tr-333,陸前高田市立図書館,13,高田,0.04771122514077975
tr-333,陸前高田市立図書館,14,年度,0.047179001516260574
tr-333,陸前高田市立図書館,15,竹駒,0.04464692713412083
tr-333,陸前高田市立図書館,16,寄贈,0.04268820891357866
tr-333,陸前高田市立図書館,17,閲覧,0.04174795813749995
tr-333,陸前高田市立図書館,18,作業,0.04163208903797034
tr-333,陸前高田市立図書館,19,建物,0.039607532911988874
tr-333,陸前高田市立図書館,20,資料,0.03930075711432062
tr-334,藻岩山,1,藻岩山,0.2916370976194836
tr-334,藻岩山,2,札幌,0.16231402635466757
tr-334,藻岩山,3,スキー,0.11252597280557937
tr-334,藻岩山,4,山頂,0.09911663870231376
tr-334,藻岩山,5,明治,0.09073695251322987
tr-334,藻岩山,6,観音,0.08641099188725439
tr-334,藻岩山,7,尾根,0.08547588490022454
tr-334,藻岩山,8,溶岩,0.07602215254974694
tr-334,藻岩山,9,円山,0.0720394848739801
tr-334,藻岩山,10,夜景,0.054006869929534
tr-334,藻岩山,11,インカルシペ,0.054006869929534
tr-334,藻岩山,12,ウェイ,0.05345671639260099
tr-334,藻岩山,13,伐採,0.05302515815011393
tr-334,藻岩山,14,北海道,0.05270126522285584
tr-334,藻岩山,15,ロープ,0.05266154268952305
tr-334,藻岩山,16,昭和,0.05191129440073045
tr-334,藻岩山,17,山麓,0.047062015559490016
tr-334,藻岩山,18,軍艦,0.044890830107023744
tr-334,藻岩山,19,モイワ,0.043205495943627194
tr-334,藻岩山,20,豊平川,0.041165419927988625
tr-335,アヴィス王朝,1,ポルトガル,0.321952780619772
tr-335,アヴィス王朝,2,カスティーリャ,0.29555514005386624
tr-335,アヴィス王朝,3,ジョアン,0.1620026054488723
tr-335,アヴィス王朝,4,アフォンソ,0.1526422987068608
tr-335,アヴィス王朝,5,アヴィス,0.1281655569969538
tr-335,アヴィス王朝,6,王国,0.08261584394470584
tr-335,アヴィス王朝,7,リスボン,0.08210070168246869
tr-335,アヴィス王朝,8,レオノール,0.08010347312309612
tr-335,アヴィス王朝,9,ドゥアルテ,0.08010347312309612
tr-335,アヴィス王朝,10,王朝,0.0792529490418467
tr-335,アヴィス王朝,11,貴族,0.07720704188448632
tr-335,アヴィス王朝,12,エンリケ,0.07155598495262826
tr-335,アヴィス王朝,13,フェルナンド,0.06985522416163986
tr-335,アヴィス王朝,14,西アフリカ,0.06420097226266305
tr-335,アヴィス王朝,15,ブルジョアジー,0.061056919482744325
tr-335,アヴィス王朝,16,王位,0.06009197567829518
tr-335,アヴィス王朝,17,フアン,0.05891003834504447
tr-335,アヴィス王朝,18,トリス,0.057244787962102604
tr-335,アヴィス王朝,19,黒死病,0.052858320313579336
tr-335,アヴィス王朝,20,都市,0.05058110838669798
tr-336,クロアジモドキ,1,漁獲,0.22653656629257388
tr-336,クロアジモドキ,2,個体,0.11823568139909962
tr-336,クロアジモドキ,3,クロアジモドキ,0.11493240197241174
tr-336,クロアジモドキ,4,成魚,0.11014604906578988
tr-336,クロアジモドキ,5,背鰭,0.10394390592073192
tr-336,クロアジモドキ,6,産卵,0.09467223014910185
tr-336,クロアジモドキ,7,クウェート,0.0859099047433399
tr-336,クロアジモドキ,8,マナガツオ,0.08209457283743696
tr-336,クロアジモドキ,9,幼魚,0.07546792675177781
tr-336,クロアジモドキ,10,捕食,0.07517542059767386
tr-336,クロアジモドキ,11,体型,0.06771524782045536
tr-336,クロアジモドキ,12,研究,0.06708983510948058
tr-336,クロアジモドキ,13,類似,0.05772555553315286
tr-336,クロアジモドキ,14,体長,0.0565290981775275
tr-336,クロアジモドキ,15,成熟,0.056204991564949285
tr-336,クロアジモドキ,16,魚類,0.05446195564913709
tr-336,クロアジモドキ,17,前方,0.05446195564913709
tr-336,クロアジモドキ,18,西部,0.05386545339218292
tr-336,クロアジモドキ,19,分類,0.04993865178812977
tr-336,クロアジモドキ,20,ウオノエ,0.04925674370246218
tr-337,伊能忠敬,1,忠敬,0.5097194821630696
tr-337,伊能忠敬,2,伊能,0.2802416892418311
tr-337,伊能忠敬,3,佐原,0.15905862425929895
tr-337,伊能忠敬,4,永沢,0.15321065309661344
tr-337,伊能忠敬,5,名主,0.08299673890319903
tr-337,伊能忠敬,6,寛政,0.07817387440573573
tr-337,伊能忠敬,7,天明,0.07706840041011338
tr-337,伊能忠敬,8,治郎,0.07646380570736205
tr-337,伊能忠敬,9,三治,0.07646380570736205
tr-337,伊能忠敬,10,衛門,0.06651474808610602
tr-337,伊能忠敬,11,隠居,0.06432097407997643
tr-337,伊能忠敬,12,酒造,0.06362344970371958
tr-337,伊能忠敬,13,地頭,0.06362344970371958
tr-337,伊能忠敬,14,江戸,0.06201176724636542
tr-337,伊能忠敬,15,至時,0.05561004051444513
tr-337,伊能忠敬,16,本宿,0.04694784704133536
tr-337,伊能忠敬,17,山車,0.04694784704133536
tr-337,伊能忠敬,18,改暦,0.04694784704133536
tr-337,伊能忠敬,19,河岸,0.0451397258775911
tr-337,伊能忠敬,20,小関,0.04377447231331812
tr-338,ヨハネの手紙三,1,ヨハネ,0.5245803268668767
tr-338,ヨハネの手紙三,2,書簡,0.3228448943952499
tr-338,ヨハネの手紙三,3,聖書,0.20678980219716425
tr-338,ヨハネの手紙三,4,新約,0.13065907393647036
tr-338,ヨハネの手紙三,5,使徒,0.117769844309115
tr-338,ヨハネの手紙三,6,福音,0.11443327692613386
tr-338,ヨハネの手紙三,7,言及,0.09673320203951401
tr-338,ヨハネの手紙三,8,著者,0.09138325191938983
tr-338,ヨハネの手紙三,9,教会,0.07056914593178824
tr-338,ヨハネの手紙三,10,手紙,0.06720985236895032
tr-338,ヨハネの手紙三,11,世紀,0.06212397668001852
tr-338,ヨハネの手紙三,12,注解,0.05625139053374793
tr-338,ヨハネの手紙三,13,写本,0.055211728252000165
tr-338,ヨハネの手紙三,14,長老,0.05312241590287149
tr-338,ヨハネの手紙三,15,ディオトレフェス,0.05099223467218471
tr-338,ヨハネの手紙三,16,担当,0.048542549269188114
tr-338,ヨハネの手紙三,17,辞典,0.04842279940309632
tr-338,ヨハネの手紙三,18,引用,0.03932807161754599
tr-338,ヨハネの手紙三,19,バルバロ,0.03886758769922917
tr-338,ヨハネの手紙三,20,一人物,0.03557472698398002
tr-339,モンテ・カッシーノの戦い,1,師団,0.17715105288728486
tr-339,モンテ・カッシーノの戦い,2,モンテ・カッシーノ,0.14637089179765747
tr-339,モンテ・カッシーノの戦い,3,号線,0.13354270168539825
tr-339,モンテ・カッシーノの戦い,4,ドイツ,0.12996065993934267
tr-339,モンテ・カッシーノの戦い,5,グスタフ,0.11212990253176078
tr-339,モンテ・カッシーノの戦い,6,ローマ,0.10118013095576246
tr-339,モンテ・カッシーノの戦い,7,陣地,0.10061100741505156
tr-339,モンテ・カッシーノの戦い,8,修道院,0.1002109451879607
tr-339,モンテ・カッシーノの戦い,9,軍団,0.0899971664799632
tr-339,モンテ・カッシーノの戦い,10,守備,0.08728331368503835
tr-339,モンテ・カッシーノの戦い,11,進軍,0.0817312354366433
tr-339,モンテ・カッシーノの戦い,12,渡河,0.07721969147236193
tr-339,モンテ・カッシーノの戦い,13,ライン,0.07366328035701349
tr-339,モンテ・カッシーノの戦い,14,イタリア,0.07335521176594219
tr-339,モンテ・カッシーノの戦い,15,ラーピド,0.07318544589882874
tr-339,モンテ・カッシーノの戦い,16,カッシーノ,0.07318544589882874
tr-339,モンテ・カッシーノの戦い,17,ケッセルリンク,0.07318544589882874
tr-339,モンテ・カッシーノの戦い,18,連合,0.07221842697335118
tr-339,モンテ・カッシーノの戦い,19,部隊,0.06957688728241433
tr-339,モンテ・カッシーノの戦い,20,高速,0.06353818233229448
tr-340,2019新型コロナウイルス,1,ウイルス,0.5013386242445836
tr-340,2019新型コロナウイルス,2,感染,0.34502040206574425
tr-340,2019新型コロナウイルス,3,コロナ,0.26451039954902583
tr-340,2019新型コロナウイルス,4,武漢,0.12467647649794418
tr-340,2019新型コロナウイルス,5,中国,0.11587184152022433
tr-340,2019新型コロナウイルス,6,タンパク質,0.07921963599170054
tr-340,2019新型コロナウイルス,7,エンベロープ,0.07792279781121511
tr-340,2019新型コロナウイルス,8,拡散,0.06026481097768232
tr-340,2019新型コロナウイルス,9,スパイク,0.05568639990505807
tr-340,2019新型コロナウイルス,10,予防,0.05537373565342926
tr-340,2019新型コロナウイルス,11,コウモリ,0.05436283143468453
tr-340,2019新型コロナウイルス,12,疾病,0.050654478449087506
tr-340,2019新型コロナウイルス,13,患者,0.05029555245982289
tr-340,2019新型コロナウイルス,14,ヌクレオ,0.04675367868672906
tr-340,2019新型コロナウイルス,15,配列,0.045268363423828874
tr-340,2019新型コロナウイルス,16,新型,0.04317992732617528
tr-340,2019新型コロナウイルス,17,確認,0.04282902325196059
tr-340,2019新型コロナウイルス,18,衛生,0.04059063553714638
tr-340,2019新型コロナウイルス,19,消毒,0.03993282767858731
tr-340,2019新型コロナウイルス,20,ゲノム,0.03920579650277321
tr-341,ワシントンD.C.,1,ワシントン,0.3079205489484712
tr-341,ワシントンD.C.,2,コロンビア,0.21318381402839087
tr-341,ワシントンD.C.,3,連邦,0.15420930497327756
tr-341,ワシントンD.C.,4,首都,0.13784678835369335
tr-341,ワシントンD.C.,5,議会,0.1253550455383264
tr-341,ワシントンD.C.,6,ポトマック,0.09541213687551006
tr-341,ワシントンD.C.,7,人口,0.09027704979670867
tr-341,ワシントンD.C.,8,バージニア,0.07752949340402004
tr-341,ワシントンD.C.,9,アレクサンドリア,0.07550369832853167
tr-341,ワシントンD.C.,10,メリーランド,0.07131885742978852
tr-341,ワシントンD.C.,11,合衆国,0.06780206298897672
tr-341,ワシントンD.C.,12,奴隷,0.061322659818469856
tr-341,ワシントンD.C.,13,アメリカ合衆国,0.05491317386355034
tr-341,ワシントンD.C.,14,政府,0.054764316109850567
tr-341,ワシントンD.C.,15,区内,0.054621779575853006
tr-341,ワシントンD.C.,16,ジョージタウン,0.051946839432938034
tr-341,ワシントンD.C.,17,マイル,0.045435646332273295
tr-341,ワシントンD.C.,18,憲法,0.04326665161005361
tr-341,ワシントンD.C.,19,都市,0.04303408586550812
tr-341,ワシントンD.C.,20,大統領,0.03993447823259119
tr-342,エアバスA319,1,エアバス,0.1724982381750803
tr-342,エアバスA319,2,航空,0.12697577890899617
tr-342,エアバスA319,3,開発,0.12447927919142325
tr-342,エアバスA319,4,ファミリー,0.10561764861916835
tr-342,エアバスA319,5,ビジネス,0.10156603774259008
tr-342,エアバスA319,6,飛行,0.08873085113930089
tr-342,エアバスA319,7,機体,0.08645363403553112
tr-342,エアバスA319,8,エンジン,0.07886659880970308
tr-342,エアバスA319,9,ジェット,0.0698104329323421
tr-342,エアバスA319,10,運用,0.0624705484390977
tr-342,エアバスA319,11,貨物,0.05941232633669094
tr-342,エアバスA319,12,仕様,0.05687974461708966
tr-342,エアバスA319,13,航続,0.052808824309584175
tr-342,エアバスA319,14,胴体,0.05009391466518718
tr-342,エアバスA319,15,通路,0.04976977653995346
tr-342,エアバスA319,16,ベース,0.04663349867462367
tr-342,エアバスA319,17,旅客機,0.045264706551072155
tr-342,エアバスA319,18,事故,0.04525717241675287
tr-342,エアバスA319,19,主翼,0.04451835106825402
tr-342,エアバスA319,20,会社,0.044419548575897125
tr-343,ホッローケー,1,ホッローケー,0.3588635595914707
tr-343,ホッローケー,2,ハンガリー,0.13474993049861408
tr-343,ホッローケー,3,伝統,0.12364912372690563
tr-343,ホッローケー,4,パローツ,0.10253244559756305
tr-343,ホッローケー,5,遺産,0.09629219106814033
tr-343,ホッローケー,6,登録,0.08427812276153673
tr-343,ホッローケー,7,通り,0.07149801436408325
tr-343,ホッローケー,8,村落,0.06675981222420567
tr-343,ホッローケー,9,木造,0.06074854503864607
tr-343,ホッローケー,10,衣装,0.052951734352561584
tr-343,ホッローケー,11,民族,0.049829343208765677
tr-343,ホッローケー,12,建造,0.046003923339978964
tr-343,ホッローケー,13,観光,0.04353491544679927
tr-343,ホッローケー,14,主体,0.03921558066134851
tr-343,ホッローケー,15,保護,0.037713450422110016
tr-343,ホッローケー,16,裏通り,0.0366341516896466
tr-343,ホッローケー,17,文化,0.035885730813063614
tr-343,ホッローケー,18,保存,0.03584255734983316
tr-343,ホッローケー,19,ブダペスト,0.03534602300702668
tr-343,ホッローケー,20,カラス,0.03434687277726157
tr-344,近江八幡市立図書館,1,図書館,0.4818540833951322
tr-344,近江八幡市立図書館,2,近江八幡,0.3396917844601876
tr-344,近江八幡市立図書館,3,近江兄弟社,0.18959541458243032
tr-344,近江八幡市立図書館,4,滋賀,0.14562457885080224
tr-344,近江八幡市立図書館,5,八幡,0.142344643723267
tr-344,近江八幡市立図書館,6,文庫,0.1075667395560387
tr-344,近江八幡市立図書館,7,市立,0.09216671570224858
tr-344,近江八幡市立図書館,8,昭和,0.0835260845509453
tr-344,近江八幡市立図書館,9,開館,0.07992775562312113
tr-344,近江八幡市立図書館,10,蒲生,0.06200213456407557
tr-344,近江八幡市立図書館,11,町立,0.061751648904403815
tr-344,近江八幡市立図書館,12,安土,0.059620222280666164
tr-344,近江八幡市立図書館,13,設置,0.05803424352757361
tr-344,近江八幡市立図書館,14,一柳,0.05529866258654217
tr-344,近江八幡市立図書館,15,貸出,0.05439690588196298
tr-344,近江八幡市立図書館,16,図書,0.052666894552589105
tr-344,近江八幡市立図書館,17,教育,0.052219778803125186
tr-344,近江八幡市立図書館,18,蔵書,0.04788738495032597
tr-344,近江八幡市立図書館,19,近江,0.044934297005089816
tr-344,近江八幡市立図書館,20,資料,0.04172315888677645
tr-345,星の砂,1,ホシズナ,0.16050639848216644
tr-345,星の砂,2,生物,0.15529663571690724
tr-345,星の砂,3,突起,0.11405954521510102
tr-345,星の砂,4,分布,0.11275449072669025
tr-345,星の砂,5,サンゴ,0.10753460168581891
tr-345,星の砂,6,サンゴ礁,0.09929460171055557
tr-345,星の砂,7,共生,0.09310068462253165
tr-345,星の砂,8,炭酸,0.0895775851606498
tr-345,星の砂,9,場所,0.08672651858866244
tr-345,星の砂,10,ゼニイシ,0.08025319924108322
tr-345,星の砂,11,太陽,0.07673238798484389
tr-345,星の砂,12,生態,0.0747055483286134
tr-345,星の砂,13,個体,0.07223979132211343
tr-345,星の砂,14,形態,0.06640576706195112
tr-345,星の砂,15,光合成,0.06521172342394209
tr-345,星の砂,16,藻類,0.06432097407997643
tr-345,星の砂,17,乱獲,0.06350778364082102
tr-345,星の砂,18,砂浜,0.06275972095228328
tr-345,星の砂,19,大型,0.06218765064809241
tr-345,星の砂,20,カルシウム,0.05971839010709986
tr-346,ローリー(ノースカロライナ州),1,ローリー,0.5852215816901469
tr-346,ローリー(ノースカロライナ州),2,ノースカロライナ,0.18821468071530337
tr-346,ローリー(ノースカロライナ州),3,都市,0.0869131607942941
tr-346,ローリー(ノースカロライナ州),4,トライアングル,0.06884959784589963
tr-346,ローリー(ノースカロライナ州),5,大学,0.06375903961846616
tr-346,ローリー(ノースカロライナ州),6,ウェイク,0.05737466487158303
tr-346,ローリー(ノースカロライナ州),7,ダーラム,0.05737466487158303
tr-346,ローリー(ノースカロライナ州),8,地区,0.055038327015076466
tr-346,ローリー(ノースカロライナ州),9,リサーチ,0.05379243749594494
tr-346,ローリー(ノースカロライナ州),10,ピードモント,0.04817443096098684
tr-346,ローリー(ノースカロライナ州),11,フェイエットビル・ストリート,0.04817443096098684
tr-346,ローリー(ノースカロライナ州),12,アフリカ,0.04650576861094098
tr-346,ローリー(ノースカロライナ州),13,全米,0.041711325309822196
tr-346,ローリー(ノースカロライナ州),14,センター,0.04013503500285274
tr-346,ローリー(ノースカロライナ州),15,議会,0.03909265507259086
tr-346,ローリー(ノースカロライナ州),16,摂氏,0.0372576839817144
tr-346,ローリー(ノースカロライナ州),17,チーム,0.036850545642501405
tr-346,ローリー(ノースカロライナ州),18,カロライナ・ハリケーンズ,0.036130823220740134
tr-346,ローリー(ノースカロライナ州),19,ハリケーンズ,0.036130823220740134
tr-346,ローリー(ノースカロライナ州),20,台地,0.03584778536583274
tr-347,ユーロビジョン・ソング・コンテスト2009,1,大会,0.23857187555855974
tr-347,ユーロビジョン・ソング・コンテスト2009,2,ビジョン,0.20883452746655976
tr-347,ユーロビジョン・ソング・コンテスト2009,3,放送,0.17793475155250588
tr-347,ユーロビジョン・ソング・コンテスト2009,4,ユーロ,0.1705562474946993
tr-347,ユーロビジョン・ソング・コンテスト2009,5,グルジア,0.16234500713061903
tr-347,ユーロビジョン・ソング・コンテスト2009,6,モスクワ,0.1389730648471595
tr-347,ユーロビジョン・ソング・コンテスト2009,7,参加,0.13790481379993605
tr-347,ユーロビジョン・ソング・コンテスト2009,8,コンテスト,0.12699820031174627
tr-347,ユーロビジョン・ソング・コンテスト2009,9,準決勝,0.11886476238298085
tr-347,ユーロビジョン・ソング・コンテスト2009,10,ソング,0.11429838028057164
tr-347,ユーロビジョン・ソング・コンテスト2009,11,欧州,0.10301485616197709
tr-347,ユーロビジョン・ソング・コンテスト2009,12,スペイン,0.09252765418206173
tr-347,ユーロビジョン・ソング・コンテスト2009,13,ロシア,0.08867337262518285
tr-347,ユーロビジョン・ソング・コンテスト2009,14,連合,0.0821956934864244
tr-347,ユーロビジョン・ソング・コンテスト2009,15,アルメニア,0.0803413676187169
tr-347,ユーロビジョン・ソング・コンテスト2009,16,アゼルバイジャン,0.07619892018704776
tr-347,ユーロビジョン・ソング・コンテスト2009,17,決勝,0.07619892018704776
tr-347,ユーロビジョン・ソング・コンテスト2009,18,パレード,0.07027705999725493
tr-347,ユーロビジョン・ソング・コンテスト2009,19,投票,0.06842678865521583
tr-347,ユーロビジョン・ソング・コンテスト2009,20,箇国,0.06057913452413337
tr-348,ポーランド・ロシア戦争(1792年),1,ポーランド,0.4599644545870194
tr-348,ポーランド・ロシア戦争(1792年),2,ロシア,0.3072745746583876
tr-348,ポーランド・ロシア戦争(1792年),3,ポニャトフスキ,0.1443208793074942
tr-348,ポーランド・ロシア戦争(1792年),4,リトアニア,0.13807120374482437
tr-348,ポーランド・ロシア戦争(1792年),5,憲法,0.10689408044836773
tr-348,ポーランド・ロシア戦争(1792年),6,スタニスワフ,0.09621391953832947
tr-348,ポーランド・ロシア戦争(1792年),7,コシチュシュコ,0.09621391953832947
tr-348,ポーランド・ロシア戦争(1792年),8,戦争,0.07711696857501871
tr-348,ポーランド・ロシア戦争(1792年),9,タルゴヴィツァ,0.0721604396537471
tr-348,ポーランド・ロシア戦争(1792年),10,撤退,0.07129670528472584
tr-348,ポーランド・ロシア戦争(1792年),11,プロイセン,0.0695677233234742
tr-348,ポーランド・ロシア戦争(1792年),12,エカチェリーナ,0.06292840361451928
tr-348,ポーランド・ロシア戦争(1792年),13,マグナート,0.06013369971145592
tr-348,ポーランド・ロシア戦争(1792年),14,戦闘,0.059709387190157726
tr-348,ポーランド・ロシア戦争(1792年),15,侵攻,0.055456651642235504
tr-348,ポーランド・ロシア戦争(1792年),16,戦い,0.05424587088573877
tr-348,ポーランド・ロシア戦争(1792年),17,連盟,0.050606243372557716
tr-348,ポーランド・ロシア戦争(1792年),18,ワルシャワ,0.04758636449277206
tr-348,ポーランド・ロシア戦争(1792年),19,ウクライナ,0.046506877939359884
tr-348,ポーランド・ロシア戦争(1792年),20,兵力,0.042446524331146006
tr-349,鳥取しゃんしゃん祭,1,踊り,0.5238876975284943
tr-349,鳥取しゃんしゃん祭,2,鳥取,0.4628626471881794
tr-349,鳥取しゃんしゃん祭,3,祭り,0.2013391162317314
tr-349,鳥取しゃんしゃん祭,4,踊り子,0.11782007669008894
tr-349,鳥取しゃんしゃん祭,5,振付,0.10946760224329159
tr-349,鳥取しゃんしゃん祭,6,メートル,0.1019211694790669
tr-349,鳥取しゃんしゃん祭,7,参加,0.09077018341159969
tr-349,鳥取しゃんしゃん祭,8,ゃんしゃんしゃんぐりら,0.0712030872205299
tr-349,鳥取しゃんしゃん祭,9,因幡,0.06545559816116053
tr-349,鳥取しゃんしゃん祭,10,和紙,0.05970810910179116
tr-349,鳥取しゃんしゃん祭,11,新曲,0.05696246977642392
tr-349,鳥取しゃんしゃん祭,12,音頭,0.05696246977642392
tr-349,鳥取しゃんしゃん祭,13,振り付け,0.05427281731799496
tr-349,鳥取しゃんしゃん祭,14,創作,0.05246672949376496
tr-349,鳥取しゃんしゃん祭,15,温泉,0.04847638718798262
tr-349,鳥取しゃんしゃん祭,16,イベント,0.045203964368712726
tr-349,鳥取しゃんしゃん祭,17,伝統,0.04338565744803706
tr-349,鳥取しゃんしゃん祭,18,記録,0.04179182128088139
tr-349,鳥取しゃんしゃん祭,19,結成,0.041150509003478775
tr-349,鳥取しゃんしゃん祭,20,一斉,0.04047884357550849
tr-350,DNAナノテクノロジー,1,核酸,0.5457542317792762
tr-350,DNAナノテクノロジー,2,テクノロジー,0.25886103807849165
tr-350,DNAナノテクノロジー,3,構造,0.2536886113776357
tr-350,DNAナノテクノロジー,4,塩基,0.22286016339307374
tr-350,DNAナノテクノロジー,5,配列,0.18476198701133117
tr-350,DNAナノテクノロジー,6,複合,0.13064828278497717
tr-350,DNAナノテクノロジー,7,結合,0.13064538039319323
tr-350,DNAナノテクノロジー,8,分子,0.11198659924368642
tr-350,DNAナノテクノロジー,9,らせん,0.11094044489078214
tr-350,DNAナノテクノロジー,10,ジャンクション,0.09745611281772788
tr-350,DNAナノテクノロジー,11,アーム・ジャンクション,0.08481078833378672
tr-350,DNAナノテクノロジー,12,動的,0.072437820743709
tr-350,DNAナノテクノロジー,13,作製,0.06711439851425037
tr-350,DNAナノテクノロジー,14,アセンブル,0.06360809125034005
tr-350,DNAナノテクノロジー,15,アセンブリ,0.06360809125034005
tr-350,DNAナノテクノロジー,16,ヌクレオチド,0.06360809125034005
tr-350,DNAナノテクノロジー,17,クロスオーバー,0.060604646005094374
tr-350,DNAナノテクノロジー,18,相補,0.058473667690636735
tr-350,DNAナノテクノロジー,19,どうし,0.058473667690636735
tr-350,DNAナノテクノロジー,20,分岐,0.05806461350808587
tr-351,皇太子徳仁親王と小和田雅子の結婚の儀,1,雅子,0.37260698562138717
tr-351,皇太子徳仁親王と小和田雅子の結婚の儀,2,皇太子,0.19209986021639885
tr-351,皇太子徳仁親王と小和田雅子の結婚の儀,3,小和田,0.10422633967520316
tr-351,皇太子徳仁親王と小和田雅子の結婚の儀,4,浩宮,0.07527457865431339
tr-351,皇太子徳仁親王と小和田雅子の結婚の儀,5,結婚,0.07462261189564996
tr-351,皇太子徳仁親王と小和田雅子の結婚の儀,6,皇室,0.07057641004411805
tr-351,皇太子徳仁親王と小和田雅子の結婚の儀,7,皇后,0.07043875240610513
tr-351,皇太子徳仁親王と小和田雅子の結婚の儀,8,天皇,0.06059800785678979
tr-351,皇太子徳仁親王と小和田雅子の結婚の儀,9,候補,0.05271250540454118
tr-351,皇太子徳仁親王と小和田雅子の結婚の儀,10,婚約,0.05124833434478701
tr-351,皇太子徳仁親王と小和田雅子の結婚の儀,11,宮内庁,0.04945603068307847
tr-351,皇太子徳仁親王と小和田雅子の結婚の儀,12,親王,0.04826983044388183
tr-351,皇太子徳仁親王と小和田雅子の結婚の儀,13,東宮,0.0425836554995871
tr-351,皇太子徳仁親王と小和田雅子の結婚の儀,14,拝礼,0.03861860450088616
tr-351,皇太子徳仁親王と小和田雅子の結婚の儀,15,マスコミ,0.03729110421499683
tr-351,皇太子徳仁親王と小和田雅子の結婚の儀,16,外務省,0.03665722373333972
tr-351,皇太子徳仁親王と小和田雅子の結婚の儀,17,女性,0.03540148502754598
tr-351,皇太子徳仁親王と小和田雅子の結婚の儀,18,皇族,0.035105331231914054
tr-351,皇太子徳仁親王と小和田雅子の結婚の儀,19,儀式,0.035100193824008315
tr-351,皇太子徳仁親王と小和田雅子の結婚の儀,20,報道,0.034326262692713584
tr-352,ニューヨーク,1,ニューヨーク,0.2674510488855745
tr-352,ニューヨーク,2,都市,0.14344695288502707
tr-352,ニューヨーク,3,人口,0.09722143824260934
tr-352,ニューヨーク,4,マンハッタン,0.08614388156002227
tr-352,ニューヨーク,5,アメリカ合衆国,0.07474293109205461
tr-352,ニューヨーク,6,アメリカ,0.07145242507101045
tr-352,ニューヨーク,7,ニュー,0.06026850043464597
tr-352,ニューヨーク,8,イギリス,0.05527649502904638
tr-352,ニューヨーク,9,アムステルダム,0.0486828836907677
tr-352,ニューヨーク,10,貿易,0.04766313287014659
tr-352,ニューヨーク,11,センター,0.04710498758359506
tr-352,ニューヨーク,12,オランダ,0.046890271666198455
tr-352,ニューヨーク,13,国勢調査,0.04584590404442618
tr-352,ニューヨーク,14,ランキング,0.04551663172908667
tr-352,ニューヨーク,15,入植,0.043070397011526845
tr-352,ニューヨーク,16,ロウアー・マンハッタン,0.04240539416689336
tr-352,ニューヨーク,17,トレード,0.04240539416689336
tr-352,ニューヨーク,18,支配,0.041167918133326487
tr-352,ニューヨーク,19,ウォール街,0.04040309733672958
tr-352,ニューヨーク,20,エコノミスト,0.04040309733672958
tr-353,猪谷千春,1,猪谷,0.45237507955506934
tr-353,猪谷千春,2,スキー,0.17393622791938973
tr-353,猪谷千春,3,オリンピック,0.16190926188314078
tr-353,猪谷千春,4,委員,0.12613969404955988
tr-353,猪谷千春,5,競技,0.11900899805010876
tr-353,猪谷千春,6,トレーニング,0.07997311640529288
tr-353,猪谷千春,7,オスロ,0.07916563892213713
tr-353,猪谷千春,8,会長,0.07779501286025489
tr-353,猪谷千春,9,就任,0.07612967166939083
tr-353,猪谷千春,10,大回転,0.0738145471529734
tr-353,猪谷千春,11,回転,0.07275627515281544
tr-353,猪谷千春,12,保険,0.07146953652300776
tr-353,猪谷千春,13,出場,0.06777012801569486
tr-353,猪谷千春,14,選手,0.06738157154949793
tr-353,猪谷千春,15,滑降,0.05860764477570014
tr-353,猪谷千春,16,欧州,0.05325162335333252
tr-353,猪谷千春,17,練習,0.05025431772095161
tr-353,猪谷千春,18,獲得,0.04997431029831203
tr-353,猪谷千春,19,体重,0.049460277719825405
tr-353,猪谷千春,20,アルペンスキー,0.049209698101982266
tr-354,緑の革命,1,品種,0.37215490210493285
tr-354,緑の革命,2,収量,0.2286684496466883
tr-354,緑の革命,3,コムギ,0.11491049453213117
tr-354,緑の革命,4,革命,0.1013362883704183
tr-354,緑の革命,5,矮性,0.09648418335725736
tr-354,緑の革命,6,形質,0.07921297762407199
tr-354,緑の革命,7,近代,0.07877900325214271
tr-354,緑の革命,8,肥料,0.06916497337157063
tr-354,緑の革命,9,インド,0.06638149729993412
tr-354,緑の革命,10,生産,0.06615794366965735
tr-354,緑の革命,11,開発,0.06581395098323065
tr-354,緑の革命,12,種子,0.061537352979902996
tr-354,緑の革命,13,遺伝子,0.059262798428966826
tr-354,緑の革命,14,育種,0.05913067519277872
tr-354,緑の革命,15,植物,0.05902855347065822
tr-354,緑の革命,16,世代,0.05449794942013794
tr-354,緑の革命,17,灌漑,0.04954248975584574
tr-354,緑の革命,18,アジア,0.04835954328421166
tr-354,緑の革命,19,増大,0.04738512915898636
tr-354,緑の革命,20,系統,0.04711371027440534
tr-355,高山市図書館,1,高山,0.3454649422018698
tr-355,高山市図書館,2,図書館,0.29155722688033064
tr-355,高山市図書館,3,煥章,0.14245867441320398
tr-355,高山市図書館,4,分館,0.12367485951212295
tr-355,高山市図書館,5,平成,0.09161054600947287
tr-355,高山市図書館,6,丹生川,0.09048804288318238
tr-355,高山市図書館,7,大野,0.06083775497945146
tr-355,高山市図書館,8,教育,0.0597897559541773
tr-355,高山市図書館,9,閲覧,0.055503621763450396
tr-355,高山市図書館,10,開館,0.05505162292544121
tr-355,高山市図書館,11,学習,0.05250433696681788
tr-355,高山市図書館,12,昭和,0.04944730208585707
tr-355,高山市図書館,13,蔵書,0.04797565662765377
tr-355,高山市図書館,14,図書,0.0474875787472792
tr-355,高山市図書館,15,近代文学館,0.039571854003667764
tr-355,高山市図書館,16,生涯,0.03911799241566095
tr-355,高山市図書館,17,読書,0.03640421509438364
tr-355,高山市図書館,18,施設,0.035090738644199836
tr-355,高山市図書館,19,飛騨,0.03264062176045913
tr-355,高山市図書館,20,文庫,0.03232950577808684
tr-356,頸城トンネル,1,糸魚川,0.20412497220099893
tr-356,頸城トンネル,2,地すべり,0.18489905925127403
tr-356,頸城トンネル,3,直江津,0.18334178623389893
tr-356,頸城トンネル,4,北陸本線,0.1611512938428939
tr-356,頸城トンネル,5,複線,0.15127726801840366
tr-356,頸城トンネル,6,区間,0.1296074383840755
tr-356,頸城トンネル,7,名立,0.12026739942291184
tr-356,頸城トンネル,8,昭和,0.10982074256625117
tr-356,頸城トンネル,9,トンネル,0.10704138309526336
tr-356,頸城トンネル,10,電化,0.08464651439362579
tr-356,頸城トンネル,11,能生,0.08418717959603829
tr-356,頸城トンネル,12,計画,0.07830419988307212
tr-356,頸城トンネル,13,頸城,0.07739161900231332
tr-356,頸城トンネル,14,か年,0.07520393712668381
tr-356,頸城トンネル,15,操車,0.0721604396537471
tr-356,頸城トンネル,16,富山,0.07098936157074968
tr-356,頸城トンネル,17,輸送,0.06479382561902419
tr-356,頸城トンネル,18,鉄道,0.06466107010145354
tr-356,頸城トンネル,19,列車,0.06014808396557651
tr-356,頸城トンネル,20,筒石,0.06013369971145592
tr-357,タンジマート,1,マフムト,0.1548296811988166
tr-357,タンジマート,2,オスマン,0.13125290756598643
tr-357,タンジマート,3,帝国,0.12951085230011525
tr-357,タンジマート,4,エジプト,0.1089567593242989
tr-357,タンジマート,5,改革,0.09644622607935807
tr-357,タンジマート,6,アーヤーン,0.09527980381465637
tr-357,タンジマート,7,スルタン,0.0870997082624913
tr-357,タンジマート,8,タンジマート,0.08336982833782432
tr-357,タンジマート,9,シャリーア,0.06808566333443335
tr-357,タンジマート,10,西欧,0.06260919100837131
tr-357,タンジマート,11,イェニチェリ,0.062317448239621036
tr-357,タンジマート,12,ムハンマド・アリー,0.062317448239621036
tr-357,タンジマート,13,ギュルハネ,0.05954987738416023
tr-357,タンジマート,14,シリア,0.05586290266737561
tr-357,タンジマート,15,ヨーロッパ,0.047798626091693955
tr-357,タンジマート,16,イスタンブル,0.04763990190732818
tr-357,タンジマート,17,ムスタファ・レシト・パシャ,0.04763990190732818
tr-357,タンジマート,18,ギリシャ,0.04315585245881067
tr-357,タンジマート,19,諸国,0.03950879339419634
tr-357,タンジマート,20,官僚,0.03950569043619792
tr-358,杉原紙,1,杉原,0.842020814745169
tr-358,杉原紙,2,和紙,0.1536170230970883
tr-358,杉原紙,3,生産,0.12191741525194268
tr-358,杉原紙,4,武士,0.10515502877205823
tr-358,杉原紙,5,コウゾ,0.09472734165883151
tr-358,杉原紙,6,原料,0.08396507442204106
tr-358,杉原紙,7,椙原,0.08014619497542845
tr-358,杉原紙,8,播磨,0.07987712032136314
tr-358,杉原紙,9,武家,0.07969418603688709
tr-358,杉原紙,10,階級,0.07898294524003466
tr-358,杉原紙,11,美濃,0.0755521591682094
tr-358,杉原紙,12,製法,0.07442831366785924
tr-358,杉原紙,13,紙屋,0.06869673855036725
tr-358,杉原紙,14,産地,0.06771184007555357
tr-358,杉原紙,15,公家,0.06720744760497613
tr-358,杉原紙,16,美濃紙,0.06545301768550192
tr-358,杉原紙,17,中世,0.05710141106768171
tr-358,杉原紙,18,近世,0.05426870023452383
tr-358,杉原紙,19,藤原,0.0537223211351545
tr-358,杉原紙,20,需要,0.05265529682668977
tr-359,朝鮮民主主義人民共和国の鉱業,1,探査,0.2193946005651394
tr-359,朝鮮民主主義人民共和国の鉱業,2,炭鉱,0.17292592640071192
tr-359,朝鮮民主主義人民共和国の鉱業,3,石油,0.14599111382090021
tr-359,朝鮮民主主義人民共和国の鉱業,4,石炭,0.1261597020964312
tr-359,朝鮮民主主義人民共和国の鉱業,5,朝鮮,0.12545605782984343
tr-359,朝鮮民主主義人民共和国の鉱業,6,黄海,0.11056342041368118
tr-359,朝鮮民主主義人民共和国の鉱業,7,平壌,0.09876568566852038
tr-359,朝鮮民主主義人民共和国の鉱業,8,試掘,0.09641819781280422
tr-359,朝鮮民主主義人民共和国の鉱業,9,鉱業,0.08749355600301953
tr-359,朝鮮民主主義人民共和国の鉱業,10,原油,0.08749355600301953
tr-359,朝鮮民主主義人民共和国の鉱業,11,鉱物,0.07911689206128798
tr-359,朝鮮民主主義人民共和国の鉱業,12,探鉱,0.07370894694245413
tr-359,朝鮮民主主義人民共和国の鉱業,13,南浦,0.07370894694245413
tr-359,朝鮮民主主義人民共和国の鉱業,14,練炭,0.07370894694245413
tr-359,朝鮮民主主義人民共和国の鉱業,15,北朝鮮,0.06775918573593098
tr-359,朝鮮民主主義人民共和国の鉱業,16,炭田,0.06775918573593098
tr-359,朝鮮民主主義人民共和国の鉱業,17,高麗,0.06427879854186948
tr-359,朝鮮民主主義人民共和国の鉱業,18,炊事,0.06427879854186948
tr-359,朝鮮民主主義人民共和国の鉱業,19,ユーゴスラビア,0.05907591610778952
tr-359,朝鮮民主主義人民共和国の鉱業,20,製造,0.0580629383033071
tr-360,エナメル質,1,エナメル,1.2393741491045636
tr-360,エナメル質,2,象牙,0.1606456992623009
tr-360,エナメル質,3,小柱,0.12393741491045637
tr-360,エナメル質,4,細胞,0.09590933767515256
tr-360,エナメル質,5,結晶,0.0771428914841125
tr-360,エナメル質,6,化物,0.0732427899423955
tr-360,エナメル質,7,形成,0.0649551381012955
tr-360,エナメル質,8,口腔,0.06326434298492165
tr-360,エナメル質,9,無機質,0.061968707455228186
tr-360,エナメル質,10,硬度,0.05196452134405371
tr-360,エナメル質,11,除去,0.051425906113043644
tr-360,エナメル質,12,歯科,0.05111454067436847
tr-360,エナメル質,13,修復,0.05078576606831935
tr-360,エナメル質,14,石灰,0.04572227179518131
tr-360,エナメル質,15,レーザー,0.04536698567196208
tr-360,エナメル質,16,トームス,0.04426336246802013
tr-360,エナメル質,17,パターン,0.04403639142583024
tr-360,エナメル質,18,進行,0.03989763499270543
tr-360,エナメル質,19,タイプ,0.037423984082408504
tr-360,エナメル質,20,有機,0.03725036883299609
tr-361,アウクスブルク,1,アウクスブルク,0.523341978081433
tr-361,アウクスブルク,2,ヴェルタハ,0.12713057268742256
tr-361,アウクスブルク,3,市区,0.11439593413759834
tr-361,アウクスブルク,4,人口,0.10010013493350758
tr-361,アウクスブルク,5,ドイツ,0.0923542778572987
tr-361,アウクスブルク,6,都市,0.08861662365306518
tr-361,アウクスブルク,7,宗教,0.06278760407152881
tr-361,アウクスブルク,8,バイエルン,0.05789127454103217
tr-361,アウクスブルク,9,分岐,0.05538801456777371
tr-361,アウクスブルク,10,大都市,0.04774920863555351
tr-361,アウクスブルク,11,地域,0.04606065067123002
tr-361,アウクスブルク,12,合流,0.040518651055029886
tr-361,アウクスブルク,13,運河,0.037626918204858105
tr-361,アウクスブルク,14,森林,0.03654166822103493
tr-361,アウクスブルク,15,気候,0.0334870417641432
tr-361,アウクスブルク,16,番目,0.03194912520997708
tr-361,アウクスブルク,17,位置,0.030451018810723065
tr-361,アウクスブルク,18,気温,0.0286890755357977
tr-361,アウクスブルク,19,因子,0.028598983534399585
tr-361,アウクスブルク,20,世紀,0.028160639765585783
tr-362,地球の年齢,1,地球,0.4523718230120131
tr-362,地球の年齢,2,年齢,0.2689589793852188
tr-362,地球の年齢,3,トムソン,0.2589410171384732
tr-362,地球の年齢,4,太陽,0.09923469769286743
tr-362,地球の年齢,5,計算,0.07282669221386887
tr-362,地球の年齢,6,地質,0.06883919045834982
tr-362,地球の年齢,7,聖書,0.06431310518961302
tr-362,地球の年齢,8,天変地異,0.06025912319264091
tr-362,地球の年齢,9,ライエル,0.05464827335383032
tr-362,地球の年齢,10,論文,0.05375469520606676
tr-362,地球の年齢,11,学者,0.052717004306798085
tr-362,地球の年齢,12,隕石,0.047310214173795245
tr-362,地球の年齢,13,ウラン,0.0466064702715006
tr-362,地球の年齢,14,主張,0.045943297789609025
tr-362,地球の年齢,15,天地,0.04199043521164429
tr-362,地球の年齢,16,創造,0.04134005660494536
tr-362,地球の年齢,17,周期,0.03972924133994706
tr-362,地球の年齢,18,斉一,0.03903448096702166
tr-362,地球の年齢,19,原理,0.03863179729506259
tr-362,地球の年齢,20,温度,0.035099441469794754
tr-363,香良洲町,1,香良洲,0.6264354940897805
tr-363,香良洲町,2,郵便,0.14920829522871865
tr-363,香良洲町,3,番号,0.14469266230586514
tr-363,香良洲町,4,矢野,0.11503736532282463
tr-363,香良洲町,5,遺跡,0.11088057603766485
tr-363,香良洲町,6,雲出川,0.09961824035726108
tr-363,香良洲町,7,御園,0.07969459228580886
tr-363,香良洲町,8,位置,0.0787416716114869
tr-363,香良洲町,9,海苔,0.07326167181657503
tr-363,香良洲町,10,時代,0.07222095147256401
tr-363,香良洲町,11,三重,0.06709665821217367
tr-363,香良洲町,12,西山,0.06475781351611883
tr-363,香良洲町,13,神宮,0.06387326428359609
tr-363,香良洲町,14,漁業,0.06274986645531275
tr-363,香良洲町,15,栽培,0.061383473930296695
tr-363,香良洲町,16,雲出川古川,0.05977094421435665
tr-363,香良洲町,17,養殖,0.059302716858094524
tr-363,香良洲町,18,高砂,0.05694868128088914
tr-363,香良洲町,19,北畠,0.05694868128088914
tr-363,香良洲町,20,一志,0.05212399092896376
tr-364,ケンタッキーフライドチキンの歴史,1,サンダース,0.48538842699760726
tr-364,ケンタッキーフライドチキンの歴史,2,レストラン,0.10819037035936939
tr-364,ケンタッキーフライドチキンの歴史,3,ヒューブライン,0.10707097654358985
tr-364,ケンタッキーフライドチキンの歴史,4,店舗,0.1000666748824595
tr-364,ケンタッキーフライドチキンの歴史,5,フライドチキン,0.09521428175363954
tr-364,ケンタッキーフライドチキンの歴史,6,ブラウン,0.08683347449563915
tr-364,ケンタッキーフライドチキンの歴史,7,フランチャイズ,0.07851871613196588
tr-364,ケンタッキーフライドチキンの歴史,8,経営,0.07828215131250314
tr-364,ケンタッキーフライドチキンの歴史,9,ケンタッキー,0.07651672405906981
tr-364,ケンタッキーフライドチキンの歴史,10,チェーン,0.06960253771931973
tr-364,ケンタッキーフライドチキンの歴史,11,加盟,0.06841778025578697
tr-364,ケンタッキーフライドチキンの歴史,12,会社,0.06254922301543618
tr-364,ケンタッキーフライドチキンの歴史,13,マッシー,0.05710452082324792
tr-364,ケンタッキーフライドチキンの歴史,14,ハー,0.054720223580105344
tr-364,ケンタッキーフライドチキンの歴史,15,チキン,0.054408161002079736
tr-364,ケンタッキーフライドチキンの歴史,16,売却,0.0509005334656417
tr-364,ケンタッキーフライドチキンの歴史,17,買収,0.04690484904097643
tr-364,ケンタッキーフライドチキンの歴史,18,商品,0.045625586567150496
tr-364,ケンタッキーフライドチキンの歴史,19,調理,0.044499014881650714
tr-364,ケンタッキーフライドチキンの歴史,20,販売,0.04187643430523505
tr-365,庵野秀明,1,秀明,0.1260953350777666
tr-365,庵野秀明,2,アニメ,0.10151186414657921
tr-365,庵野秀明,3,安野,0.08826673455443662
tr-365,庵野秀明,4,漫画,0.08538184429597832
tr-365,庵野秀明,5,作品,0.08368655925286637
tr-365,庵野秀明,6,平成,0.0796134901243717
tr-365,庵野秀明,7,監督,0.07721692822214601
tr-365,庵野秀明,8,劇場,0.07042725701463995
tr-365,庵野秀明,9,宮崎,0.06240541781515094
tr-365,庵野秀明,10,ナディア,0.06007068436628296
tr-365,庵野秀明,11,シーン,0.05800084196388583
tr-365,庵野秀明,12,原画,0.050531161722154765
tr-365,庵野秀明,13,山賀,0.050438134031106634
tr-365,庵野秀明,14,ヱヴァンゲリヲン,0.050438134031106634
tr-365,庵野秀明,15,映画,0.04902446394988693
tr-365,庵野秀明,16,制作,0.04880099859532769
tr-365,庵野秀明,17,時空,0.04805654749302637
tr-365,庵野秀明,18,映像,0.04269092214798916
tr-365,庵野秀明,19,アニメーション,0.04042492937772381
tr-365,庵野秀明,20,参加,0.040186799263725856
tr-366,イヴァン4世,1,イヴァン,0.37855903935457985
tr-366,イヴァン4世,2,ツァーリ,0.17931743969427466
tr-366,イヴァン4世,3,貴族,0.17914707554149206
tr-366,イヴァン4世,4,モスクワ,0.11020661226341179
tr-366,イヴァン4世,5,大公,0.10880732060639128
tr-366,イヴァン4世,6,エレナ,0.10251876802903843
tr-366,イヴァン4世,7,グリンスキー,0.0892165435719055
tr-366,イヴァン4世,8,主教,0.08535310776952779
tr-366,イヴァン4世,9,戴冠,0.08037918241555239
tr-366,イヴァン4世,10,士族,0.07481348527455599
tr-366,イヴァン4世,11,ヴァシーリー,0.06691240767892913
tr-366,イヴァン4世,12,マカリー,0.06691240767892913
tr-366,イヴァン4世,13,ロシア,0.05935986101355216
tr-366,イヴァン4世,14,政治,0.052175965070791745
tr-366,イヴァン4世,15,教会,0.047487888810841726
tr-366,イヴァン4世,16,会議,0.04545417891862255
tr-366,イヴァン4世,17,専横,0.04460827178595275
tr-366,イヴァン4世,18,クリコヴォ,0.04460827178595275
tr-366,イヴァン4世,19,シュイスキー,0.04460827178595275
tr-366,イヴァン4世,20,権力,0.03943427372088111
tr-367,広島タクシー運転手連続殺人事件,1,タクシー,0.23390761352386807
tr-367,広島タクシー運転手連続殺人事件,2,遺体,0.13502410161899084
tr-367,広島タクシー運転手連続殺人事件,3,広島,0.1320114335647417
tr-367,広島タクシー運転手連続殺人事件,4,被害,0.12900140329578497
tr-367,広島タクシー運転手連続殺人事件,5,遺棄,0.10132046081347047
tr-367,広島タクシー運転手連続殺人事件,6,事件,0.08173042570586876
tr-367,広島タクシー運転手連続殺人事件,7,ネクタイ,0.08146486210769824
tr-367,広島タクシー運転手連続殺人事件,8,借金,0.07932741764891836
tr-367,広島タクシー運転手連続殺人事件,9,殺害,0.07621564508771297
tr-367,広島タクシー運転手連続殺人事件,10,捜査,0.05837003615295844
tr-367,広島タクシー運転手連続殺人事件,11,運転,0.05023874757072408
tr-367,広島タクシー運転手連続殺人事件,12,女性,0.05001229082719762
tr-367,広島タクシー運転手連続殺人事件,13,現場,0.04914478748722825
tr-367,広島タクシー運転手連続殺人事件,14,現金,0.046160035284022495
tr-367,広島タクシー運転手連続殺人事件,15,返済,0.04539891700785656
tr-367,広島タクシー運転手連続殺人事件,16,宮崎,0.04385767753572527
tr-367,広島タクシー運転手連続殺人事件,17,座席,0.043786940888971664
tr-367,広島タクシー運転手連続殺人事件,18,殺人,0.04296826101575286
tr-367,広島タクシー運転手連続殺人事件,19,売春,0.04261513452976767
tr-367,広島タクシー運転手連続殺人事件,20,警察,0.037110147998710236
tr-368,ピョートル1世,1,ピョートル,0.46814933716804435
tr-368,ピョートル1世,2,スウェーデン,0.24582970644129787
tr-368,ピョートル1世,3,ロシア,0.17523486126684407
tr-368,ピョートル1世,4,バルト海,0.10855164296434265
tr-368,ピョートル1世,5,同盟,0.10570140017344141
tr-368,ピョートル1世,6,ソフィア,0.09202297709490113
tr-368,ピョートル1世,7,使節,0.09056424259922724
tr-368,ピョートル1世,8,異母,0.08487133763246761
tr-368,ピョートル1世,9,カール,0.08231797307205684
tr-368,ピョートル1世,10,モスクワ,0.058096137455153185
tr-368,ピョートル1世,11,后妃,0.05486959948112399
tr-368,ピョートル1世,12,フョードル,0.05486959948112399
tr-368,ピョートル1世,13,ストレリツィ,0.05486959948112399
tr-368,ピョートル1世,14,ナルイシキン,0.05486959948112399
tr-368,ピョートル1世,15,在位,0.05289814105746601
tr-368,ピョートル1世,16,ポーランド,0.052462399452896456
tr-368,ピョートル1世,17,イヴァン,0.049014706625698075
tr-368,ピョートル1世,18,アウグスト,0.049014706625698075
tr-368,ピョートル1世,19,締結,0.047190389833861895
tr-368,ピョートル1世,20,戦争,0.046910769382375594
tr-369,ジョージ・グレンヴィル,1,グレンヴィル,0.39469725691179797
tr-369,ジョージ・グレンヴィル,2,内閣,0.18831808264726352
tr-369,ジョージ・グレンヴィル,3,ジョージ,0.12579360643266227
tr-369,ジョージ・グレンヴィル,4,国王,0.12579360643266227
tr-369,ジョージ・グレンヴィル,5,ピット,0.1173605231831007
tr-369,ジョージ・グレンヴィル,6,ウォルポール,0.10958287981316785
tr-369,ジョージ・グレンヴィル,7,ホイッグ,0.10118592745742329
tr-369,ジョージ・グレンヴィル,8,伯爵,0.0998457150936056
tr-369,ジョージ・グレンヴィル,9,インナー・テンプル,0.09200456055852756
tr-369,ジョージ・グレンヴィル,10,ビュート,0.08766029154308293
tr-369,ジョージ・グレンヴィル,11,テンプル,0.08766029154308293
tr-369,ジョージ・グレンヴィル,12,庶民,0.0795238204664506
tr-369,ジョージ・グレンヴィル,13,バッキンガム,0.07715140668938586
tr-369,ジョージ・グレンヴィル,14,首相,0.07167942317592192
tr-369,ジョージ・グレンヴィル,15,海軍,0.06979700492404872
tr-369,ジョージ・グレンヴィル,16,閣僚,0.066811254231776
tr-369,ジョージ・グレンヴィル,17,摂政,0.06494318222665338
tr-369,ジョージ・グレンヴィル,18,リチャード,0.06411859964305201
tr-369,ジョージ・グレンヴィル,19,ウィルクス,0.05844019436205528
tr-369,ジョージ・グレンヴィル,20,ウィリアム・グレンヴィル,0.05844019436205528
tr-370,アメリカ=メキシコ国境,1,国境,0.24768453431086565
tr-370,アメリカ=メキシコ国境,2,不法,0.20798844426225402
tr-370,アメリカ=メキシコ国境,3,メキシコ,0.19196649326441115
tr-370,アメリカ=メキシコ国境,4,フェンス,0.1313611226919499
tr-370,アメリカ=メキシコ国境,5,入国,0.10571664062715867
tr-370,アメリカ=メキシコ国境,6,警備,0.09495679301012398
tr-370,アメリカ=メキシコ国境,7,移民,0.08813489766149961
tr-370,アメリカ=メキシコ国境,8,アメリカ,0.07558493472996815
tr-370,アメリカ=メキシコ国境,9,境界,0.06966127527493096
tr-370,アメリカ=メキシコ国境,10,アメリカ合衆国,0.06454346927991923
tr-370,アメリカ=メキシコ国境,11,国境警備隊,0.05891003834504447
tr-370,アメリカ=メキシコ国境,12,州兵,0.057244787962102604
tr-370,アメリカ=メキシコ国境,13,砂漠,0.05542564518803762
tr-370,アメリカ=メキシコ国境,14,密輸,0.05373729819161204
tr-370,アメリカ=メキシコ国境,15,テキサス,0.05136077781013044
tr-370,アメリカ=メキシコ国境,16,カリフォルニア,0.04985075312822276
tr-370,アメリカ=メキシコ国境,17,上院,0.0481121354873107
tr-370,アメリカ=メキシコ国境,18,法案,0.045856308085273884
tr-370,アメリカ=メキシコ国境,19,反対,0.04276115799194875
tr-370,アメリカ=メキシコ国境,20,知事,0.0421093532808169
tr-371,白血病,1,白血病,0.7760881843166074
tr-371,白血病,2,細胞,0.48287915935709746
tr-371,白血病,3,骨髄,0.33694667231502534
tr-371,白血病,4,血液,0.1611966887385315
tr-371,白血病,5,急性,0.13595463279701459
tr-371,白血病,6,白血球,0.11821210754491372
tr-371,白血病,7,造血,0.11792324737436001
tr-371,白血病,8,正常,0.11308099729801882
tr-371,白血病,9,慢性,0.11214631974663578
tr-371,白血病,10,リンパ,0.10529583509844544
tr-371,白血病,11,症状,0.10267731869816878
tr-371,白血病,12,遺伝子,0.08688080812921972
tr-371,白血病,13,異常,0.08598154820276345
tr-371,白血病,14,検査,0.07641273071587566
tr-371,白血病,15,血小板,0.05959738951310607
tr-371,白血病,16,末梢,0.05653622534756743
tr-371,白血病,17,移植,0.05060874632884036
tr-371,白血病,18,臍帯,0.05053853458901143
tr-371,白血病,19,浸潤,0.04714944306819989
tr-371,白血病,20,増殖,0.04707816587368339
tr-372,ラーンナー,1,ラーンナー,0.5690241897997287
tr-372,ラーンナー,2,チエンマイ,0.18105315129991364
tr-372,ラーンナー,3,マンラーイ,0.18105315129991364
tr-372,ラーンナー,4,ティローカラート,0.12932367949993834
tr-372,ラーンナー,5,ケートクラオ,0.12932367949993834
tr-372,ラーンナー,6,王朝,0.1119567262067051
tr-372,ラーンナー,7,侵攻,0.10435705757074286
tr-372,ラーンナー,8,王位,0.0970159607336332
tr-372,ラーンナー,9,アユタヤ,0.09510777274983084
tr-372,ラーンナー,10,遷都,0.08406812537785306
tr-372,ラーンナー,11,地域,0.08246521312945519
tr-372,ラーンナー,12,王国,0.08002787774884758
tr-372,ラーンナー,13,ピッサヌローク,0.077594207699963
tr-372,ラーンナー,14,国主,0.077594207699963
tr-372,ラーンナー,15,ラーンサーン,0.077594207699963
tr-372,ラーンナー,16,官吏,0.07633494602637843
tr-372,ラーンナー,17,支配,0.07532985019878266
tr-372,ラーンナー,18,スコータイ,0.0739303663616362
tr-372,ラーンナー,19,仏教,0.07005426019947138
tr-372,ラーンナー,20,プレー,0.06931447217097966
tr-373,軍服(ドイツ国防軍陸軍),1,野戦,0.17250473860861443
tr-373,軍服(ドイツ国防軍陸軍),2,将校,0.16965009044335463
tr-373,軍服(ドイツ国防軍陸軍),3,下士官,0.13468135547487628
tr-373,軍服(ドイツ国防軍陸軍),4,制帽,0.12617162439025964
tr-373,軍服(ドイツ国防軍陸軍),5,ボタン,0.12054003938163563
tr-373,軍服(ドイツ国防軍陸軍),6,将官,0.09944859447175994
tr-373,軍服(ドイツ国防軍陸軍),7,グレー,0.09061255006204764
tr-373,軍服(ドイツ国防軍陸軍),8,着用,0.08497486995231392
tr-373,軍服(ドイツ国防軍陸軍),9,礼服,0.08485698057757379
tr-373,軍服(ドイツ国防軍陸軍),10,迷彩,0.08485698057757379
tr-373,軍服(ドイツ国防軍陸軍),11,支給,0.08358288014649481
tr-373,軍服(ドイツ国防軍陸軍),12,兵士,0.08216758360108566
tr-373,軍服(ドイツ国防軍陸軍),13,シャツ,0.07766790005318369
tr-373,軍服(ドイツ国防軍陸軍),14,ベルト,0.07665873382933504
tr-373,軍服(ドイツ国防軍陸軍),15,肩章,0.07421860258250568
tr-373,軍服(ドイツ国防軍陸軍),16,軍服,0.06973001110916673
tr-373,軍服(ドイツ国防軍陸軍),17,襟章,0.0667967423242551
tr-373,軍服(ドイツ国防軍陸軍),18,シュタールヘルム,0.0667967423242551
tr-373,軍服(ドイツ国防軍陸軍),19,ポケット,0.06472325004431975
tr-373,軍服(ドイツ国防軍陸軍),20,ガスマスク,0.05937488206600453
tr-374,雨氷,1,雨氷,0.5572744277684658
tr-374,雨氷,2,付着,0.14786335337770268
tr-374,雨氷,3,凍結,0.1278005289734004
tr-374,雨氷,4,発生,0.12342945685286164
tr-374,雨氷,5,冷却,0.10800328617713105
tr-374,雨氷,6,被害,0.10172097226619113
tr-374,雨氷,7,樹氷,0.10132262323063015
tr-374,雨氷,8,気温,0.09431850939423757
tr-374,雨氷,9,霧雨,0.08443551935885846
tr-374,雨氷,10,逆転,0.0741534775905824
tr-374,雨氷,11,物体,0.07183186220958358
tr-374,雨氷,12,暖気,0.06754841548708677
tr-374,雨氷,13,注意報,0.06435891611160464
tr-374,雨氷,14,透明,0.06179456465881866
tr-374,雨氷,15,樹木,0.056576981069220135
tr-374,雨氷,16,寒気,0.0515431270510271
tr-374,雨氷,17,気象,0.050919282962298126
tr-374,雨氷,18,冷気,0.05066131161531508
tr-374,雨氷,19,表面,0.0471150750208821
tr-374,雨氷,20,気泡,0.044179823186594656
tr-375,ウィリアム・グラッドストン,1,グラッドストン,0.21637013093978408
tr-375,ウィリアム・グラッドストン,2,選挙,0.16273689122394483
tr-375,ウィリアム・グラッドストン,3,保守党,0.13414948118266612
tr-375,ウィリアム・グラッドストン,4,内閣,0.10457085839307181
tr-375,ウィリアム・グラッドストン,5,国教,0.095128556016119
tr-375,ウィリアム・グラッドストン,6,アイルランド,0.08028847258632033
tr-375,ウィリアム・グラッドストン,7,ピール,0.078367564289465
tr-375,ウィリアム・グラッドストン,8,自由党,0.06709283083040196
tr-375,ウィリアム・グラッドストン,9,英語,0.06668473474553958
tr-375,ウィリアム・グラッドストン,10,伯爵,0.057123269692976285
tr-375,ウィリアム・グラッドストン,11,教育,0.056041667662127946
tr-375,ウィリアム・グラッドストン,12,政権,0.05372899152415677
tr-375,ウィリアム・グラッドストン,13,庶民,0.05352564839088021
tr-375,ウィリアム・グラッドストン,14,ホイッグ,0.05107943453379542
tr-375,ウィリアム・グラッドストン,15,法案,0.04431306694778871
tr-375,ウィリアム・グラッドストン,16,商務,0.042566195444829515
tr-375,ウィリアム・グラッドストン,17,組閣,0.0413602417461387
tr-375,ウィリアム・グラッドストン,18,自由,0.04007934337499334
tr-375,ウィリアム・グラッドストン,19,子爵,0.03830957590034656
tr-375,ウィリアム・グラッドストン,20,義務,0.036639584550358956
tr-376,トゲウオ科,1,トミヨ,0.27940647458121165
tr-376,トゲウオ科,2,トゲウオ,0.26077937627579756
tr-376,トゲウオ科,3,イトヨ,0.19522320893181158
tr-376,トゲウオ科,4,淡水,0.12752802858337733
tr-376,トゲウオ科,5,行動,0.10219804659763357
tr-376,トゲウオ科,6,海藻,0.08740073937389561
tr-376,トゲウオ科,7,魚類,0.08650117988351015
tr-376,トゲウオ科,8,個体,0.0782467154016818
tr-376,トゲウオ科,9,背鰭,0.07370209164390293
tr-376,トゲウオ科,10,分布,0.07327818963495965
tr-376,トゲウオ科,11,繁殖,0.06862784790616111
tr-376,トゲウオ科,12,北海道,0.06816297047533144
tr-376,トゲウオ科,13,生息,0.06494290748209273
tr-376,トゲウオ科,14,汽水,0.06363843254056865
tr-376,トゲウオ科,15,水底,0.06363843254056865
tr-376,トゲウオ科,16,回遊,0.06054363910075318
tr-376,トゲウオ科,17,新鮮,0.0564655165042609
tr-376,トゲウオ科,18,ファニング,0.05588129491624233
tr-376,トゲウオ科,19,ウミトゲウオ,0.05588129491624233
tr-376,トゲウオ科,20,産卵,0.05370236048587882
tr-377,喉鳴らし,1,呼気,0.18795107471990377
tr-377,喉鳴らし,2,喉頭,0.15938234826015077
tr-377,喉鳴らし,3,吸気,0.13669169070538456
tr-377,喉鳴らし,4,振動,0.1295325245314182
tr-377,喉鳴らし,5,動物,0.12938399900218872
tr-377,喉鳴らし,6,筋肉,0.11970283019662403
tr-377,喉鳴らし,7,仮説,0.11452679450052652
tr-377,喉鳴らし,8,ヒョウ,0.11112620227728086
tr-377,喉鳴らし,9,チーター,0.09293389955406824
tr-377,喉鳴らし,10,周波数,0.08721156028434172
tr-377,喉鳴らし,11,子猫,0.08543230669086535
tr-377,喉鳴らし,12,発声,0.0766560056495631
tr-377,喉鳴らし,13,横隔膜,0.07434711964325459
tr-377,喉鳴らし,14,収縮,0.061324804519650486
tr-377,喉鳴らし,15,治癒,0.06041259226287276
tr-377,喉鳴らし,16,声帯,0.05576033973244095
tr-377,喉鳴らし,17,擬声語,0.05125938401451922
tr-377,喉鳴らし,18,靭帯,0.05125938401451922
tr-377,喉鳴らし,19,神経,0.0498171339804302
tr-377,喉鳴らし,20,周波,0.048626493702128536
tr-378,南硫黄島原生自然環境保全地域,1,南硫黄島,0.6217787883274474
tr-378,南硫黄島原生自然環境保全地域,2,調査,0.19736423791656824
tr-378,南硫黄島原生自然環境保全地域,3,植物,0.11458239612491512
tr-378,南硫黄島原生自然環境保全地域,4,確認,0.10492349001703
tr-378,南硫黄島原生自然環境保全地域,5,繁殖,0.10449357024939622
tr-378,南硫黄島原生自然環境保全地域,6,小笠原,0.08769971326511146
tr-378,南硫黄島原生自然環境保全地域,7,北硫黄島,0.0785404785255723
tr-378,南硫黄島原生自然環境保全地域,8,オガサワラオオコウモリ,0.06545039877131026
tr-378,南硫黄島原生自然環境保全地域,9,火山,0.05617468035613653
tr-378,南硫黄島原生自然環境保全地域,10,ウミツバメ,0.05612396714648602
tr-378,南硫黄島原生自然環境保全地域,11,山頂,0.055439301900801666
tr-378,南硫黄島原生自然環境保全地域,12,標高,0.05354103255518559
tr-378,南硫黄島原生自然環境保全地域,13,生息,0.05324460427965277
tr-378,南硫黄島原生自然環境保全地域,14,小笠原諸島,0.052619827959066875
tr-378,南硫黄島原生自然環境保全地域,15,火山列島,0.052360319017048206
tr-378,南硫黄島原生自然環境保全地域,16,シロハラミズナギドリ,0.052360319017048206
tr-378,南硫黄島原生自然環境保全地域,17,群落,0.05136914654813274
tr-378,南硫黄島原生自然環境保全地域,18,活動,0.05063404879839645
tr-378,南硫黄島原生自然環境保全地域,19,群島,0.04858775480043954
tr-378,南硫黄島原生自然環境保全地域,20,自然,0.046416352983355856
tr-379,ハンセン病,1,ハンセン病,0.2437554067677431
tr-379,ハンセン病,2,患者,0.21695436018969094
tr-379,ハンセン病,3,感染,0.16518050355219835
tr-379,ハンセン病,4,治療,0.13022188173009416
tr-379,ハンセン病,5,隔離,0.09013568196466623
tr-379,ハンセン病,6,大風子,0.08244623348917782
tr-379,ハンセン病,7,分類,0.06108325736320107
tr-379,ハンセン病,8,流行,0.05051777313557441
tr-379,ハンセン病,9,政策,0.04594933995100532
tr-379,ハンセン病,10,ハンセン,0.03805210776423592
tr-379,ハンセン病,11,登録,0.034752795574981295
tr-379,ハンセン病,12,強制,0.0341461912530863
tr-379,ハンセン病,13,新規,0.03137339784817565
tr-379,ハンセン病,14,救済,0.0313364444028165
tr-379,ハンセン病,15,ノルウェー,0.03093856605130033
tr-379,ハンセン病,16,伝染,0.029429167665024777
tr-379,ハンセン病,17,発見,0.028344326357710902
tr-379,ハンセン病,18,世紀,0.028330490990168954
tr-379,ハンセン病,19,結核,0.026859809488128432
tr-379,ハンセン病,20,注射,0.02541486051165982
tr-380,バヤズィト2世,1,ジェム,0.5308689411514945
tr-380,バヤズィト2世,2,バヤズィト,0.30129561596320453
tr-380,バヤズィト2世,3,マムルーク,0.2703440809931157
tr-380,バヤズィト2世,4,メフメト,0.20494508056661162
tr-380,バヤズィト2世,5,イェニチェリ,0.11432793939126404
tr-380,バヤズィト2世,6,オスマン,0.10623411131014393
tr-380,バヤズィト2世,7,騎士,0.0874029227155181
tr-380,バヤズィト2世,8,亡命,0.08290216637627162
tr-380,バヤズィト2世,9,ベオグラード,0.0811032242979347
tr-380,バヤズィト2世,10,ヨハネ,0.07780915476604408
tr-380,バヤズィト2世,11,帝国,0.07747869607399858
tr-380,バヤズィト2世,12,提案,0.06748743656479661
tr-380,バヤズィト2世,13,アッダウラ,0.06555032304424355
tr-380,バヤズィト2世,14,ベイリク,0.06245516954723465
tr-380,バヤズィト2世,15,マーチャーシュ,0.06245516954723465
tr-380,バヤズィト2世,16,ムスタファ,0.06025912319264091
tr-380,バヤズィト2世,17,ロドス,0.06025912319264091
tr-380,バヤズィト2世,18,イスタンブール,0.05716396969563202
tr-380,バヤズィト2世,19,贈物,0.05716396969563202
tr-380,バヤズィト2世,20,皇帝,0.05411865581399209
tr-381,石油タンカー,1,タンカー,0.44591138175619194
tr-381,石油タンカー,2,石油,0.27328487799838647
tr-381,石油タンカー,3,輸送,0.10057128585213754
tr-381,石油タンカー,4,ノーベル,0.08251421442613797
tr-381,石油タンカー,5,載貨,0.0746119578283172
tr-381,石油タンカー,6,設計,0.07192411505537248
tr-381,石油タンカー,7,建造,0.06797681174054862
tr-381,石油タンカー,8,タンク,0.06013331882493674
tr-381,石油タンカー,9,重量,0.057738201406382895
tr-381,石油タンカー,10,運河,0.05284839362232433
tr-381,石油タンカー,11,スエズ,0.05077724114853923
tr-381,石油タンカー,12,会社,0.04741443937465011
tr-381,石油タンカー,13,船倉,0.04476717469699032
tr-381,石油タンカー,14,灯油,0.04476717469699032
tr-381,石油タンカー,15,補給,0.04266656589511882
tr-381,石油タンカー,16,油田,0.041593550190740285
tr-381,石油タンカー,17,シェル,0.04083628331385263
tr-381,石油タンカー,18,ルードヴィヒ,0.03866553502215378
tr-381,石油タンカー,19,ロングトン,0.03866553502215378
tr-381,石油タンカー,20,原油,0.03853685926030917
tr-382,中川イセ,1,中川,0.41371290836147384
tr-382,中川イセ,2,網走,0.3658512898291176
tr-382,中川イセ,3,牧場,0.09470491507651466
tr-382,中川イセ,4,柔道,0.06836721556971256
tr-382,中川イセ,5,道場,0.06536835428075345
tr-382,中川イセ,6,遊女,0.06218943321178079
tr-382,中川イセ,7,流氷,0.06122703970620966
tr-382,中川イセ,8,馬喰,0.0583360228926042
tr-382,中川イセ,9,武術,0.056284813819864235
tr-382,中川イセ,10,財団,0.051822670201034975
tr-382,中川イセ,11,監獄,0.047880856626697416
tr-382,中川イセ,12,死去,0.04647877610935998
tr-382,中川イセ,13,山形,0.045968100929052645
tr-382,中川イセ,14,テレビ,0.04399673865866458
tr-382,中川イセ,15,遊郭,0.04375201716945315
tr-382,中川イセ,16,天童,0.04375201716945315
tr-382,中川イセ,17,ドラマ,0.04266953749270246
tr-382,中川イセ,18,理事,0.04241023165191191
tr-382,中川イセ,19,息子,0.039192848277802846
tr-382,中川イセ,20,女性,0.03599369415593768
tr-383,三沢光晴,1,三沢,0.556934779691494
tr-383,三沢光晴,2,プロレス,0.24260448784247898
tr-383,三沢光晴,3,全日本,0.21002804983493792
tr-383,三沢光晴,4,馬場,0.15105969644343034
tr-383,三沢光晴,5,レスラー,0.11414335393082492
tr-383,三沢光晴,6,試合,0.110131501884683
tr-383,三沢光晴,7,タイガー,0.10980697568190644
tr-383,三沢光晴,8,マスク,0.10701923936137736
tr-383,三沢光晴,9,鶴田,0.08071518546253538
tr-383,三沢光晴,10,元子,0.07902232195210956
tr-383,三沢光晴,11,川田,0.07264366691628184
tr-383,三沢光晴,12,レスリング,0.06692537595654593
tr-383,三沢光晴,13,ヘビー,0.05855970396197769
tr-383,三沢光晴,14,タッグ,0.05650062982377476
tr-383,三沢光晴,15,世代,0.05410281649071141
tr-383,三沢光晴,16,退団,0.05153945368479764
tr-383,三沢光晴,17,マッチ,0.050696425822226394
tr-383,三沢光晴,18,光晴,0.05019403196740945
tr-383,三沢光晴,19,天龍,0.05019403196740945
tr-383,三沢光晴,20,プロレスラー,0.0439012899733942
tr-384,大クロアチア,1,クロアチア,1.3572244161953784
tr-384,大クロアチア,2,民族,0.19991413143636527
tr-384,大クロアチア,3,主義,0.19825513498697916
tr-384,大クロアチア,4,権利,0.15151891599340547
tr-384,大クロアチア,5,世紀,0.12528955296904334
tr-384,大クロアチア,6,ハンガリー,0.1013650300532239
tr-384,大クロアチア,7,ボスニア・ヘルツェゴビナ,0.09186588726852395
tr-384,大クロアチア,8,ダルマチア,0.08968239557039276
tr-384,大クロアチア,9,ユーゴスラビア,0.08242328415038898
tr-384,大クロアチア,10,アルバニア,0.08242328415038898
tr-384,大クロアチア,11,支持,0.07599491303184992
tr-384,大クロアチア,12,帝国,0.07293204205288968
tr-384,大クロアチア,13,主張,0.0720787067118417
tr-384,大クロアチア,14,純粋,0.06726560303264915
tr-384,大クロアチア,15,トルコ,0.06696239575140017
tr-384,大クロアチア,16,地方,0.0660740241642422
tr-384,大クロアチア,17,歴史,0.0660078580789195
tr-384,大クロアチア,18,概念,0.06555182047407822
tr-384,大クロアチア,19,併合,0.06336832877594702
tr-384,大クロアチア,20,領土,0.05959490306768479
tr-385,エアバスA340,1,航空,0.1688823220443917
tr-385,エアバスA340,2,エアバス,0.14235015367951803
tr-385,エアバスA340,3,双発,0.1300350726777307
tr-385,エアバスA340,4,主翼,0.11398116980019858
tr-385,エアバスA340,5,エンジン,0.1055509900667646
tr-385,エアバスA340,6,開発,0.0965777681369749
tr-385,エアバスA340,7,長距離,0.07079420574443243
tr-385,エアバスA340,8,機体,0.06036787141640136
tr-385,エアバスA340,9,胴体,0.059964026458245494
tr-385,エアバスA340,10,設計,0.0553530723984657
tr-385,エアバスA340,11,共通,0.052963299785468994
tr-385,エアバスA340,12,路線,0.05006494767531485
tr-385,エアバスA340,13,性能,0.050048996883994355
tr-385,エアバスA340,14,飛行,0.04868127076109212
tr-385,エアバスA340,15,就航,0.04559167976161608
tr-385,エアバスA340,16,ワイド,0.04539056373657035
tr-385,エアバスA340,17,ボディ,0.044816704696243034
tr-385,エアバスA340,18,会社,0.04480201972787425
tr-385,エアバスA340,19,操縦,0.04440199810400964
tr-385,エアバスA340,20,航続,0.042142573727681355
tr-386,ヨークシャー,1,ヨーク,0.4025747916696845
tr-386,ヨークシャー,2,地方,0.20642514011855936
tr-386,ヨークシャー,3,ウーズ,0.19715262976827336
tr-386,ヨークシャー,4,ハンバー,0.12048216263616704
tr-386,ヨークシャー,5,ナイン,0.10435748993224159
tr-386,ヨークシャー,6,山脈,0.09321065158588268
tr-386,ヨークシャー,7,ヨークシャー,0.0859646942234058
tr-386,ヨークシャー,8,スウェイル,0.07667046713210629
tr-386,ヨークシャー,9,デイル,0.06571754325609111
tr-386,ヨークシャー,10,ライディング,0.05476461938007593
tr-386,ヨークシャー,11,ニッド,0.05476461938007593
tr-386,ヨークシャー,12,イングランド,0.054377507967085945
tr-386,ヨークシャー,13,ムーア,0.053400416375217884
tr-386,ヨークシャー,14,地域,0.05238223997253659
tr-386,ヨークシャー,15,山塊,0.0503440378714028
tr-386,ヨークシャー,16,流域,0.047410246301819
tr-386,ヨークシャー,17,石灰岩,0.04517228904349255
tr-386,ヨークシャー,18,標高,0.0447996394849512
tr-386,ヨークシャー,19,北海,0.04389250144488188
tr-386,ヨークシャー,20,ダーウェント,0.043811695504060735
tr-387,中島敦,1,中島,0.14239332882532715
tr-387,中島敦,2,作品,0.06176315422297754
tr-387,中島敦,3,中学,0.0581448285921939
tr-387,中島敦,4,教員,0.04983842450759477
tr-387,中島敦,5,釘本,0.04737706106921878
tr-387,中島敦,6,文學界,0.04737706106921878
tr-387,中島敦,7,時代,0.047227521507782894
tr-387,中島敦,8,小学校,0.04626375435498755
tr-387,中島敦,9,掲載,0.04404439227093144
tr-387,中島敦,10,湯浅,0.04355280076268115
tr-387,中島敦,11,出版,0.04283085088314595
tr-387,中島敦,12,第一高等学校,0.04232166392784413
tr-387,中島敦,13,氷上,0.04131575189036024
tr-387,中島敦,14,朝鮮,0.040318981343935884
tr-387,中島敦,15,卒業,0.03974816015071153
tr-387,中島敦,16,喘息,0.03972854045614352
tr-387,中島敦,17,東京,0.03935673060131501
tr-387,中島敦,18,文学,0.03885742361946437
tr-387,中島敦,19,継母,0.037971554353420575
tr-387,中島敦,20,横浜,0.0373037137134342
tr-388,ヒョウモンチョウ族,1,後翅,0.2877508889896335
tr-388,ヒョウモンチョウ族,2,前翅,0.2741638747849507
tr-388,ヒョウモンチョウ族,3,分布,0.24682693807754486
tr-388,ヒョウモンチョウ族,4,ヒョウモンチョウ,0.22717175446550014
tr-388,ヒョウモンチョウ族,5,裏側,0.15998149432575565
tr-388,ヒョウモンチョウ族,6,種類,0.10712585374682827
tr-388,ヒョウモンチョウ族,7,北海道,0.10160329902422274
tr-388,ヒョウモンチョウ族,8,幼虫,0.09370274666300657
tr-388,ヒョウモンチョウ族,9,和名,0.09331812885228087
tr-388,ヒョウモンチョウ族,10,成虫,0.08889874021822239
tr-388,ヒョウモンチョウ族,11,外縁,0.08614388156002227
tr-388,ヒョウモンチョウ族,12,つけ根,0.08353381098662391
tr-388,ヒョウモンチョウ族,13,区別,0.07942179968793324
tr-388,ヒョウモンチョウ族,14,チョウ,0.07761195079683107
tr-388,ヒョウモンチョウ族,15,タテハチョウ,0.07572391815516671
tr-388,ヒョウモンチョウ族,16,表側,0.07572391815516671
tr-388,ヒョウモンチョウ族,17,九州,0.07491989539052879
tr-388,ヒョウモンチョウ族,18,前後,0.062479142651657604
tr-388,ヒョウモンチョウ族,19,ツマグロヒョウモン,0.06057913452413337
tr-388,ヒョウモンチョウ族,20,アサヒヒョウモン,0.06057913452413337
tr-389,ウナギ科,1,ウナギ,0.5236694147348776
tr-389,ウナギ科,2,産卵,0.15141766473388463
tr-389,ウナギ科,3,ニホンウナギ,0.13761146684642986
tr-389,ウナギ科,4,魚類,0.09581640087140235
tr-389,ウナギ科,5,漁獲,0.08581262011420772
tr-389,ウナギ科,6,分布,0.0664113605931515
tr-389,ウナギ科,7,養殖,0.05862263982990537
tr-389,ウナギ科,8,生息,0.053407431815676164
tr-389,ウナギ科,9,回遊,0.05334598170001379
tr-389,ウナギ科,10,レプトケファルス,0.05252044231679453
tr-389,ウナギ科,11,マリアナ,0.04580110110169905
tr-389,ウナギ科,12,成熟,0.04494680518114445
tr-389,ウナギ科,13,成魚,0.04404157772278908
tr-389,ウナギ科,14,河口,0.043989900418499144
tr-389,ウナギ科,15,ニューギニア,0.043321192183606305
tr-389,ウナギ科,16,発達,0.04253072110288512
tr-389,ウナギ科,17,ヨーロッパ,0.04098533229438998
tr-389,ウナギ科,18,アメリカ,0.0387170537225372
tr-389,ウナギ科,19,シラス,0.03753040004902633
tr-389,ウナギ科,20,年代,0.0365996528000457
tr-390,サラエボ事件,1,セルビア,0.28708471193619645
tr-390,サラエボ事件,2,大公,0.17738478944411684
tr-390,サラエボ事件,3,サラエボ,0.14778056421034558
tr-390,サラエボ事件,4,オーストリア,0.13057725652937036
tr-390,サラエボ事件,5,暗殺,0.11954770379749989
tr-390,サラエボ事件,6,ハンガリー,0.09683180458022482
tr-390,サラエボ事件,7,ボスニア,0.0800940802684926
tr-390,サラエボ事件,8,爆弾,0.07468833239752289
tr-390,サラエボ事件,9,市庁舎,0.06862956408831983
tr-390,サラエボ事件,10,ポティオレク,0.06698199936658272
tr-390,サラエボ事件,11,ゾフィー,0.0638192450131649
tr-390,サラエボ事件,12,帝国,0.0633367187874809
tr-390,サラエボ事件,13,車両,0.0592989754813113
tr-390,サラエボ事件,14,夫妻,0.0577828208573183
tr-390,サラエボ事件,15,メフメドバシッチ,0.05358559949326618
tr-390,サラエボ事件,16,車列,0.05105539601053192
tr-390,サラエボ事件,17,フランツ,0.04942122090631365
tr-390,サラエボ事件,18,ボスニア・ヘルツェゴビナ,0.04786771661105616
tr-390,サラエボ事件,19,スピーチ,0.04576804586771006
tr-390,サラエボ事件,20,フェルディナント,0.04419978110464668
tr-391,ボンバルディアCRJ,1,航空,0.142123766568315
tr-391,ボンバルディアCRJ,2,胴体,0.11020661226341179
tr-391,ボンバルディアCRJ,3,ファミリー,0.1039500015357078
tr-391,ボンバルディアCRJ,4,機体,0.09927000609869317
tr-391,ボンバルディアCRJ,5,モデル,0.09045670062689587
tr-391,ボンバルディアCRJ,6,ボンバルディア,0.08074527986233421
tr-391,ボンバルディアCRJ,7,型式,0.07818047266547767
tr-391,ボンバルディアCRJ,8,客室,0.07216659015274861
tr-391,ボンバルディアCRJ,9,主翼,0.06615270764001956
tr-391,ボンバルディアCRJ,10,設計,0.06425193954003722
tr-391,ボンバルディアCRJ,11,証明,0.06078016696735344
tr-391,ボンバルディアCRJ,12,座席,0.058003480138637785
tr-391,ボンバルディアCRJ,13,チャレンジャー,0.05732807678566733
tr-391,ボンバルディアCRJ,14,飛行,0.05650754204134425
tr-391,ボンバルディアCRJ,15,運用,0.055697425818858684
tr-391,ボンバルディアCRJ,16,派生,0.05534671710898918
tr-391,ボンバルディアCRJ,17,エンジン,0.0532695448100626
tr-391,ボンバルディアCRJ,18,開発,0.05231526821378334
tr-391,ボンバルディアCRJ,19,標準,0.048288354016828614
tr-391,ボンバルディアCRJ,20,会社,0.04800428407500461
tr-392,帯広市図書館,1,帯広,0.29096143950392844
tr-392,帯広市図書館,2,図書館,0.27717714319163145
tr-392,帯広市図書館,3,資料,0.10165344107397206
tr-392,帯広市図書館,4,図書,0.07238368484658712
tr-392,帯広市図書館,5,文芸,0.07136311325100972
tr-392,帯広市図書館,6,中城,0.05897775103279739
tr-392,帯広市図書館,7,十勝,0.0573105865689556
tr-392,帯広市図書館,8,ボランティア,0.05187262423804303
tr-392,帯広市図書館,9,事業,0.0473040635107165
tr-392,帯広市図書館,10,寄付,0.04540065905448994
tr-392,帯広市図書館,11,市民,0.044735301121599194
tr-392,帯広市図書館,12,セット,0.044177165345863155
tr-392,帯広市図書館,13,取り組み,0.040545118053059964
tr-392,帯広市図書館,14,連携,0.03856110376028906
tr-392,帯広市図書館,15,昭和,0.037948946251568465
tr-392,帯広市図書館,16,ふみ子,0.03761667683074823
tr-392,帯広市図書館,17,発行,0.037071120292250126
tr-392,帯広市図書館,18,テーマ,0.03588070383069055
tr-392,帯広市図書館,19,叢書,0.03526805327320345
tr-392,帯広市図書館,20,アイヌ,0.035148273359833705
tr-393,ベンジャミン・ディズレーリ,1,ディズレーリ,0.5069914060613517
tr-393,ベンジャミン・ディズレーリ,2,選挙,0.13869100486383826
tr-393,ベンジャミン・ディズレーリ,3,保守党,0.1257604150354684
tr-393,ベンジャミン・ディズレーリ,4,ピール,0.0864315671765831
tr-393,ベンジャミン・ディズレーリ,5,英語,0.08103743247950392
tr-393,ベンジャミン・ディズレーリ,6,ユダヤ,0.07834296368023641
tr-393,ベンジャミン・ディズレーリ,7,アイザック,0.0475373619471207
tr-393,ベンジャミン・ディズレーリ,8,内閣,0.04753042311322483
tr-393,ベンジャミン・ディズレーリ,9,庶民,0.047042259994238375
tr-393,ベンジャミン・ディズレーリ,10,出馬,0.04652852434855761
tr-393,ベンジャミン・ディズレーリ,11,議員,0.04404092705066737
tr-393,ベンジャミン・ディズレーリ,12,小説,0.04118467818668954
tr-393,ベンジャミン・ディズレーリ,13,弁護士,0.04021206753248888
tr-393,ベンジャミン・ディズレーリ,14,ヴィヴィアン・グレイ,0.038702387915699854
tr-393,ベンジャミン・ディズレーリ,15,伯爵,0.03780074396783266
tr-393,ベンジャミン・ディズレーリ,16,ホイッグ,0.035913878477846016
tr-393,ベンジャミン・ディズレーリ,17,出版,0.03498858241158401
tr-393,ベンジャミン・ディズレーリ,18,政権,0.03446302578652511
tr-393,ベンジャミン・ディズレーリ,19,オコンネル,0.03386458942623737
tr-393,ベンジャミン・ディズレーリ,20,グラッドストン,0.03245430065431443
tr-394,ダライ・ラマ13世,1,チベット,0.5710977690570632
tr-394,ダライ・ラマ13世,2,ダライ,0.23688530534609395
tr-394,ダライ・ラマ13世,3,摂政,0.1672100323996593
tr-394,ダライ・ラマ13世,4,中華民国,0.12212094693137295
tr-394,ダライ・ラマ13世,5,ネパール,0.10328937972590062
tr-394,ダライ・ラマ13世,6,政府,0.07931383712461117
tr-394,ダライ・ラマ13世,7,朝食,0.07327256815882377
tr-394,ダライ・ラマ13世,8,実力,0.06402617633790553
tr-394,ダライ・ラマ13世,9,勢力,0.06065431140371696
tr-394,ダライ・ラマ13世,10,クンペラ,0.05922132633652349
tr-394,ダライ・ラマ13世,11,パンチェン・ラマ,0.05922132633652349
tr-394,ダライ・ラマ13世,12,多田,0.05642501524612235
tr-394,ダライ・ラマ13世,13,その後,0.05327455333625349
tr-394,ダライ・ラマ13世,14,占い,0.05058158172621059
tr-394,ダライ・ラマ13世,15,離宮,0.049660675570179405
tr-394,ダライ・ラマ13世,16,インド,0.04889340628712389
tr-394,ダライ・ラマ13世,17,外国,0.048057005287512555
tr-394,ダライ・ラマ13世,18,条約,0.04795705448497735
tr-394,ダライ・ラマ13世,19,閣議,0.047464442941775715
tr-394,ダライ・ラマ13世,20,中華人民共和国,0.04446224934689402
tr-395,レゲエ,1,レゲエ,0.4179744335894824
tr-395,レゲエ,2,ジャマイカ,0.20946265037348852
tr-395,レゲエ,3,音楽,0.08874928874230428
tr-395,レゲエ,4,歌詞,0.08072865712170696
tr-395,レゲエ,5,リズム,0.07858052421825004
tr-395,レゲエ,6,ドラム,0.07504045030684321
tr-395,レゲエ,7,ギター,0.06929036336758335
tr-395,レゲエ,8,アーティスト,0.06929036336758335
tr-395,レゲエ,9,ビート,0.06864300120205181
tr-395,レゲエ,10,同性愛,0.0682596626709307
tr-395,レゲエ,11,ラスタファリアン,0.06533657199083841
tr-395,レゲエ,12,大麻,0.06225151138566759
tr-395,レゲエ,13,楽曲,0.060546492841280226
tr-395,レゲエ,14,サウンド,0.05478868011275228
tr-395,レゲエ,15,パトワ,0.046668979993456004
tr-395,レゲエ,16,リディム,0.046668979993456004
tr-395,レゲエ,17,奏法,0.04446536527547685
tr-395,レゲエ,18,ディージェイ,0.04446536527547685
tr-395,レゲエ,19,ベース,0.042933231931963314
tr-395,レゲエ,20,演奏,0.042933231931963314
tr-396,ばら積み貨物船,1,ばら積み,0.6291189673736438
tr-396,ばら積み貨物船,2,貨物,0.5410993592169594
tr-396,ばら積み貨物船,3,輸送,0.13167777464511365
tr-396,ばら積み貨物船,4,積み荷,0.13100040660777182
tr-396,ばら積み貨物船,5,船倉,0.09736364971258774
tr-396,ばら積み貨物船,6,積み込み,0.09046136769820397
tr-396,ばら積み貨物船,7,載貨,0.08987413819623483
tr-396,ばら積み貨物船,8,船員,0.08191211404803386
tr-396,ばら積み貨物船,9,ハンディ,0.07332431771267851
tr-396,ばら積み貨物船,10,パーセント,0.07028233049248772
tr-396,ばら積み貨物船,11,サイズ,0.06896364382176934
tr-396,ばら積み貨物船,12,鉱石,0.06859021089259017
tr-396,ばら積み貨物船,13,重量,0.06278709852493598
tr-396,ばら積み貨物船,14,小型,0.06154377680901041
tr-396,ばら積み貨物船,15,建造,0.05848696136202259
tr-396,ばら積み貨物船,16,マックス,0.05683855810343677
tr-396,ばら積み貨物船,17,大型,0.0547141189446531
tr-396,ばら積み貨物船,18,作業,0.0538696394469235
tr-396,ばら積み貨物船,19,ケープ,0.05223790684294102
tr-396,ばら積み貨物船,20,船舶,0.04938670535199652
tr-397,ビラ・スタンモーア夜戦,1,村雨,0.17206959799113933
tr-397,ビラ・スタンモーア夜戦,2,ガラ島,0.15064780798160227
tr-397,ビラ・スタンモーア夜戦,3,コロン,0.13996811737214765
tr-397,ビラ・スタンモーア夜戦,4,部隊,0.12619441540688278
tr-397,ビラ・スタンモーア夜戦,5,駆逐,0.10918007277228339
tr-397,ビラ・スタンモーア夜戦,6,艦隊,0.10623411131014393
tr-397,ビラ・スタンモーア夜戦,7,夜戦,0.09038868478896137
tr-397,ビラ・スタンモーア夜戦,8,ムンダ,0.09038868478896137
tr-397,ビラ・スタンモーア夜戦,9,グランパス,0.09013169418583489
tr-397,ビラ・スタンモーア夜戦,10,水上,0.08238107653304168
tr-397,ビラ・スタンモーア夜戦,11,少将,0.07795667360250397
tr-397,ビラ・スタンモーア夜戦,12,ジョージア,0.0768926352125303
tr-397,ビラ・スタンモーア夜戦,13,ラバウル,0.07532390399080113
tr-397,ビラ・スタンモーア夜戦,14,任務,0.07372762535426719
tr-397,ビラ・スタンモーア夜戦,15,ガダルカナル,0.07319467163093273
tr-397,ビラ・スタンモーア夜戦,16,海戦,0.07086866846562062
tr-397,ビラ・スタンモーア夜戦,17,ソロモン,0.07048491561148611
tr-397,ビラ・スタンモーア夜戦,18,ニュー,0.06987235498864013
tr-397,ビラ・スタンモーア夜戦,19,諸島,0.06496512119253521
tr-397,ビラ・スタンモーア夜戦,20,ビラ・スタンモーア,0.05735653266371311
tr-398,ブレーメン,1,ブレーメン,0.6047181747402337
tr-398,ブレーメン,2,ブレーマーハーフェン,0.14422764876530592
tr-398,ブレーメン,3,ヴェーザー,0.14278453738411295
tr-398,ブレーメン,4,都市,0.09507530598193656
tr-398,ブレーメン,5,ドイツ,0.09358063024056029
tr-398,ブレーメン,6,ハノーファー,0.06405827448854963
tr-398,ブレーメン,7,ハンザ,0.059463578193191854
tr-398,ブレーメン,8,レーズム,0.05547217260204073
tr-398,ブレーメン,9,ゼナート,0.05547217260204073
tr-398,ブレーメン,10,人口,0.05087168280136535
tr-398,ブレーメン,11,同盟,0.042744881465487286
tr-398,ブレーメン,12,ハンブルク,0.04127821538410649
tr-398,ブレーメン,13,世紀,0.040549138267112865
tr-398,ブレーメン,14,大都市,0.038197310525641966
tr-398,ブレーメン,15,建設,0.03482720554626597
tr-398,ブレーメン,16,フェーゲザック,0.03328330356122444
tr-398,ブレーメン,17,帝国,0.03147196646726764
tr-398,ブレーメン,18,加盟,0.030382646603068192
tr-398,ブレーメン,19,位置,0.029231404362231574
tr-398,ブレーメン,20,市長,0.02817363360654654
tr-399,聖家族(ミケランジェロ),1,聖家族,0.3484617172844715
tr-399,聖家族(ミケランジェロ),2,マリア,0.27585089804895746
tr-399,聖家族(ミケランジェロ),3,ミケランジェロ,0.1921383097403975
tr-399,聖家族(ミケランジェロ),4,ヨセフ,0.1617857973106475
tr-399,聖家族(ミケランジェロ),5,キリスト,0.1604324255952794
tr-399,聖家族(ミケランジェロ),6,男性,0.13856318345001695
tr-399,聖家族(ミケランジェロ),7,洗礼,0.13632561432333207
tr-399,聖家族(ミケランジェロ),8,裸体,0.1129176291916173
tr-399,聖家族(ミケランジェロ),9,作品,0.10619356556124596
tr-399,聖家族(ミケランジェロ),10,彫刻,0.08623104836656166
tr-399,聖家族(ミケランジェロ),11,絵画,0.08465133832440726
tr-399,聖家族(ミケランジェロ),12,表現,0.0759579932803443
tr-399,聖家族(ミケランジェロ),13,フィレンツェ,0.07474812933680734
tr-399,聖家族(ミケランジェロ),14,ドーニ,0.07467036798952961
tr-399,聖家族(ミケランジェロ),15,ヨハネ,0.06893815934344195
tr-399,聖家族(ミケランジェロ),16,ヒソップ,0.06222530665794134
tr-399,聖家族(ミケランジェロ),17,システィーナ,0.059287153700635795
tr-399,聖家族(ミケランジェロ),18,聖母子,0.059287153700635795
tr-399,聖家族(ミケランジェロ),19,礼拝,0.05083697647713655
tr-399,聖家族(ミケランジェロ),20,コーン,0.049241542388172826
tr-400,第三次奴隷戦争,1,闘士,0.3472801583657106
tr-400,第三次奴隷戦争,2,奴隷,0.2894927595491217
tr-400,第三次奴隷戦争,3,ローマ,0.21092034067258775
tr-400,第三次奴隷戦争,4,スパルタ,0.139379492946541
tr-400,第三次奴隷戦争,5,紀元前,0.11299892055589869
tr-400,第三次奴隷戦争,6,トラキア,0.10786317140131418
tr-400,第三次奴隷戦争,7,戦争,0.10558891873249598
tr-400,第三次奴隷戦争,8,カプア,0.09690590604875496
tr-400,第三次奴隷戦争,9,養成,0.09113303502565769
tr-400,第三次奴隷戦争,10,イタリア,0.06553562066398898
tr-400,第三次奴隷戦争,11,反乱,0.05926398250825476
tr-400,第三次奴隷戦争,12,元老,0.05903260919087821
tr-400,第三次奴隷戦争,13,ミトリダテス,0.05811906814751882
tr-400,第三次奴隷戦争,14,カンパニア,0.0553748034564314
tr-400,第三次奴隷戦争,15,軍団,0.05360237326725389
tr-400,第三次奴隷戦争,16,逃亡,0.047095325149336224
tr-400,第三次奴隷戦争,17,脱走,0.04658100999362084
tr-400,第三次奴隷戦争,18,アッピアノス,0.04358930111063911
tr-400,第三次奴隷戦争,19,フロルス,0.04358930111063911
tr-400,第三次奴隷戦争,20,土地,0.04355133921398085
tr-401,アーサー・コナン・ドイル,1,ドイル,0.33740335555018847
tr-401,アーサー・コナン・ドイル,2,ホームズ,0.13440703656683917
tr-401,アーサー・コナン・ドイル,3,小説,0.11589096969929955
tr-401,アーサー・コナン・ドイル,4,心霊,0.07680402089533667
tr-401,アーサー・コナン・ドイル,5,コナン,0.07343508736220812
tr-401,アーサー・コナン・ドイル,6,出版,0.06662406627630425
tr-401,アーサー・コナン・ドイル,7,アーサー,0.06029680061411132
tr-401,アーサー・コナン・ドイル,8,診察,0.054073576653386836
tr-401,アーサー・コナン・ドイル,9,バッド,0.05373649761449253
tr-401,アーサー・コナン・ドイル,10,執筆,0.05127766123650742
tr-401,アーサー・コナン・ドイル,11,シリーズ,0.047207677607905583
tr-401,アーサー・コナン・ドイル,12,長編,0.04614326871158974
tr-401,アーサー・コナン・ドイル,13,短編,0.043901769423309416
tr-401,アーサー・コナン・ドイル,14,緋色,0.04298919809159402
tr-401,アーサー・コナン・ドイル,15,ポンド,0.04180225856809668
tr-401,アーサー・コナン・ドイル,16,事件,0.041734685466826606
tr-401,アーサー・コナン・ドイル,17,主義,0.041437556373999394
tr-401,アーサー・コナン・ドイル,18,大学,0.04137917419316543
tr-401,アーサー・コナン・ドイル,19,シャーロック,0.039519124596925956
tr-401,アーサー・コナン・ドイル,20,医師,0.03800299219659381
tr-402,税所敦子,1,敦子,1.2769013565813236
tr-402,税所敦子,2,歌子,0.26010953559989924
tr-402,税所敦子,3,歌人,0.16376913114496255
tr-402,税所敦子,4,税所,0.14890911535484228
tr-402,税所敦子,5,行誡,0.14890911535484228
tr-402,税所敦子,6,徳子,0.12409092946236858
tr-402,税所敦子,7,才能,0.10781205336826867
tr-402,税所敦子,8,宮中,0.09945584142424103
tr-402,税所敦子,9,千種,0.09458528567269063
tr-402,税所敦子,10,香川,0.08188456557248128
tr-402,税所敦子,11,女官,0.07956467313939282
tr-402,税所敦子,12,景樹,0.07445455767742114
tr-402,税所敦子,13,明治,0.07358300977356451
tr-402,税所敦子,14,悪口,0.07093896425451797
tr-402,税所敦子,15,歌会,0.06844461102516727
tr-402,税所敦子,16,八田,0.0665098403490325
tr-402,税所敦子,17,薩摩,0.06049989369677864
tr-402,税所敦子,18,知紀,0.049636371784947425
tr-402,税所敦子,19,虚空蔵菩薩,0.049636371784947425
tr-402,税所敦子,20,紫式部,0.047292642836345315
tr-403,ルバーブ,1,ルバーブ,0.4656477493445946
tr-403,ルバーブ,2,栽培,0.21941410171065542
tr-403,ルバーブ,3,食用,0.158510827771614
tr-403,ルバーブ,4,品種,0.09604693718236632
tr-403,ルバーブ,5,ダイオウ,0.08217313223728138
tr-403,ルバーブ,6,大黄,0.06847761019773449
tr-403,ルバーブ,7,ヨーロッパ,0.06107178701419695
tr-403,ルバーブ,8,園芸,0.05971674665173679
tr-403,ルバーブ,9,学名,0.055061042820475484
tr-403,ルバーブ,10,生育,0.05425188121255144
tr-403,ルバーブ,11,収穫,0.05303894623035868
tr-403,ルバーブ,12,葉柄,0.052195388903909026
tr-403,ルバーブ,13,原産,0.04390650224279093
tr-403,ルバーブ,14,露地,0.04108656611864069
tr-403,ルバーブ,15,事典,0.040419780033106284
tr-403,ルバーブ,16,世紀,0.038932346470178535
tr-403,ルバーブ,17,野菜,0.037505850830581784
tr-403,ルバーブ,18,センチメートル,0.03652243341541586
tr-403,ルバーブ,19,薬用,0.035092484929667635
tr-403,ルバーブ,20,軟化,0.03445357874486131
tr-404,野口源三郎,1,野口,0.3021985484313073
tr-404,野口源三郎,2,競技,0.2114484079094811
tr-404,野口源三郎,3,陸上,0.15099888003348155
tr-404,野口源三郎,4,体育,0.11029916571383167
tr-404,野口源三郎,5,学校,0.07257483314466834
tr-404,野口源三郎,6,体操,0.07221184418502602
tr-404,野口源三郎,7,オリンピック,0.067209434905996
tr-404,野口源三郎,8,師範,0.06647732587769356
tr-404,野口源三郎,9,東京,0.06579875403194599
tr-404,野口源三郎,10,優勝,0.061684864834558546
tr-404,野口源三郎,11,埼玉,0.05910107185479811
tr-404,野口源三郎,12,高師,0.05544530956446105
tr-404,野口源三郎,13,スポーツ,0.0530128523930802
tr-404,野口源三郎,14,十種競技,0.048514645868903424
tr-404,野口源三郎,15,出場,0.04772351629838076
tr-404,野口源三郎,16,松本,0.04683069846464625
tr-404,野口源三郎,17,アントワープ,0.046223882546258414
tr-404,野口源三郎,18,選手権,0.045733752523129174
tr-404,野口源三郎,19,深谷,0.04333786207300423
tr-404,野口源三郎,20,選手,0.042704906423925146
tr-405,江戸の火事,1,放火,0.24798678564950222
tr-405,江戸の火事,2,火消,0.22089543871015704
tr-405,江戸の火事,3,江戸,0.20842843991139487
tr-405,江戸の火事,4,火事,0.19577904130223858
tr-405,江戸の火事,5,大火,0.14866907278977518
tr-405,江戸の火事,6,町人,0.09290807367107708
tr-405,江戸の火事,7,幕府,0.09057691552011223
tr-405,江戸の火事,8,消防,0.08355094662301966
tr-405,江戸の火事,9,火付,0.08025319924108322
tr-405,江戸の火事,10,大名,0.07603969681006735
tr-405,江戸の火事,11,屋敷,0.07207142601731302
tr-405,江戸の火事,12,消火,0.05717419918220128
tr-405,江戸の火事,13,盗賊,0.05575868235560981
tr-405,江戸の火事,14,武家,0.055170776072611345
tr-405,江戸の火事,15,江戸城,0.05443339585762675
tr-405,江戸の火事,16,火焙り,0.05350213282738882
tr-405,江戸の火事,17,町火消,0.04918345880520847
tr-405,江戸の火事,18,人足,0.047793156304808404
tr-405,江戸の火事,19,移転,0.046762368040558826
tr-405,江戸の火事,20,増加,0.04583197792649817
tr-406,富山県立図書館,1,富山,0.4540483074600318
tr-406,富山県立図書館,2,図書館,0.39300027530173387
tr-406,富山県立図書館,3,県立,0.1952969067996621
tr-406,富山県立図書館,4,昭和,0.13257905130927902
tr-406,富山県立図書館,5,紀元,0.08205744031804685
tr-406,富山県立図書館,6,蔵書,0.0762271095603212
tr-406,富山県立図書館,7,資料,0.07098092261026309
tr-406,富山県立図書館,8,図書,0.06130443879099149
tr-406,富山県立図書館,9,記念,0.057758150898252904
tr-406,富山県立図書館,10,市立,0.05646440039835579
tr-406,富山県立図書館,11,閲覧,0.054566369501382245
tr-406,富山県立図書館,12,開設,0.05062296292582713
tr-406,富山県立図書館,13,目録,0.04992886058062314
tr-406,富山県立図書館,14,同年,0.04944348494943092
tr-406,富山県立図書館,15,貸出,0.04383566146978944
tr-406,富山県立図書館,16,疎開,0.04376396816962498
tr-406,富山県立図書館,17,北陸,0.03717395641441305
tr-406,富山県立図書館,18,開館,0.03578314265334953
tr-406,富山県立図書館,19,文庫,0.033709856724954634
tr-406,富山県立図書館,20,郷土,0.032847647385748094
tr-407,榛名湖,1,榛名湖,0.36759557429277395
tr-407,榛名湖,2,カルデラ,0.20912624288376316
tr-407,榛名湖,3,伊香保,0.16804369110526807
tr-407,榛名湖,4,榛名,0.1673987509341075
tr-407,榛名湖,5,木部,0.14330192573086878
tr-407,榛名湖,6,メートル,0.12397636478170747
tr-407,榛名湖,7,榛名山,0.09120090660349632
tr-407,榛名湖,8,火山,0.08733229658605841
tr-407,榛名湖,9,時代,0.08391166004854644
tr-407,榛名湖,10,標高,0.08373334414645564
tr-407,榛名湖,11,キロメートル,0.08174167810123953
tr-407,榛名湖,12,噴火,0.07945053974322894
tr-407,榛名湖,13,渋川,0.06470550154522733
tr-407,榛名湖,14,雨乞い,0.06301638416447554
tr-407,榛名湖,15,神社,0.06273533642979734
tr-407,榛名湖,16,入水,0.057677638229482374
tr-407,榛名湖,17,利根川,0.04921592612164071
tr-407,榛名湖,18,江戸,0.04684714380550198
tr-407,榛名湖,19,信仰,0.04471530275104205
tr-407,榛名湖,20,高崎,0.044174224817442105
tr-408,スタッフが美味しくいただきました,1,注釈,0.3037065893319036
tr-408,スタッフが美味しくいただきました,2,スタッフ,0.19479074025313645
tr-408,スタッフが美味しくいただきました,3,番組,0.18883173596730615
tr-408,スタッフが美味しくいただきました,4,テレビ,0.1736434097613827
tr-408,スタッフが美味しくいただきました,5,場面,0.10492053243838052
tr-408,スタッフが美味しくいただきました,6,料理,0.10005194451273654
tr-408,スタッフが美味しくいただきました,7,横山,0.08780462346883511
tr-408,スタッフが美味しくいただきました,8,表示,0.0771039058591583
tr-408,スタッフが美味しくいただきました,9,視聴,0.07492307234542345
tr-408,スタッフが美味しくいただきました,10,食べ物,0.06674554944462906
tr-408,スタッフが美味しくいただきました,11,食材,0.06479423271657923
tr-408,スタッフが美味しくいただきました,12,お笑い,0.06424456940470476
tr-408,スタッフが美味しくいただきました,13,平成,0.06054359215488233
tr-408,スタッフが美味しくいただきました,14,漫画,0.058437222075940945
tr-408,スタッフが美味しくいただきました,15,放送,0.053366307395012344
tr-408,スタッフが美味しくいただきました,16,タレント,0.05017407055362007
tr-408,スタッフが美味しくいただきました,17,芸人,0.05017407055362007
tr-408,スタッフが美味しくいただきました,18,バラエティ,0.04914123517789304
tr-408,スタッフが美味しくいただきました,19,笑い,0.04745738641219183
tr-408,スタッフが美味しくいただきました,20,真実,0.043196155144386156
tr-409,東大寺の歴史,1,東大寺,0.3649784747779888
tr-409,東大寺の歴史,2,大仏,0.1990741931427018
tr-409,東大寺の歴史,3,天平,0.09920835648855646
tr-409,東大寺の歴史,4,国分寺,0.09464113782152031
tr-409,東大寺の歴史,5,大仏殿,0.09047613029196554
tr-409,東大寺の歴史,6,南都,0.08401354955682513
tr-409,東大寺の歴史,7,福寿,0.07461138665620455
tr-409,東大寺の歴史,8,金光明寺,0.07461138665620455
tr-409,東大寺の歴史,9,建立,0.06717205671459271
tr-409,東大寺の歴史,10,寺院,0.058215782485980354
tr-409,東大寺の歴史,11,時代,0.04917413915430503
tr-409,東大寺の歴史,12,藤原,0.0477390294447463
tr-409,東大寺の歴史,13,勧進,0.04364740597760799
tr-409,東大寺の歴史,14,聖武天皇,0.04241359487239514
tr-409,東大寺の歴史,15,奈良,0.04179413827744333
tr-409,東大寺の歴史,16,境内,0.04073950177124571
tr-409,東大寺の歴史,17,興福寺,0.03877548441084237
tr-409,東大寺の歴史,18,戒壇,0.03877548441084237
tr-409,東大寺の歴史,19,光明皇后,0.037412062266521134
tr-409,東大寺の歴史,20,造立,0.037412062266521134
tr-410,バルト諸国占領,1,ソ連,0.24306814386096154
tr-410,バルト諸国占領,2,バルト,0.23264116478645583
tr-410,バルト諸国占領,3,リトアニア,0.2123322696358868
tr-410,バルト諸国占領,4,エストニア,0.1692537542377047
tr-410,バルト諸国占領,5,フィンランド,0.16177696734162805
tr-410,バルト諸国占領,6,ラトビア,0.15509410985763722
tr-410,バルト諸国占領,7,ソビエト,0.09787854048735857
tr-410,バルト諸国占領,8,ドイツ,0.08210847848475394
tr-410,バルト諸国占領,9,調印,0.05713104965536186
tr-410,バルト諸国占領,10,占領,0.05614450003767084
tr-410,バルト諸国占領,11,赤軍,0.05294110943505754
tr-410,バルト諸国占領,12,条約,0.049924523386925136
tr-410,バルト諸国占領,13,ロシア,0.0492230232096994
tr-410,バルト諸国占領,14,共産,0.046625874419135765
tr-410,バルト諸国占領,15,基地,0.04340502568945742
tr-410,バルト諸国占領,16,議定,0.042352887548046024
tr-410,バルト諸国占領,17,政府,0.041283869067425816
tr-410,バルト諸国占領,18,併合,0.040701965021473656
tr-410,バルト諸国占領,19,秘密,0.03963927011008276
tr-410,バルト諸国占領,20,選挙,0.037873312866663525
tr-411,タイタン(衛星),1,衛星,0.3537361911385517
tr-411,タイタン(衛星),2,土星,0.25218324413640814
tr-411,タイタン(衛星),3,大気,0.2021007643133762
tr-411,タイタン(衛星),4,地球,0.17718413000495445
tr-411,タイタン(衛星),5,公転,0.10996303505727771
tr-411,タイタン(衛星),6,表面,0.10297141396039491
tr-411,タイタン(衛星),7,窒素,0.09903951215447054
tr-411,タイタン(衛星),8,メタン,0.09132827263349094
tr-411,タイタン(衛星),9,発見,0.0824746802758035
tr-411,タイタン(衛星),10,木星,0.08118068678532528
tr-411,タイタン(衛星),11,太陽系,0.07696607612486318
tr-411,タイタン(衛星),12,軌道,0.07453727873137722
tr-411,タイタン(衛星),13,惑星,0.0640817681808278
tr-411,タイタン(衛星),14,観測,0.05943719125654727
tr-411,タイタン(衛星),15,形成,0.05641698062164813
tr-411,タイタン(衛星),16,太陽,0.05489260611332194
tr-411,タイタン(衛星),17,集積,0.054021552084256665
tr-411,タイタン(衛星),18,質量,0.05282016002945588
tr-411,タイタン(衛星),19,液体,0.0517662718739344
tr-411,タイタン(衛星),20,ヒペリオン,0.049209698101982266
tr-412,バリ島,1,バリ島,0.18282965833939085
tr-412,バリ島,2,観光,0.10475480452681549
tr-412,バリ島,3,王国,0.08835213957374767
tr-412,バリ島,4,オランダ,0.07578036721791849
tr-412,バリ島,5,文化,0.06076421298886669
tr-412,バリ島,6,開発,0.04674733948529551
tr-412,バリ島,7,インドネシア,0.04199223515868821
tr-412,バリ島,8,ジャワ,0.038448850427695414
tr-412,バリ島,9,伝統,0.03827840726959694
tr-412,バリ島,10,マジャパヒト,0.03780021614478512
tr-412,バリ島,11,サヌール,0.034266130561835216
tr-412,バリ島,12,世紀,0.033397215236760154
tr-412,バリ島,13,リゾート,0.027843792523391076
tr-412,バリ島,14,ヒンドゥー,0.02746346459121101
tr-412,バリ島,15,現地,0.027364317679787534
tr-412,バリ島,16,寺院,0.027147589401651837
tr-412,バリ島,17,インド,0.026404260378521283
tr-412,バリ島,18,共和,0.026007076458500443
tr-412,バリ島,19,植民,0.023638152007193134
tr-412,バリ島,20,ホテル,0.02345986479526614
tr-413,変電所,1,変電,0.5342458988651925
tr-413,変電所,2,送電,0.2754852482543281
tr-413,変電所,3,電圧,0.2514400875047185
tr-413,変電所,4,変換,0.2317793427465997
tr-413,変電所,5,変圧,0.22348155185873492
tr-413,変電所,6,電力,0.18571127399195506
tr-413,変電所,7,直流,0.1315214238844934
tr-413,変電所,8,発電,0.0969853440329448
tr-413,変電所,9,配電,0.08707422972959541
tr-413,変電所,10,設置,0.0864153735814692
tr-413,変電所,11,ボルト,0.07521954955476012
tr-413,変電所,12,交直,0.0705788409764047
tr-413,変電所,13,遮断,0.06782681694243872
tr-413,変電所,14,周波数,0.06745953567199767
tr-413,変電所,15,電流,0.06671507202479132
tr-413,変電所,16,設備,0.062001751422078095
tr-413,変電所,17,屋内,0.05656721282102037
tr-413,変電所,18,冷却,0.055727723004638394
tr-413,変電所,19,形式,0.055622431561259005
tr-413,変電所,20,絶縁,0.05174805422480096
tr-414,海水魚,1,海水,0.35937642187078467
tr-414,海水魚,2,魚類,0.2026501385300303
tr-414,海水魚,3,淡水,0.14716969728086982
tr-414,海水魚,4,分布,0.13352270917674466
tr-414,海水魚,5,沿岸,0.09635223816692524
tr-414,海水魚,6,太平洋,0.09058113709676363
tr-414,海水魚,7,外洋,0.07716581949149487
tr-414,海水魚,8,塩分,0.07589773868433217
tr-414,海水魚,9,適応,0.07580868214413292
tr-414,海水魚,10,浸透,0.06517055176408207
tr-414,海水魚,11,大西洋,0.06517055176408207
tr-414,海水魚,12,塩性,0.06063874772270157
tr-414,海水魚,13,深海,0.054405883213893114
tr-414,海水魚,14,進化,0.052040281129652505
tr-414,海水魚,15,尿素,0.052002273637918046
tr-414,海水魚,16,濃度,0.051800718013943904
tr-414,海水魚,17,東部,0.048562958259751716
tr-414,海水魚,18,サンゴ礁,0.04666017735190797
tr-414,海水魚,19,紅海,0.04476503853470257
tr-414,海水魚,20,淡水魚,0.04476503853470257
tr-415,0.999...,1,実数,0.336473846326985
tr-415,0.999...,2,証明,0.2643825944092755
tr-415,0.999...,3,小数,0.1948006478735176
tr-415,0.999...,4,数学,0.16361157306326757
tr-415,0.999...,5,無限,0.12967064987234275
tr-415,0.999...,6,有理数,0.1115206794648819
tr-415,0.999...,7,解析,0.10844157336334172
tr-415,0.999...,8,定義,0.10271895417123465
tr-415,0.999...,9,体系,0.10015120238769472
tr-415,0.999...,10,集合,0.09310220126404091
tr-415,0.999...,11,等式,0.09293389955406824
tr-415,0.999...,12,教科書,0.0792491645325702
tr-415,0.999...,13,位取り,0.07434711964325459
tr-415,0.999...,14,記数,0.07434711964325459
tr-415,0.999...,15,公理,0.07434711964325459
tr-415,0.999...,16,級数,0.07434711964325459
tr-415,0.999...,17,任意,0.07187426590628344
tr-415,0.999...,18,切断,0.06517470737374857
tr-415,0.999...,19,等比,0.05576033973244095
tr-415,0.999...,20,定理,0.053127449420050266
tr-416,セラム,1,発見,0.19219138848621253
tr-416,セラム,2,アファール,0.1664493798731465
tr-416,セラム,3,ルーシー,0.14062873296014639
tr-416,セラム,4,人骨,0.12890967188013416
tr-416,セラム,5,エチオピア,0.10770491747351298
tr-416,セラム,6,骨格,0.1057780878211169
tr-416,セラム,7,アレムゼゲド,0.09406830396177049
tr-416,セラム,8,化石,0.08189441685290315
tr-416,セラム,9,幼児,0.07748603500466396
tr-416,セラム,10,甲骨,0.06719164568697891
tr-416,セラム,11,全身,0.06555683635909335
tr-416,セラム,12,歩行,0.06555683635909335
tr-416,セラム,13,直立,0.06380594224946338
tr-416,セラム,14,保存,0.06013023705637112
tr-416,セラム,15,チンパンジー,0.06002192165040492
tr-416,セラム,16,頭骨,0.05634427196929588
tr-416,セラム,17,推測,0.051323689428088924
tr-416,セラム,18,ディキカ,0.051215193807122
tr-416,セラム,19,下半身,0.051215193807122
tr-416,セラム,20,ゴリラ,0.051215193807122
tr-417,小百合葉子,1,葉子,0.6870549814830229
tr-417,小百合葉子,2,劇団,0.16202623847774766
tr-417,小百合葉子,3,演劇,0.16126512286288172
tr-417,小百合葉子,4,沖縄,0.12611330065976864
tr-417,小百合葉子,5,公演,0.10533227539414004
tr-417,小百合葉子,6,子供,0.10525988795709323
tr-417,小百合葉子,7,たんぽぽ,0.10085210737365473
tr-417,小百合葉子,8,浜松,0.06923094018608131
tr-417,小百合葉子,9,舞台,0.05906444535745714
tr-417,小百合葉子,10,女優,0.0576491561938283
tr-417,小百合葉子,11,タンポポ,0.052925068220621915
tr-417,小百合葉子,12,児童,0.048581397306200626
tr-417,小百合葉子,13,坪内,0.04727766771600462
tr-417,小百合葉子,14,芸術座,0.046309434693044174
tr-417,小百合葉子,15,新劇,0.04257135282561766
tr-417,小百合葉子,16,刑務所,0.040931785329680066
tr-417,小百合葉子,17,慰問,0.039553394030896576
tr-417,小百合葉子,18,道場,0.033902909169339926
tr-417,小百合葉子,19,信濃,0.031041402813070787
tr-417,小百合葉子,20,当時,0.030466019542459512
tr-418,バスク州,1,バスク,0.6156553834193881
tr-418,バスク州,2,スペイン,0.17841658732335677
tr-418,バスク州,3,アラバ,0.11198250491856568
tr-418,バスク州,4,ビルバオ,0.10083506563440094
tr-418,バスク州,5,自治,0.0994817172055977
tr-418,バスク州,6,ギプス,0.07515810249215853
tr-418,バスク州,7,憲章,0.06570071129266436
tr-418,バスク州,8,人口,0.06386809811558278
tr-418,バスク州,9,ナバーラ,0.05466043817611529
tr-418,バスク州,10,ビトリアガステイス,0.04478992998551683
tr-418,バスク州,11,エブロ,0.04478992998551683
tr-418,バスク州,12,自治体,0.04459017069234683
tr-418,バスク州,13,ビスケー,0.04321502812902898
tr-418,バスク州,14,トレビニョ,0.03917469123538278
tr-418,バスク州,15,盆地,0.03897381357943005
tr-418,バスク州,16,政府,0.03847493011367239
tr-418,バスク州,17,年代,0.037439269444050925
tr-418,バスク州,18,工業,0.0353972459891426
tr-418,バスク州,19,地域,0.03434796514014261
tr-418,バスク州,20,地方,0.033559495241570696
tr-419,ナマズ目,1,ナマズ,0.5297514908095131
tr-419,ナマズ目,2,魚類,0.11802597847167969
tr-419,ナマズ目,3,分布,0.09998395448416456
tr-419,ナマズ目,4,器官,0.09795205484571266
tr-419,ナマズ目,5,種類,0.08389552358349672
tr-419,ナマズ目,6,ゴンズイ,0.06780354042006415
tr-419,ナマズ目,7,ハマギギ,0.0593031237485905
tr-419,ナマズ目,8,仲間,0.054262891125843406
tr-419,ナマズ目,9,漁獲,0.05167721321794829
tr-419,ナマズ目,10,海産,0.050651445789368345
tr-419,ナマズ目,11,外来,0.04959449696147669
tr-419,ナマズ目,12,アジア,0.045396276443089696
tr-419,ナマズ目,13,養殖,0.04412892086643429
tr-419,ナマズ目,14,多く,0.04253771167559613
tr-419,ナマズ目,15,淡水,0.04060111959733215
tr-419,ナマズ目,16,生物,0.039345082924330886
tr-419,ナマズ目,17,感覚,0.03934199282389323
tr-419,ナマズ目,18,地域,0.03781553972234686
tr-419,ナマズ目,19,淡水魚,0.03754327541197707
tr-419,ナマズ目,20,背鰭,0.03754327541197707
tr-420,チューリップ・バブル,1,チューリップ,0.6692602925476531
tr-420,チューリップ・バブル,2,球根,0.3754853067706934
tr-420,チューリップ・バブル,3,バブル,0.2782917085092179
tr-420,チューリップ・バブル,4,マッケイ,0.2569109993694218
tr-420,チューリップ・バブル,5,価格,0.16693255334548385
tr-420,チューリップ・バブル,6,投機,0.1163681390963825
tr-420,チューリップ・バブル,7,取引,0.11202402422414691
tr-420,チューリップ・バブル,8,ギルダー,0.11117103749161956
tr-420,チューリップ・バブル,9,経済,0.06526070410769311
tr-420,チューリップ・バブル,10,多色,0.059287153700635795
tr-420,チューリップ・バブル,11,オランダ,0.057338647417905717
tr-420,チューリップ・バブル,12,ネーデルラント,0.04762456013227275
tr-420,チューリップ・バブル,13,熱狂,0.04518635551907556
tr-420,チューリップ・バブル,14,ハールレム,0.04148353777196089
tr-420,チューリップ・バブル,15,学者,0.04106088481124072
tr-420,チューリップ・バブル,16,説明,0.04106088481124072
tr-420,チューリップ・バブル,17,オスマン,0.04033816980182277
tr-420,チューリップ・バブル,18,ライデン,0.03813500066780656
tr-420,チューリップ・バブル,19,花弁,0.03813500066780656
tr-420,チューリップ・バブル,20,多く,0.03719481069218792
tr-421,下山千歳白菜,1,白菜,0.6471794961579169
tr-421,下山千歳白菜,2,下山,0.3777376091538691
tr-421,下山千歳白菜,3,千歳,0.21803164090692728
tr-421,下山千歳白菜,4,品種,0.15878697261330854
tr-421,下山千歳白菜,5,栽培,0.1550172495935032
tr-421,下山千歳白菜,6,昭和,0.10881600921012491
tr-421,下山千歳白菜,7,種苗,0.1048742404461958
tr-421,下山千歳白菜,8,結球,0.10062998811088952
tr-421,下山千歳白菜,9,耐病,0.06938037719152698
tr-421,下山千歳白菜,10,世田谷,0.06917006759784795
tr-421,下山千歳白菜,11,馬越,0.06708665874059301
tr-421,下山千歳白菜,12,種子,0.06418153611575819
tr-421,下山千歳白菜,13,病害,0.05729944804922294
tr-421,下山千歳白菜,14,藤井,0.05625623404434386
tr-421,下山千歳白菜,15,登録,0.055142912353739845
tr-421,下山千歳白菜,16,採種,0.05396251559340988
tr-421,下山千歳白菜,17,新種,0.05134522889260656
tr-421,下山千歳白菜,18,農業,0.05022047113969271
tr-421,下山千歳白菜,19,収穫,0.04871399309536361
tr-421,下山千歳白菜,20,改良,0.048464369002143945
tr-422,ネルトリンゲン,1,ネルトリンゲン,0.42657262058813356
tr-422,ネルトリンゲン,2,都市,0.10038188495626085
tr-422,ネルトリンゲン,3,建物,0.06910359629871407
tr-422,ネルトリンゲン,4,入植,0.06279161551356505
tr-422,ネルトリンゲン,5,ゲオルク,0.06220991756091589
tr-422,ネルトリンゲン,6,時代,0.06050649476502717
tr-422,ネルトリンゲン,7,シュヴァーベン,0.06028211150204583
tr-422,ネルトリンゲン,8,バイエルン,0.053086352340619446
tr-422,ネルトリンゲン,9,墓地,0.05202715301368785
tr-422,ネルトリンゲン,10,プロテスタント,0.05170110266394403
tr-422,ネルトリンゲン,11,アレマン,0.051148672601960855
tr-422,ネルトリンゲン,12,建設,0.04990359227302042
tr-422,ネルトリンゲン,13,定住,0.04945910529474243
tr-422,ネルトリンゲン,14,発掘,0.04748207227159904
tr-422,ネルトリンゲン,15,ユダヤ,0.046206599279753985
tr-422,ネルトリンゲン,16,ドナウ,0.04403023444644395
tr-422,ネルトリンゲン,17,リース,0.0425843799022914
tr-422,ネルトリンゲン,18,鉄道,0.03988596462413636
tr-422,ネルトリンゲン,19,教会,0.0394877693135509
tr-422,ネルトリンゲン,20,ローマ,0.03846156165920992
tr-423,ハチ(ヒョウ),1,成岡,0.6945854191328716
tr-423,ハチ(ヒョウ),2,ヒョウ,0.20572482848201112
tr-423,ハチ(ヒョウ),3,兵士,0.14687593092973955
tr-423,ハチ(ヒョウ),4,一行,0.06969120863576751
tr-423,ハチ(ヒョウ),5,動物,0.05998836623916021
tr-423,ハチ(ヒョウ),6,舞踊団,0.05601495315587674
tr-423,ハチ(ヒョウ),7,兵営,0.055041629129901654
tr-423,ハチ(ヒョウ),8,部下,0.0549967393729166
tr-423,ハチ(ヒョウ),9,連隊,0.05339043191662743
tr-423,ハチ(ヒョウ),10,中隊,0.0519857704089283
tr-423,ハチ(ヒョウ),11,上野,0.0510684008462797
tr-423,ハチ(ヒョウ),12,部隊,0.04792771883250458
tr-423,ハチ(ヒョウ),13,昭和,0.04576524095406862
tr-423,ハチ(ヒョウ),14,牛頭山,0.03921046720911372
tr-423,ハチ(ヒョウ),15,野火,0.03921046720911372
tr-423,ハチ(ヒョウ),16,橋田,0.03735902835930475
tr-423,ハチ(ヒョウ),17,小隊,0.03604541159011853
tr-423,ハチ(ヒョウ),18,慰問,0.033490088357536696
tr-423,ハチ(ヒョウ),19,出動,0.033345689453149044
tr-423,ハチ(ヒョウ),20,福田,0.03288035597112335
tr-424,任天堂,1,任天堂,0.5545649933430252
tr-424,任天堂,2,ゲーム,0.18349234130638695
tr-424,任天堂,3,侵害,0.0763933264300023
tr-424,任天堂,4,ソフト,0.061713416393653533
tr-424,任天堂,5,著作,0.05813226089478739
tr-424,任天堂,6,訴訟,0.054018481233729376
tr-424,任天堂,7,動画,0.052534012327879465
tr-424,任天堂,8,ニンテンドー,0.05199046812590861
tr-424,任天堂,9,賠償,0.04773314768411202
tr-424,任天堂,10,ユーザー,0.04533893055576868
tr-424,任天堂,11,地裁,0.044405626742485584
tr-424,任天堂,12,ガイドライン,0.043597162205909264
tr-424,任天堂,13,開発,0.043344674075064114
tr-424,任天堂,14,販売,0.041592161656983755
tr-424,任天堂,15,岩田,0.04127965292980697
tr-424,任天堂,16,マリオ,0.037004688952071325
tr-424,任天堂,17,ソフトウェア,0.037004688952071325
tr-424,任天堂,18,裁判所,0.03579986076308401
tr-424,任天堂,19,勝訴,0.03573670495469037
tr-424,任天堂,20,控訴,0.03472423928636468
tr-425,麟_(織田信長の花押),1,花押,1.000539337424576
tr-425,麟_(織田信長の花押),2,信長,0.5252205161340537
tr-425,麟_(織田信長の花押),3,足利,0.2354966598113944
tr-425,麟_(織田信長の花押),4,義昭,0.1464741444368649
tr-425,麟_(織田信長の花押),5,解釈,0.13019398356341239
tr-425,麟_(織田信長の花押),6,麒麟,0.10462438888347493
tr-425,麟_(織田信長の花押),7,天下,0.10427620741024834
tr-425,麟_(織田信長の花押),8,佐藤,0.09301325331694602
tr-425,麟_(織田信長の花押),9,平和,0.08982843313606582
tr-425,麟_(織田信長の花押),10,印章,0.08784749175238779
tr-425,麟_(織田信長の花押),11,義輝,0.08369951110677995
tr-425,麟_(織田信長の花押),12,室町,0.07974062738660392
tr-425,麟_(織田信長の花押),13,文書,0.07459947148172764
tr-425,麟_(織田信長の花押),14,織田,0.07246051071119827
tr-425,麟_(織田信長の花押),15,高木,0.07246051071119827
tr-425,麟_(織田信長の花押),16,理想,0.07215669232262742
tr-425,麟_(織田信長の花押),17,幕府,0.06971353072719635
tr-425,麟_(織田信長の花押),18,実現,0.06783264084390044
tr-425,麟_(織田信長の花押),19,進一,0.06056735400181043
tr-425,麟_(織田信長の花押),20,石崎,0.06056735400181043
tr-426,ヤングスタウン(オハイオ州),1,ヤングスタウン,0.4613754493659388
tr-426,ヤングスタウン(オハイオ州),2,オハイオ,0.09088070469311475
tr-426,ヤングスタウン(オハイオ州),3,全米,0.05723850831609282
tr-426,ヤングスタウン(オハイオ州),4,州立,0.05543671169512465
tr-426,ヤングスタウン(オハイオ州),5,マホニング,0.05508960589444045
tr-426,ヤングスタウン(オハイオ州),6,創設,0.054714742204717205
tr-426,ヤングスタウン(オハイオ州),7,大学,0.04971224966971608
tr-426,ヤングスタウン(オハイオ州),8,都市,0.04969453379818099
tr-426,ヤングスタウン(オハイオ州),9,講堂,0.04967209145069552
tr-426,ヤングスタウン(オハイオ州),10,クリーク,0.04804157196553517
tr-426,ヤングスタウン(オハイオ州),11,鉄鋼,0.047931547335738026
tr-426,ヤングスタウン(オハイオ州),12,ストライキ,0.042605819853989355
tr-426,ヤングスタウン(オハイオ州),13,地元,0.04246388178572832
tr-426,ヤングスタウン(オハイオ州),14,マホニング・バレー,0.04131720442083034
tr-426,ヤングスタウン(オハイオ州),15,クリーブランド,0.04117105489342723
tr-426,ヤングスタウン(オハイオ州),16,地域,0.0384220439680942
tr-426,ヤングスタウン(オハイオ州),17,スチール,0.037982093688384726
tr-426,ヤングスタウン(オハイオ州),18,ペンシルベニア,0.036530517594075766
tr-426,ヤングスタウン(オハイオ州),19,立地,0.03619986104012487
tr-426,ヤングスタウン(オハイオ州),20,歴史,0.03535946206633379
tr-427,イスラーム建築,1,建築,0.2749289137243652
tr-427,イスラーム建築,2,イスラーム,0.19469803087958715
tr-427,イスラーム建築,3,モスク,0.12379123678217471
tr-427,イスラーム建築,4,アーチ,0.08279571261086859
tr-427,イスラーム建築,5,建設,0.05934596718084363
tr-427,イスラーム建築,6,世紀,0.056727133500395904
tr-427,イスラーム建築,7,セルジューク,0.05253973689672431
tr-427,イスラーム建築,8,ティムール,0.04932053395668502
tr-427,イスラーム建築,9,ムカルナス,0.04903372472158748
tr-427,イスラーム建築,10,アッバース,0.04713934401751698
tr-427,イスラーム建築,11,ペルシャ,0.04395574096926691
tr-427,イスラーム建築,12,中央アジア,0.04271039083309881
tr-427,イスラーム建築,13,カリフ,0.04181813428470259
tr-427,イスラーム建築,14,装飾,0.04091569201389859
tr-427,イスラーム建築,15,霊廟,0.04055108803888335
tr-427,イスラーム建築,16,ファーティマ,0.03940480267254323
tr-427,イスラーム建築,17,庭園,0.03737159197896146
tr-427,イスラーム建築,18,城壁,0.03709279051539618
tr-427,イスラーム建築,19,ミナレット,0.0350240890868482
tr-427,イスラーム建築,20,ガズナ,0.03379257336573612
tr-428,ニコライ2世,1,ニコライ,0.3597044020848857
tr-428,ニコライ2世,2,アリックス,0.2750503532486397
tr-428,ニコライ2世,3,ロシア,0.23888724554234406
tr-428,ニコライ2世,4,皇帝,0.1317452991708797
tr-428,ニコライ2世,5,アレクサンドル,0.13138342632338382
tr-428,ニコライ2世,6,皇太子,0.10559867028724126
tr-428,ニコライ2世,7,結婚式,0.09876866875804224
tr-428,ニコライ2世,8,ヴィクトリア,0.08447893622979302
tr-428,ニコライ2世,9,ヘッセン,0.07526966506281547
tr-428,ニコライ2世,10,正教,0.07293715407346835
tr-428,ニコライ2世,11,ドイツ,0.06641427453346199
tr-428,ニコライ2世,12,改宗,0.06423078693477388
tr-428,ニコライ2世,13,大公,0.06255473135907513
tr-428,ニコライ2世,14,遼東,0.05701482376785882
tr-428,ニコライ2世,15,女王,0.055906765156427084
tr-428,ニコライ2世,16,教師,0.052448358421406285
tr-428,ニコライ2世,17,転写,0.05017977670854365
tr-428,ニコライ2世,18,山東,0.05017977670854365
tr-428,ニコライ2世,19,ウラジーミル,0.04935898900362112
tr-428,ニコライ2世,20,語学,0.04862476938231222
tr-429,中山トンネル(上越新幹線),1,トンネル,0.3634103801565395
tr-429,中山トンネル(上越新幹線),2,工事,0.13780889326701726
tr-429,中山トンネル(上越新幹線),3,中山,0.13498260145692156
tr-429,中山トンネル(上越新幹線),4,上越新幹線,0.12235733615186051
tr-429,中山トンネル(上越新幹線),5,小野上,0.08972871317803104
tr-429,中山トンネル(上越新幹線),6,経路,0.08767377651744906
tr-429,中山トンネル(上越新幹線),7,建設,0.08446626634978166
tr-429,中山トンネル(上越新幹線),8,昭和,0.0822920818516066
tr-429,中山トンネル(上越新幹線),9,本坑,0.076478580128831
tr-429,中山トンネル(上越新幹線),10,立坑,0.06581152956401279
tr-429,中山トンネル(上越新幹線),11,山陽新幹線,0.05710009020420157
tr-429,中山トンネル(上越新幹線),12,新幹線,0.05489407159766683
tr-429,中山トンネル(上越新幹線),13,年度,0.054281722582018646
tr-429,中山トンネル(上越新幹線),14,区間,0.05189789375972516
tr-429,中山トンネル(上越新幹線),15,整合,0.04943280603602933
tr-429,中山トンネル(上越新幹線),16,半径,0.04936547992819568
tr-429,中山トンネル(上越新幹線),17,曲線,0.04936547992819568
tr-429,中山トンネル(上越新幹線),18,地質,0.04623922834376553
tr-429,中山トンネル(上越新幹線),19,完成,0.042876985227826576
tr-429,中山トンネル(上越新幹線),20,四方木,0.04280704047256184
tr-430,ハイデルベルク城,1,ハイデルベルク,0.22810820763321937
tr-430,ハイデルベルク城,2,フリードリヒ,0.13832987638872227
tr-430,ハイデルベルク城,3,ルートヴィヒ,0.13003328075590648
tr-430,ハイデルベルク城,4,ループレヒト,0.11283178012249115
tr-430,ハイデルベルク城,5,プファルツ,0.10918319693272419
tr-430,ハイデルベルク城,6,建築,0.07402419807055291
tr-430,ハイデルベルク城,7,建設,0.07190465733114665
tr-430,ハイデルベルク城,8,オットハインリヒ,0.047508117946312066
tr-430,ハイデルベルク城,9,ディッカー,0.04156960320302305
tr-430,ハイデルベルク城,10,アルタン,0.04156960320302305
tr-430,ハイデルベルク城,11,建物,0.041092130618648484
tr-430,ハイデルベルク城,12,エリザベス,0.038811516981114694
tr-430,ハイデルベルク城,13,居館,0.03625128645290081
tr-430,ハイデルベルク城,14,オットー・ハインリヒ,0.03563108845973405
tr-430,ハイデルベルク城,15,破壊,0.033927757449003414
tr-430,ハイデルベルク城,16,ドイツ,0.03163634322174871
tr-430,ハイデルベルク城,17,イェッテンビュール,0.02969257371644504
tr-430,ハイデルベルク城,18,宮廷,0.028690981671556016
tr-430,ハイデルベルク城,19,カール,0.028509571863406687
tr-430,ハイデルベルク城,20,マンハイム,0.028290550521050273
tr-431,日本の高山植物相,1,高山,0.4719242220842359
tr-431,日本の高山植物相,2,植物,0.3110081066837019
tr-431,日本の高山植物相,3,分布,0.15283902464298788
tr-431,日本の高山植物相,4,雪田,0.12918032783620126
tr-431,日本の高山植物相,5,生育,0.10773057646957958
tr-431,日本の高山植物相,6,北極,0.09570484762794745
tr-431,日本の高山植物相,7,列島,0.09536251720244446
tr-431,日本の高山植物相,8,火山,0.07630915833261886
tr-431,日本の高山植物相,9,ハイマツ,0.07125724411525348
tr-431,日本の高山植物相,10,形成,0.059240063104061554
tr-431,日本の高山植物相,11,本州,0.05797801110696347
tr-431,日本の高山植物相,12,プレート,0.05104533773000501
tr-431,日本の高山植物相,13,湿原,0.04842279940309632
tr-431,日本の高山植物相,14,周辺,0.046267748652811885
tr-431,日本の高山植物相,15,蛇紋,0.04534551898243403
tr-431,日本の高山植物相,16,メランジュ,0.04534551898243403
tr-431,日本の高山植物相,17,地質,0.04488056710801136
tr-431,日本の高山植物相,18,石灰岩,0.04486470259394857
tr-431,日本の高山植物相,19,中部,0.044076048880425316
tr-431,日本の高山植物相,20,北海道,0.04146625678164132
tr-432,八百屋お七,1,西鶴,0.20148376762675682
tr-432,八百屋お七,2,放火,0.19727152726732292
tr-432,八百屋お七,3,天和,0.1775981559068075
tr-432,八百屋お七,4,茂睡,0.13477499155060838
tr-432,八百屋お七,5,当代,0.13477499155060838
tr-432,八百屋お七,6,八百屋,0.1343225117511712
tr-432,八百屋お七,7,江戸,0.1227374160016347
tr-432,八百屋お七,8,記録,0.12107848285892767
tr-432,八百屋お七,9,お七,0.10619657136640304
tr-432,八百屋お七,10,好色,0.10074188381337841
tr-432,八百屋お七,11,戸田,0.09866810785157673
tr-432,八百屋お七,12,処刑,0.09702311190041182
tr-432,八百屋お七,13,火あぶり,0.08849714280533585
tr-432,八百屋お七,14,信憑,0.07618086154224046
tr-432,八百屋お七,15,貞享,0.06879642678853587
tr-432,八百屋お七,16,物語,0.06572812122892481
tr-432,八百屋お七,17,流行,0.06572812122892481
tr-432,八百屋お七,18,事件,0.06542099097980976
tr-432,八百屋お七,19,史実,0.056823323051026095
tr-432,八百屋お七,20,近世,0.052148014318889005
tr-433,ミラビリス・リベル,1,予言,0.3029766238660825
tr-433,ミラビリス・リベル,2,シビュラ,0.13896606727282784
tr-433,ミラビリス・リベル,3,皇帝,0.1304516218701041
tr-433,ミラビリス・リベル,4,ミラビリス・リベル,0.10938971106746377
tr-433,ミラビリス・リベル,5,天使,0.09980261357380082
tr-433,ミラビリス・リベル,6,教皇,0.09675958489850939
tr-433,ミラビリス・リベル,7,キリスト,0.09614797943897753
tr-433,ミラビリス・リベル,8,終末,0.09539465006532223
tr-433,ミラビリス・リベル,9,メトディウス,0.0911580925562198
tr-433,ミラビリス・リベル,10,ティブル,0.07292647404497585
tr-433,ミラビリス・リベル,11,世紀,0.06663488963640203
tr-433,ミラビリス・リベル,12,ラテン語,0.06649422278738129
tr-433,ミラビリス・リベル,13,最終,0.0658609276854959
tr-433,ミラビリス・リベル,14,ヨアキム,0.054694855533731886
tr-433,ミラビリス・リベル,15,マゴグ,0.05211227522731045
tr-433,ミラビリス・リベル,16,セウェルス,0.050279905339082547
tr-433,ミラビリス・リベル,17,ローマ帝国,0.04558994899301659
tr-433,ミラビリス・リベル,18,投影,0.04444365863924716
tr-433,ミラビリス・リベル,19,伝説,0.04404157059136942
tr-433,ミラビリス・リベル,20,内容,0.04333059944893868
tr-434,エアバスA310,1,航空,0.22168747508714198
tr-434,エアバスA310,2,エアバス,0.08770453342283979
tr-434,エアバスA310,3,機体,0.08506348328037432
tr-434,エアバスA310,4,主翼,0.08299422601939359
tr-434,エアバスA310,5,路線,0.07425872038414882
tr-434,エアバスA310,6,運航,0.05707794147730724
tr-434,エアバスA310,7,号機,0.05532948401292906
tr-434,エアバスA310,8,開発,0.05443452732337639
tr-434,エアバスA310,9,就航,0.05409900469634659
tr-434,エアバスA310,10,胴体,0.05336490395733807
tr-434,エアバスA310,11,ルフトハンザ,0.05283050592572277
tr-434,エアバスA310,12,型式,0.0507186936785183
tr-434,エアバスA310,13,エンジン,0.049009544528113354
tr-434,エアバスA310,14,燃料,0.04799646165399931
tr-434,エアバスA310,15,旅客機,0.04688090786103951
tr-434,エアバスA310,16,航続,0.04688090786103951
tr-434,エアバスA310,17,欧州,0.046749355120795845
tr-434,エアバスA310,18,飛行,0.04332383083874155
tr-434,エアバスA310,19,証明,0.04301502871328021
tr-434,エアバスA310,20,採用,0.03914392294069426
tr-435,恋人たちのクリスマス,1,キャリー,0.4937578083307646
tr-435,恋人たちのクリスマス,2,クリスマス,0.2364596946740563
tr-435,恋人たちのクリスマス,3,アルバム,0.1274124909293972
tr-435,恋人たちのクリスマス,4,ミュージック,0.0860293028319685
tr-435,恋人たちのクリスマス,5,アファナシェフ,0.08587092318795905
tr-435,恋人たちのクリスマス,6,ビデオ,0.07627732086259881
tr-435,恋人たちのクリスマス,7,ホリデー,0.06440319239096928
tr-435,恋人たちのクリスマス,8,映像,0.05814503596556124
tr-435,恋人たちのクリスマス,9,モトラ,0.05366932699247441
tr-435,恋人たちのクリスマス,10,放送,0.05309947585803729
tr-435,恋人たちのクリスマス,11,年代,0.05129179913834976
tr-435,恋人たちのクリスマス,12,シーン,0.04937321672175782
tr-435,恋人たちのクリスマス,13,サンタクロース,0.049337157113974746
tr-435,恋人たちのクリスマス,14,リミックス,0.049337157113974746
tr-435,恋人たちのクリスマス,15,収録,0.046628713081776206
tr-435,恋人たちのクリスマス,16,録音,0.04608558962570025
tr-435,恋人たちのクリスマス,17,ソング,0.04500498723547509
tr-435,恋人たちのクリスマス,18,恋人,0.03897323163520267
tr-435,恋人たちのクリスマス,19,歌詞,0.03868248153748459
tr-435,恋人たちのクリスマス,20,メロディ,0.03835400793460875
tr-436,アーサー・バルフォア,1,フォア,0.3106947042033319
tr-436,アーサー・バルフォア,2,ソールズベリー,0.30946537343040237
tr-436,アーサー・バルフォア,3,保守党,0.24306490996374727
tr-436,アーサー・バルフォア,4,侯爵,0.20460299323165057
tr-436,アーサー・バルフォア,5,アイルランド,0.1879043859122883
tr-436,アーサー・バルフォア,6,アーサー・ジェイムズ・バルフォア,0.18116228520666466
tr-436,アーサー・バルフォア,7,庶民,0.14092828943421626
tr-436,アーサー・バルフォア,8,スコットランド,0.11796118238906991
tr-436,アーサー・バルフォア,9,ホィッティンガム,0.1086973711239988
tr-436,アーサー・バルフォア,10,地主,0.09867092480794436
tr-436,アーサー・バルフォア,11,院内,0.09283961202912071
tr-436,アーサー・バルフォア,12,総務,0.08711828134882885
tr-436,アーサー・バルフォア,13,大蔵,0.08406559708532393
tr-436,アーサー・バルフォア,14,大臣,0.08144965743632646
tr-436,アーサー・バルフォア,15,政権,0.07941820288358593
tr-436,アーサー・バルフォア,16,ジェイムズ・バルフォア,0.07246491408266587
tr-436,アーサー・バルフォア,17,担当,0.06898367339182514
tr-436,アーサー・バルフォア,18,内閣,0.06674564954586555
tr-436,アーサー・バルフォア,19,首相,0.06351341294069031
tr-436,アーサー・バルフォア,20,地代,0.0631939243048759
tr-437,ナカプリバイン,1,ノート,0.5372521796083027
tr-437,ナカプリバイン,2,中村,0.27221005526378045
tr-437,ナカプリバイン,3,印刷所,0.19532133670402602
tr-437,ナカプリバイン,4,接着,0.1572993715177743
tr-437,ナカプリバイン,5,会社,0.11612147420921252
tr-437,ナカプリバイン,6,社長,0.10549482520184703
tr-437,ナカプリバイン,7,商品,0.10395375121265539
tr-437,ナカプリバイン,8,水平,0.10308643393799151
tr-437,ナカプリバイン,9,ショウワノート,0.0993876425786563
tr-437,ナカプリバイン,10,製本,0.08878242577455728
tr-437,ナカプリバイン,11,折り目,0.07575580750636796
tr-437,ナカプリバイン,12,販売,0.07420906003459267
tr-437,ナカプリバイン,13,表紙,0.07217265117630124
tr-437,ナカプリバイン,14,特許,0.06970072871914777
tr-437,ナカプリバイン,15,社員,0.05474947842008682
tr-437,ナカプリバイン,16,開発,0.05423557071766229
tr-437,ナカプリバイン,17,本文,0.04845593337751253
tr-437,ナカプリバイン,18,在庫,0.04718981145533229
tr-437,ナカプリバイン,19,製作,0.04547029302674841
tr-437,ナカプリバイン,20,契約,0.04523879948780936
tr-438,狐の嫁入り,1,キツネ,0.3545450056105368
tr-438,狐の嫁入り,2,嫁入り,0.28705255048130757
tr-438,狐の嫁入り,3,狐の嫁入り,0.28623641062653016
tr-438,狐の嫁入り,4,怪火,0.18215044312597375
tr-438,狐の嫁入り,5,天気,0.13335144273273702
tr-438,狐の嫁入り,6,行列,0.12698687881650791
tr-438,狐の嫁入り,7,江戸,0.08985246691634821
tr-438,狐の嫁入り,8,時代,0.07545995172042445
tr-438,狐の嫁入り,9,きつね,0.06505372968784777
tr-438,狐の嫁入り,10,狐火,0.06505372968784777
tr-438,狐の嫁入り,11,稲荷,0.05811213323425568
tr-438,狐の嫁入り,12,神社,0.05759188376290991
tr-438,狐の嫁入り,13,地方,0.055729101189032564
tr-438,狐の嫁入り,14,怪談,0.05556310113864043
tr-438,狐の嫁入り,15,伝承,0.048445416188858385
tr-438,狐の嫁入り,16,新潟,0.04591942177642158
tr-438,狐の嫁入り,17,提灯,0.04445048091091234
tr-438,狐の嫁入り,18,婚礼,0.04364119974349099
tr-438,狐の嫁入り,19,様子,0.04099595340809259
tr-438,狐の嫁入り,20,嫁取り,0.03903223781270866
tr-439,吾妻鏡,1,吾妻,0.2717155308464366
tr-439,吾妻鏡,2,北条,0.16203551596776322
tr-439,吾妻鏡,3,頼朝,0.1484330045480359
tr-439,吾妻鏡,4,編纂,0.10856375424037147
tr-439,吾妻鏡,5,鎌倉,0.10359422332390093
tr-439,吾妻鏡,6,史料,0.07706745407552582
tr-439,吾妻鏡,7,常胤,0.062315619149462306
tr-439,吾妻鏡,8,幕府,0.05934250474818673
tr-439,吾妻鏡,9,時代,0.05873062280127375
tr-439,吾妻鏡,10,日記,0.057597120313406115
tr-439,吾妻鏡,11,将軍,0.056270308075281626
tr-439,吾妻鏡,12,曲筆,0.05608405723451607
tr-439,吾妻鏡,13,広常,0.05608405723451607
tr-439,吾妻鏡,14,地頭,0.054343106169287336
tr-439,吾妻鏡,15,文治,0.051556971149581736
tr-439,吾妻鏡,16,時政,0.04985249531956984
tr-439,吾妻鏡,17,顕彰,0.04931301051936031
tr-439,吾妻鏡,18,藤原,0.0487321490703506
tr-439,吾妻鏡,19,御家人,0.04749856145537149
tr-439,吾妻鏡,20,千葉,0.04483559969919321
tr-440,ビアトリクス・ポター,1,ポター,0.6265260490108601
tr-440,ビアトリクス・ポター,2,ウォーン,0.11056342041368118
tr-440,ビアトリクス・ポター,3,出版,0.092021115861245
tr-440,ビアトリクス・ポター,4,ローンズリー,0.07370894694245413
tr-440,ビアトリクス・ポター,5,ビアトリクス,0.06756653469724962
tr-440,ビアトリクス・ポター,6,湖水,0.06427879854186948
tr-440,ビアトリクス・ポター,7,ピーターラビット,0.0614241224520451
tr-440,ビアトリクス・ポター,8,ノーマン,0.056465988113275814
tr-440,ビアトリクス・ポター,9,ビアトリクス・ポター,0.05528171020684059
tr-440,ビアトリクス・ポター,10,スケッチ,0.04611606691916762
tr-440,ビアトリクス・ポター,11,ニア・ソーリー,0.04299688571643157
tr-440,ビアトリクス・ポター,12,農場,0.04229573440178381
tr-440,ビアトリクス・ポター,13,作品,0.040765770279829756
tr-440,ビアトリクス・ポター,14,ルパート,0.03685447347122706
tr-440,ビアトリクス・ポター,15,結婚,0.03653527020179891
tr-440,ビアトリクス・ポター,16,ヘレン,0.03605549764215458
tr-440,ビアトリクス・ポター,17,キノコ,0.03605549764215458
tr-440,ビアトリクス・ポター,18,研究,0.03513818116392108
tr-440,ビアトリクス・ポター,19,ハードウィック,0.03511427987419631
tr-440,ビアトリクス・ポター,20,地方,0.03420283892717449
tr-441,ライナス・ポーリング,1,ポーリング,0.5084995397877639
tr-441,ライナス・ポーリング,2,化学,0.12554022432296436
tr-441,ライナス・ポーリング,3,分子,0.08583036665141106
tr-441,ライナス・ポーリング,4,研究,0.07548809255625301
tr-441,ライナス・ポーリング,5,オレゴン,0.06772603909500842
tr-441,ライナス・ポーリング,6,軌道,0.06632926923283035
tr-441,ライナス・ポーリング,7,大学,0.06586047844689079
tr-441,ライナス・ポーリング,8,原子,0.05722137976113008
tr-441,ライナス・ポーリング,9,結合,0.0562139485357166
tr-441,ライナス・ポーリング,10,カリフォルニア,0.0532270989576243
tr-441,ライナス・ポーリング,11,構造,0.0491205837169446
tr-441,ライナス・ポーリング,12,量子力学,0.04789613245543533
tr-441,ライナス・ポーリング,13,ビタミン,0.04713123799544443
tr-441,ライナス・ポーリング,14,ノーベル,0.04471828968501342
tr-441,ライナス・ポーリング,15,物理,0.04343902870810163
tr-441,ライナス・ポーリング,16,工科,0.04233422897045795
tr-441,ライナス・ポーリング,17,科学,0.04226703198400807
tr-441,ライナス・ポーリング,18,混成,0.04176841451067296
tr-441,ライナス・ポーリング,19,平和,0.039980554759478364
tr-441,ライナス・ポーリング,20,オッペンハイマー,0.03911534921444337
tr-442,第1回印象派展,1,画家,0.21004194454466296
tr-442,第1回印象派展,2,サロン,0.18919038378983125
tr-442,第1回印象派展,3,落選,0.17627947928982576
tr-442,第1回印象派展,4,美術,0.166710970857774
tr-442,第1回印象派展,5,アカデミー,0.11750245472010007
tr-442,第1回印象派展,6,開催,0.11390697112745887
tr-442,第1回印象派展,7,バティニョール,0.10389347521790179
tr-442,第1回印象派展,8,ルノワール,0.09752773757574736
tr-442,第1回印象派展,9,グループ,0.09497883480882578
tr-442,第1回印象派展,10,印象派,0.08994829123802155
tr-442,第1回印象派展,11,芸術,0.08406802141889984
tr-442,第1回印象派展,12,展覧,0.08322454108478601
tr-442,第1回印象派展,13,作品,0.0827015352565008
tr-442,第1回印象派展,14,版画,0.07038055374302965
tr-442,第1回印象派展,15,シスレー,0.06926231681193452
tr-442,第1回印象派展,16,彫刻,0.061050095806410375
tr-442,第1回印象派展,17,ナダール,0.05540605334551517
tr-442,第1回印象派展,18,出品,0.05403523822439296
tr-442,第1回印象派展,19,バジール,0.05345786775329092
tr-442,第1回印象派展,20,フランス,0.05168949473133508
tr-443,私作る人、僕食べる人,1,放送,0.16030030447709367
tr-443,私作る人、僕食べる人,2,ラーメン,0.14129207604014707
tr-443,私作る人、僕食べる人,3,女性,0.1371563485232674
tr-443,私作る人、僕食べる人,4,ハウス食品,0.1296164878308816
tr-443,私作る人、僕食べる人,5,行動,0.1292989351122033
tr-443,私作る人、僕食べる人,6,広告,0.10856375424037147
tr-443,私作る人、僕食べる人,7,抗議,0.09948879837968638
tr-443,私作る人、僕食べる人,8,ジェンダー,0.0926221948379744
tr-443,私作る人、僕食べる人,9,テレビ,0.07451221249059872
tr-443,私作る人、僕食べる人,10,記事,0.07451221249059872
tr-443,私作る人、僕食べる人,11,中止,0.07337960591032833
tr-443,私作る人、僕食べる人,12,工業,0.07319883321528357
tr-443,私作る人、僕食べる人,13,掲載,0.06885646231035103
tr-443,私作る人、僕食べる人,14,婦人,0.06817520333586077
tr-443,私作る人、僕食べる人,15,反論,0.06774795433982854
tr-443,私作る人、僕食べる人,16,差別,0.06329841560651223
tr-443,私作る人、僕食べる人,17,男女,0.06221943243891609
tr-443,私作る人、僕食べる人,18,インスタント,0.061748129891982945
tr-443,私作る人、僕食べる人,19,固定,0.05745902128262133
tr-443,私作る人、僕食べる人,20,企画,0.05745902128262133
tr-444,ミハイル・アレクサンドロヴィチ(1878-1918),1,ミハイル,0.5178005275776066
tr-444,ミハイル・アレクサンドロヴィチ(1878-1918),2,ニコライ,0.2201314239914904
tr-444,ミハイル・アレクサンドロヴィチ(1878-1918),3,ナターリア,0.12117251625770328
tr-444,ミハイル・アレクサンドロヴィチ(1878-1918),4,大公,0.09570540429630843
tr-444,ミハイル・アレクサンドロヴィチ(1878-1918),5,ロシア,0.0773967708041235
tr-444,ミハイル・アレクサンドロヴィチ(1878-1918),6,ゲオルギー,0.06927059726828753
tr-444,ミハイル・アレクサンドロヴィチ(1878-1918),7,ガッチナ,0.06462534200410841
tr-444,ミハイル・アレクサンドロヴィチ(1878-1918),8,結婚,0.06406561021274994
tr-444,ミハイル・アレクサンドロヴィチ(1878-1918),9,ケレンスキー,0.06157386423847782
tr-444,ミハイル・アレクサンドロヴィチ(1878-1918),10,アレクサンドル,0.05912048189841823
tr-444,ミハイル・アレクサンドロヴィチ(1878-1918),11,皇帝,0.05780123603087396
tr-444,ミハイル・アレクサンドロヴィチ(1878-1918),12,ロジャンコ,0.04618039817885836
tr-444,ミハイル・アレクサンドロヴィチ(1878-1918),13,宮殿,0.044491053882959826
tr-444,ミハイル・アレクサンドロヴィチ(1878-1918),14,帝位,0.04373309048747332
tr-444,ミハイル・アレクサンドロヴィチ(1878-1918),15,アレクサンドラ,0.04226799640711831
tr-444,ミハイル・アレクサンドロヴィチ(1878-1918),16,彼女,0.040196387634829106
tr-444,ミハイル・アレクサンドロヴィチ(1878-1918),17,臨時,0.03681986859519605
tr-444,ミハイル・アレクサンドロヴィチ(1878-1918),18,アパート,0.03547228913905094
tr-444,ミハイル・アレクサンドロヴィチ(1878-1918),19,アレクセイ,0.033870169133001005
tr-444,ミハイル・アレクサンドロヴィチ(1878-1918),20,マリア,0.03357310436037994
tr-445,アウステルリッツの戦い,1,フランス,0.18477951592660377
tr-445,アウステルリッツの戦い,2,オーストリア,0.17420313366975587
tr-445,アウステルリッツの戦い,3,ナポレオン,0.16444065202718175
tr-445,アウステルリッツの戦い,4,ロシア,0.12767344407942782
tr-445,アウステルリッツの戦い,5,アウステルリッツ,0.12188643889292722
tr-445,アウステルリッツの戦い,6,軍団,0.11798511210781024
tr-445,アウステルリッツの戦い,7,同盟,0.11441846164025887
tr-445,アウステルリッツの戦い,8,騎兵,0.09519356039418525
tr-445,アウステルリッツの戦い,9,部隊,0.09121439226595845
tr-445,アウステルリッツの戦い,10,イギリス,0.09032611617874896
tr-445,アウステルリッツの戦い,11,皇帝,0.07041136100939008
tr-445,アウステルリッツの戦い,12,右翼,0.06327125558256844
tr-445,アウステルリッツの戦い,13,連合,0.06311827757819893
tr-445,アウステルリッツの戦い,14,フランツ,0.05899255605390512
tr-445,アウステルリッツの戦い,15,戦い,0.04808386320598074
tr-445,アウステルリッツの戦い,16,プラツェン,0.0479725827865693
tr-445,アウステルリッツの戦い,17,兵士,0.0465882065208547
tr-445,アウステルリッツの戦い,18,師団,0.04644854422072572
tr-445,アウステルリッツの戦い,19,編制,0.04410025216891597
tr-445,アウステルリッツの戦い,20,屈服,0.0409739069849192
tr-446,騎士戦争,1,騎士,0.19251847313179166
tr-446,騎士戦争,2,ルター,0.1563527912289948
tr-446,騎士戦争,3,帝国,0.13652706161287254
tr-446,騎士戦争,4,諸侯,0.10875655368896814
tr-446,騎士戦争,5,ドイツ,0.1012083015456828
tr-446,騎士戦争,6,大司教,0.09128532609273818
tr-446,騎士戦争,7,ジッキンゲン,0.09119036090756713
tr-446,騎士戦争,8,ラント,0.08688453675066626
tr-446,騎士戦争,9,教会,0.07280775872989671
tr-446,騎士戦争,10,フェーデ,0.06985792157730937
tr-446,騎士戦争,11,改革,0.06564033416232888
tr-446,騎士戦争,12,平和,0.0621644554977022
tr-446,騎士戦争,13,都市,0.061694884161170936
tr-446,騎士戦争,14,マクシミリアン,0.060905701119977694
tr-446,騎士戦争,15,アルブレヒト,0.055886337261847496
tr-446,騎士戦争,16,ヴォルムス,0.05192445557734893
tr-446,騎士戦争,17,皇帝,0.050191461321295316
tr-446,騎士戦争,18,人文,0.049399323230880025
tr-446,騎士戦争,19,オーベルライン,0.045595180453783565
tr-446,騎士戦争,20,地方,0.04556963672448326
tr-447,抗酸化物質,1,酸化,0.5275298017568233
tr-447,抗酸化物質,2,物質,0.26437589094768604
tr-447,抗酸化物質,3,酸素,0.17336614965815342
tr-447,抗酸化物質,4,反応,0.15242691081146775
tr-447,抗酸化物質,5,食品,0.11647154935866247
tr-447,抗酸化物質,6,酵素,0.10657351946245866
tr-447,抗酸化物質,7,生体,0.09378027790208227
tr-447,抗酸化物質,8,活性,0.08920659715263356
tr-447,抗酸化物質,9,ビタミン,0.08358905307794773
tr-447,抗酸化物質,10,還元,0.05724004735831489
tr-447,抗酸化物質,11,ストレス,0.05466476867238693
tr-447,抗酸化物質,12,分子,0.054079379205516295
tr-447,抗酸化物質,13,ラジカル,0.04762149462720378
tr-447,抗酸化物質,14,化学,0.04696531643242853
tr-447,抗酸化物質,15,代謝,0.04626326011903872
tr-447,抗酸化物質,16,微量,0.04626326011903872
tr-447,抗酸化物質,17,ミネラル,0.04579203788665192
tr-447,抗酸化物質,18,生物,0.04528750403372903
tr-447,抗酸化物質,19,グルタチオン,0.04095592520888349
tr-447,抗酸化物質,20,疾患,0.040276247924387464
tr-448,名張牛汁,1,名張,0.5557331690278464
tr-448,名張牛汁,2,伊賀,0.21382686557040395
tr-448,名張牛汁,3,赤目四十八滝,0.1296164878308816
tr-448,名張牛汁,4,出場,0.11156497489376181
tr-448,名張牛汁,5,グルメ,0.11070685811774394
tr-448,名張牛汁,6,三重,0.10912701769602584
tr-448,名張牛汁,7,協会,0.10410811182411236
tr-448,名張牛汁,8,提供,0.1006179077525518
tr-448,名張牛汁,9,商工,0.09822869097533687
tr-448,名張牛汁,10,おにぎり,0.09721236587316119
tr-448,名張牛汁,11,青年,0.09692650515027014
tr-448,名張牛汁,12,当地,0.08776609202348866
tr-448,名張牛汁,13,うどん,0.08303014358830796
tr-448,名張牛汁,14,グランプリ,0.07899231403428457
tr-448,名張牛汁,15,メニュー,0.07692829641020207
tr-448,名張牛汁,16,観光,0.07337960591032833
tr-448,名張牛汁,17,店舗,0.07172604362478577
tr-448,名張牛汁,18,会議,0.06603720333460257
tr-448,名張牛汁,19,コロッケ,0.0648082439154408
tr-448,名張牛汁,20,すまし汁,0.0648082439154408
tr-449,ウルグ・ベク,1,ウルグ・ベク,0.9276179974007922
tr-449,ウルグ・ベク,2,シャー・ルフ,0.3180404562517002
tr-449,ウルグ・ベク,3,サマルカンド,0.28892090570922274
tr-449,ウルグ・ベク,4,アブドゥッラティーフ,0.21202697083446678
tr-449,ウルグ・ベク,5,ティムール,0.20002216549100038
tr-449,ウルグ・ベク,6,バラク,0.10601348541723339
tr-449,ウルグ・ベク,7,遠征,0.09265876630258878
tr-449,ウルグ・ベク,8,ヘラート,0.09245037074231845
tr-449,ウルグ・ベク,9,統治,0.08481035432524876
tr-449,ウルグ・ベク,10,シール・ムハンマド,0.07951011406292505
tr-449,ウルグ・ベク,11,アラー・ウッダウラ,0.07575580750636796
tr-449,ウルグ・ベク,12,事績,0.07102594061964583
tr-449,ウルグ・ベク,13,ウズベク,0.06933777805673884
tr-449,ウルグ・ベク,14,ムハンマド・タラガイ,0.053006742708616696
tr-449,ウルグ・ベク,15,アブドゥルアズィーズ,0.053006742708616696
tr-449,ウルグ・ベク,16,王族,0.05224679018175429
tr-449,ウルグ・ベク,17,君主,0.048656368598339814
tr-449,ウルグ・ベク,18,バルフ,0.04527363796481813
tr-449,ウルグ・ベク,19,文人,0.043071940780011135
tr-449,ウルグ・ベク,20,学者,0.03935001461077236
tr-450,タチアナ(虎),1,タチアナ,0.36115841677059635
tr-450,タチアナ(虎),2,動物,0.2576189694119589
tr-450,タチアナ(虎),3,サンフランシスコ,0.23226622198837835
tr-450,タチアナ(虎),4,飼育,0.15997230556575923
tr-450,タチアナ(虎),5,ソーサ,0.1457910410661444
tr-450,タチアナ(虎),6,警察,0.1308260977834716
tr-450,タチアナ(虎),7,事件,0.12030607654836709
tr-450,タチアナ(虎),8,兄弟,0.07409983752905404
tr-450,タチアナ(虎),9,カフェ,0.06304784766720747
tr-450,タチアナ(虎),10,脱走,0.05842397475855246
tr-450,タチアナ(虎),11,責任,0.057080337511279285
tr-450,タチアナ(虎),12,救助,0.05637675865654152
tr-450,タチアナ(虎),13,当局,0.05217001442440929
tr-450,タチアナ(虎),14,閉園,0.05085555198728553
tr-450,タチアナ(虎),15,安全,0.04752243445685491
tr-450,タチアナ(虎),16,通報,0.047386447581404444
tr-450,タチアナ(虎),17,園内,0.04673917980684197
tr-450,タチアナ(虎),18,死亡,0.04559815064131674
tr-450,タチアナ(虎),19,被害,0.04390926519300356
tr-450,タチアナ(虎),20,隊員,0.04203189844480498
tr-451,平松のウツクシマツ自生地,1,ウツクシマツ,0.5383345337471439
tr-451,平松のウツクシマツ自生地,2,平松,0.2896860601187508
tr-451,平松のウツクシマツ自生地,3,自生,0.16428844383839297
tr-451,平松のウツクシマツ自生地,4,湖南,0.12510133349675442
tr-451,平松のウツクシマツ自生地,5,アカマツ,0.11450275275424762
tr-451,平松のウツクシマツ自生地,6,交配,0.1142945892129149
tr-451,平松のウツクシマツ自生地,7,滋賀,0.08418769696094776
tr-451,平松のウツクシマツ自生地,8,松山,0.07366423484082929
tr-451,平松のウツクシマツ自生地,9,松尾,0.07034453377335699
tr-451,平松のウツクシマツ自生地,10,遺伝,0.06328838789844898
tr-451,平松のウツクシマツ自生地,11,甲西,0.06255066674837721
tr-451,平松のウツクシマツ自生地,12,樹冠,0.06255066674837721
tr-451,平松のウツクシマツ自生地,13,天然記念物,0.05862263982990537
tr-451,平松のウツクシマツ自生地,14,劣性,0.05725137637712381
tr-451,平松のウツクシマツ自生地,15,メートル,0.05369896478451494
tr-451,平松のウツクシマツ自生地,16,東海道,0.050246095552397854
tr-451,平松のウツクシマツ自生地,17,世代,0.04854362800726216
tr-451,平松のウツクシマツ自生地,18,指定,0.04799868910751339
tr-451,平松のウツクシマツ自生地,19,名所,0.04575231371063854
tr-451,平松のウツクシマツ自生地,20,昭和,0.0441722252813555
tr-452,中小坂鉄山,1,鉄山,0.4275730615168085
tr-452,中小坂鉄山,2,中小,0.3607289763081288
tr-452,中小坂鉄山,3,製鉄,0.1272623100630027
tr-452,中小坂鉄山,4,鉱山,0.11706749667281045
tr-452,中小坂鉄山,5,溶鉱炉,0.10372403708608799
tr-452,中小坂鉄山,6,明治,0.09096949779060086
tr-452,中小坂鉄山,7,経営,0.08063324536496322
tr-452,中小坂鉄山,8,建設,0.07989406370127405
tr-452,中小坂鉄山,9,官営,0.07642823785290694
tr-452,中小坂鉄山,10,鉄鉱,0.0704910046635669
tr-452,中小坂鉄山,11,高炉,0.06550991815963451
tr-452,中小坂鉄山,12,丹羽,0.06532366217617909
tr-452,中小坂鉄山,13,大砲,0.060373470859511745
tr-452,中小坂鉄山,14,銑鉄,0.058353262417800304
tr-452,中小坂鉄山,15,設備,0.05365889571798104
tr-452,中小坂鉄山,16,鋳造,0.052579257428957756
tr-452,中小坂鉄山,17,野村,0.05072150311411159
tr-452,中小坂鉄山,18,水戸,0.047595741539125026
tr-452,中小坂鉄山,19,南蛇井,0.047508117946312066
tr-452,中小坂鉄山,20,下仁田,0.04156960320302305
tr-453,天色*アイルノーツ,1,アイルノーツ,0.16542559633407172
tr-453,天色*アイルノーツ,2,ライゼルグ,0.16542559633407172
tr-453,天色*アイルノーツ,3,ヒロイン,0.16283108647349961
tr-453,天色*アイルノーツ,4,ゲーム,0.14861487117833114
tr-453,天色*アイルノーツ,5,種族,0.11803208453791621
tr-453,天色*アイルノーツ,6,セリアンスロープ,0.10527083403077292
tr-453,天色*アイルノーツ,7,シャーリィ,0.10030015844976213
tr-453,天色*アイルノーツ,8,エルフ,0.09023214345494822
tr-453,天色*アイルノーツ,9,美少女,0.0868320568373685
tr-453,天色*アイルノーツ,10,発売,0.0763796581837724
tr-453,天色*アイルノーツ,11,売り上げ,0.0645682516647289
tr-453,天色*アイルノーツ,12,デザイン,0.06317291733831053
tr-453,天色*アイルノーツ,13,教師,0.06151123880245489
tr-453,天色*アイルノーツ,14,フェン・シクリッド,0.06015476230329881
tr-453,天色*アイルノーツ,15,真咲,0.06015476230329881
tr-453,天色*アイルノーツ,16,女学院,0.05731437625700694
tr-453,天色*アイルノーツ,17,メイン,0.057284743637829295
tr-453,天色*アイルノーツ,18,主人公,0.05683753227791201
tr-453,天色*アイルノーツ,19,ランキング,0.053806876387274084
tr-453,天色*アイルノーツ,20,企画,0.05333324217125973
tr-454,佐久間ダム,1,佐久間,0.16927436719107228
tr-454,佐久間ダム,2,補償,0.14338435622224685
tr-454,佐久間ダム,3,発電,0.13567810323772594
tr-454,佐久間ダム,4,開発,0.10431371092735046
tr-454,佐久間ダム,5,天竜川,0.09626762363702389
tr-454,佐久間ダム,6,建設,0.07827020061791481
tr-454,佐久間ダム,7,電源,0.07299079240187989
tr-454,佐久間ダム,8,水没,0.06488224045894998
tr-454,佐久間ダム,9,昭和,0.06470824241066661
tr-454,佐久間ダム,10,電力,0.060641665181947836
tr-454,佐久間ダム,11,重機,0.05959424320387194
tr-454,佐久間ダム,12,工事,0.04816108708948374
tr-454,佐久間ダム,13,天竜,0.04751235313988234
tr-454,佐久間ダム,14,入札,0.04524573991998603
tr-454,佐久間ダム,15,住民,0.04428725835299586
tr-454,佐久間ダム,16,キロワット,0.04198262617932058
tr-454,佐久間ダム,17,計画,0.04112562042639397
tr-454,佐久間ダム,18,当時,0.03709652285751637
tr-454,佐久間ダム,19,完成,0.0363261460741295
tr-454,佐久間ダム,20,水力,0.03543661828692163
tr-455,両生類の減少,1,両生類,0.3534292491322344
tr-455,両生類の減少,2,生息,0.16673769996485321
tr-455,両生類の減少,3,減少,0.15300226511594905
tr-455,両生類の減少,4,紫外線,0.14234853879489398
tr-455,両生類の減少,5,幼生,0.09077140285025417
tr-455,両生類の減少,6,カエル,0.08859425562905539
tr-455,両生類の減少,7,生物,0.08226108921638157
tr-455,両生類の減少,8,疾病,0.06908568719170104
tr-455,両生類の減少,9,汚染,0.05536000044793975
tr-455,両生類の減少,10,感染,0.05536000044793975
tr-455,両生類の減少,11,増加,0.05462400339507146
tr-455,両生類の減少,12,原因,0.05136560376773239
tr-455,両生類の減少,13,絶滅,0.04722919148523179
tr-455,両生類の減少,14,多く,0.041927021755500934
tr-455,両生類の減少,15,改変,0.039541260776359444
tr-455,両生類の減少,16,研究,0.03908315023023825
tr-455,両生類の減少,17,変動,0.03889001162020767
tr-455,両生類の減少,18,証拠,0.03889001162020767
tr-455,両生類の減少,19,吸虫,0.03797426528179084
tr-455,両生類の減少,20,殺虫,0.03707168331746433
tr-456,江戸時代の三貨制度,1,貨幣,0.24627171330664693
tr-456,江戸時代の三貨制度,2,銀貨,0.1457410477781817
tr-456,江戸時代の三貨制度,3,通貨,0.12096045930335206
tr-456,江戸時代の三貨制度,4,金貨,0.12060143418403117
tr-456,江戸時代の三貨制度,5,鋳造,0.11472231394581646
tr-456,江戸時代の三貨制度,6,金座,0.11308105111171562
tr-456,江戸時代の三貨制度,7,金銀,0.10493355440029083
tr-456,江戸時代の三貨制度,8,通用,0.09910391248916356
tr-456,江戸時代の三貨制度,9,銀座,0.09105354996787915
tr-456,江戸時代の三貨制度,10,小判,0.08838783721555926
tr-456,江戸時代の三貨制度,11,流通,0.08783282239612994
tr-456,江戸時代の三貨制度,12,品位,0.08744462866690901
tr-456,江戸時代の三貨制度,13,幕府,0.08076441633876674
tr-456,江戸時代の三貨制度,14,吹替え,0.07774322263930449
tr-456,江戸時代の三貨制度,15,取引,0.07634229798978902
tr-456,江戸時代の三貨制度,16,慶長,0.07362810566290996
tr-456,江戸時代の三貨制度,17,江戸,0.06758134263793712
tr-456,江戸時代の三貨制度,18,相場,0.06632385325327717
tr-456,江戸時代の三貨制度,19,元禄,0.06485409692867443
tr-456,江戸時代の三貨制度,20,地金,0.06360809125034005
tr-457,赤羽台トンネル,1,トンネル,0.40171329003763856
tr-457,赤羽台トンネル,2,赤羽台,0.16764388474872702
tr-457,赤羽台トンネル,3,メートル,0.14283808149026342
tr-457,赤羽台トンネル,4,工事,0.13492417348387906
tr-457,赤羽台トンネル,5,新幹線,0.12689788704064767
tr-457,赤羽台トンネル,6,星美学園,0.11176258983248466
tr-457,赤羽台トンネル,7,掘削,0.10518635443796354
tr-457,赤羽台トンネル,8,昭和,0.0805694818735849
tr-457,赤羽台トンネル,9,赤羽,0.07705586360534017
tr-457,赤羽台トンネル,10,校舎,0.07497785193472933
tr-457,赤羽台トンネル,11,埼京線,0.06519484406894939
tr-457,赤羽台トンネル,12,架台,0.06519484406894939
tr-457,赤羽台トンネル,13,東北新幹線,0.06497596555425418
tr-457,赤羽台トンネル,14,土砂,0.06490675307322691
tr-457,赤羽台トンネル,15,作業,0.05684491904928153
tr-457,赤羽台トンネル,16,建設,0.0542967682377639
tr-457,赤羽台トンネル,17,搬出,0.053775601360235806
tr-457,赤羽台トンネル,18,経路,0.04768806824674697
tr-457,赤羽台トンネル,19,荒川,0.04540772932556488
tr-457,赤羽台トンネル,20,高架,0.044787489543758
tr-458,海王星,1,海王星,0.5080054961247125
tr-458,海王星,2,惑星,0.24895588603089683
tr-458,海王星,3,天王星,0.15377815204355763
tr-458,海王星,4,衛星,0.11731447327274742
tr-458,海王星,5,発見,0.1079906563957635
tr-458,海王星,6,ボイジャー,0.0885457490334171
tr-458,海王星,7,名称,0.07880028445352759
tr-458,海王星,8,地球,0.07807735021682967
tr-458,海王星,9,ルヴェリエ,0.07434711964325459
tr-458,海王星,10,太陽系,0.07267630023695143
tr-458,海王星,11,質量,0.06650157233145779
tr-458,海王星,12,アダムズ,0.06198202432339197
tr-458,海王星,13,観測,0.06173684448968749
tr-458,海王星,14,天体,0.06028438681166429
tr-458,海王星,15,メタン,0.053659203954694173
tr-458,海王星,16,接近,0.0515382024622556
tr-458,海王星,17,軌道,0.0506756693712675
tr-458,海王星,18,望遠鏡,0.04978931286555788
tr-458,海王星,19,神話,0.04778389076763885
tr-458,海王星,20,天文学,0.046551100632020455
tr-459,池上競馬場,1,競馬,0.8099832348329179
tr-459,池上競馬場,2,馬券,0.3211933859063144
tr-459,池上競馬場,3,池上,0.22208111010649823
tr-459,池上競馬場,4,明治,0.149411510455712
tr-459,池上競馬場,5,東京,0.10844437841743963
tr-459,池上競馬場,6,加納,0.10547154972010979
tr-459,池上競馬場,7,黙許,0.09406830396177049
tr-459,池上競馬場,8,横浜,0.08041606516471926
tr-459,池上競馬場,9,競走,0.0665071823663815
tr-459,池上競馬場,10,馬匹,0.06401899225890251
tr-459,池上競馬場,11,政府,0.05999220857104132
tr-459,池上競馬場,12,発売,0.059720167011059914
tr-459,池上競馬場,13,レース,0.056568139499835704
tr-459,池上競馬場,14,賭博,0.0516502066922573
tr-459,池上競馬場,15,開催,0.046064882298676314
tr-459,池上競馬場,16,禁止,0.0425037493732346
tr-459,池上競馬場,17,補助,0.041402624826225164
tr-459,池上競馬場,18,安田,0.04101671378004269
tr-459,池上競馬場,19,帝室,0.04017238298286679
tr-459,池上競馬場,20,倶楽部,0.04017238298286679
tr-460,天明の打ちこわし,1,天明,0.3085940523698095
tr-460,天明の打ちこわし,2,田沼,0.18847178346245083
tr-460,天明の打ちこわし,3,江戸,0.1344984951762385
tr-460,天明の打ちこわし,4,都市,0.12370978000649756
tr-460,天明の打ちこわし,5,意次,0.09697721300044175
tr-460,天明の打ちこわし,6,幕府,0.09376212953333485
tr-460,天明の打ちこわし,7,売買,0.09340246467109695
tr-460,天明の打ちこわし,8,米穀,0.09199606916618912
tr-460,天明の打ちこわし,9,勝手,0.08249742189059352
tr-460,天明の打ちこわし,10,農村,0.08242791221486852
tr-460,天明の打ちこわし,11,米価,0.08040911263575175
tr-460,天明の打ちこわし,12,地主,0.07182128126376786
tr-460,天明の打ちこわし,13,明和,0.06961194026554919
tr-460,天明の打ちこわし,14,流通,0.06900095642784033
tr-460,天明の打ちこわし,15,流入,0.06350572033393781
tr-460,天明の打ちこわし,16,没落,0.06279968296274875
tr-460,天明の打ちこわし,17,農民,0.06253789628168827
tr-460,天明の打ちこわし,18,貨幣,0.05881476789534664
tr-460,天明の打ちこわし,19,離村,0.05519764149971348
tr-460,天明の打ちこわし,20,計数,0.054061395702460956
tr-461,第五次イタリア戦争,1,フランソワ,0.3851954194664421
tr-461,第五次イタリア戦争,2,カール,0.2160631075182708
tr-461,第五次イタリア戦争,3,ヘンリー,0.1576279144498151
tr-461,第五次イタリア戦争,4,フランス,0.152016239396802
tr-461,第五次イタリア戦争,5,皇帝,0.09908516997390586
tr-461,第五次イタリア戦争,6,同盟,0.08917665297651527
tr-461,第五次イタリア戦争,7,公国,0.08782142229237033
tr-461,第五次イタリア戦争,8,条約,0.08746884151348071
tr-461,第五次イタリア戦争,9,ネーデルラント,0.08266904777677535
tr-461,第五次イタリア戦争,10,オスマン,0.0816911363282197
tr-461,第五次イタリア戦争,11,ミラノ,0.07729239350222265
tr-461,第五次イタリア戦争,12,戦争,0.07695529778136039
tr-461,第五次イタリア戦争,13,ヴィルヘルム,0.07214197302471152
tr-461,第五次イタリア戦争,14,宣戦,0.06697974571760677
tr-461,第五次イタリア戦争,15,請求,0.06487627930815025
tr-461,第五次イタリア戦争,16,攻撃,0.06325573039509214
tr-461,第五次イタリア戦争,17,イタリア,0.06315417253364136
tr-461,第五次イタリア戦争,18,ニース,0.06279647824006536
tr-461,第五次イタリア戦争,19,侵攻,0.0622579391077927
tr-461,第五次イタリア戦争,20,オルレアン,0.05771357841976922
tr-462,荒木初子,1,荒木,0.45564825580142665
tr-462,荒木初子,2,沖の島,0.1817374035724001
tr-462,荒木初子,3,島民,0.1776531783569924
tr-462,荒木初子,4,保健,0.16373537158723633
tr-462,荒木初子,5,高知,0.12051205142807533
tr-462,荒木初子,6,看護,0.1130034383149612
tr-462,荒木初子,7,フィラリア,0.10822258215195422
tr-462,荒木初子,8,衛生,0.08875174674987164
tr-462,荒木初子,9,赴任,0.08248302991577285
tr-462,荒木初子,10,撲滅,0.07619892018704776
tr-462,荒木初子,11,病気,0.06674779093596019
tr-462,荒木初子,12,受賞,0.06564485960078756
tr-462,荒木初子,13,孤島,0.05714919014028582
tr-462,荒木初子,14,風土病,0.05621440414301294
tr-462,荒木初子,15,表彰,0.0491206114761709
tr-462,荒木初子,16,当時,0.048284363084386384
tr-462,荒木初子,17,結核,0.048106060908632134
tr-462,荒木初子,18,初子,0.04543435089310002
tr-462,荒木初子,19,宿毛,0.04543435089310002
tr-462,荒木初子,20,花筒,0.04543435089310002
tr-463,パルティア,1,アルサケス,0.45369466972390426
tr-463,パルティア,2,パルティア,0.39315258994217295
tr-463,パルティア,3,セレウコス,0.189797802041049
tr-463,パルティア,4,ミトラダテス,0.1745989196058317
tr-463,パルティア,5,在位,0.11221706695061952
tr-463,パルティア,6,ティリダテス,0.11110840338552928
tr-463,パルティア,7,支配,0.09245659987429147
tr-463,パルティア,8,ディオドトス,0.07936314527537806
tr-463,パルティア,9,アンティオコス,0.07561577828731739
tr-463,パルティア,10,メディア,0.07082262304454476
tr-463,パルティア,11,イラン,0.0667890162070355
tr-463,パルティア,12,アルシャク,0.0604926226298539
tr-463,パルティア,13,バクトリア,0.05836558327716051
tr-463,パルティア,14,後継,0.054463493311151516
tr-463,パルティア,15,名前,0.05339858656932809
tr-463,パルティア,16,メソポタミア,0.05024275674357005
tr-463,パルティア,17,遊牧民,0.04965094374783226
tr-463,パルティア,18,ミフルダート,0.04761788716522683
tr-463,パルティア,19,アンドラゴラス,0.04761788716522683
tr-463,パルティア,20,プラアテス,0.04761788716522683
tr-464,マンスフィールド(オハイオ州),1,マンスフィールド,0.41774186256313495
tr-464,マンスフィールド(オハイオ州),2,オハイオ,0.13231036591568424
tr-464,マンスフィールド(オハイオ州),3,ダウン,0.09249111401241646
tr-464,マンスフィールド(オハイオ州),4,タウン,0.08736616131811761
tr-464,マンスフィールド(オハイオ州),5,鉄道,0.0689932812738797
tr-464,マンスフィールド(オハイオ州),6,ストリート,0.06547635664511721
tr-464,マンスフィールド(オハイオ州),7,コロン,0.0639356232280246
tr-464,マンスフィールド(オハイオ州),8,パーク,0.06365995259237545
tr-464,マンスフィールド(オハイオ州),9,立地,0.06324268998339375
tr-464,マンスフィールド(オハイオ州),10,同館,0.06082637714138559
tr-464,マンスフィールド(オハイオ州),11,シアター,0.06082637714138559
tr-464,マンスフィールド(オハイオ州),12,都市,0.05787896978175439
tr-464,マンスフィールド(オハイオ州),13,リッチ,0.05480196276687823
tr-464,マンスフィールド(オハイオ州),14,ランド,0.047744964444281585
tr-464,マンスフィールド(オハイオ州),15,クリーブランド,0.04566830230573186
tr-464,マンスフィールド(オハイオ州),16,空港,0.042565782522289465
tr-464,マンスフィールド(オハイオ州),17,展示,0.04196801950798115
tr-464,マンスフィールド(オハイオ州),18,入植,0.036204879181544976
tr-464,マンスフィールド(オハイオ州),19,マーティン,0.03586947924122547
tr-464,マンスフィールド(オハイオ州),20,セントラル,0.034283159285466894
tr-465,オーヴァーロード作戦,1,作戦,0.2324776718452467
tr-465,オーヴァーロード作戦,2,上陸,0.17330067579754221
tr-465,オーヴァーロード作戦,3,侵攻,0.12742631032834806
tr-465,オーヴァーロード作戦,4,連合,0.12055975884982204
tr-465,オーヴァーロード作戦,5,ノルマンディー,0.11190803620418667
tr-465,オーヴァーロード作戦,6,師団,0.10984325447319992
tr-465,オーヴァーロード作戦,7,イギリス,0.10617131667164395
tr-465,オーヴァーロード作戦,8,ドイツ,0.08264887497497493
tr-465,オーヴァーロード作戦,9,空挺,0.06981375868939761
tr-465,オーヴァーロード作戦,10,戦線,0.06849607138080736
tr-465,オーヴァーロード作戦,11,部隊,0.05973430322782889
tr-465,オーヴァーロード作戦,12,地点,0.058297924744214455
tr-465,オーヴァーロード作戦,13,フランス,0.05688412552524748
tr-465,オーヴァーロード作戦,14,兵士,0.04745936810620401
tr-465,オーヴァーロード作戦,15,海岸,0.04694653538412823
tr-465,オーヴァーロード作戦,16,ソ連,0.04587523040349158
tr-465,オーヴァーロード作戦,17,アイゼンハワー,0.04278561050534395
tr-465,オーヴァーロード作戦,18,強襲,0.04157616036271951
tr-465,オーヴァーロード作戦,19,正面,0.040060593965917185
tr-465,オーヴァーロード作戦,20,海峡,0.038410037850349764
tr-466,藍藻,1,細胞,0.4058105018316161
tr-466,藍藻,2,光合成,0.251104247993391
tr-466,藍藻,3,細菌,0.1546723832242006
tr-466,藍藻,4,酸素,0.11675532148882402
tr-466,藍藻,5,チラコイド,0.11598817201629293
tr-466,藍藻,6,トリコーム,0.10300765049809701
tr-466,藍藻,7,原核,0.09814383785994017
tr-466,藍藻,8,光化学,0.09814383785994017
tr-466,藍藻,9,クロロフィル,0.0892216707817638
tr-466,藍藻,10,生物,0.08283777546264068
tr-466,藍藻,11,カルボキシソーム,0.07491465490770692
tr-466,藍藻,12,ペプチドグリカン,0.06555032304424355
tr-466,藍藻,13,ルビスコ,0.06555032304424355
tr-466,藍藻,14,糸状,0.06282048381832946
tr-466,藍藻,15,存在,0.058868687609590735
tr-466,藍藻,16,フィコビリソーム,0.05618599118078019
tr-466,藍藻,17,タンパク質,0.05440102125742576
tr-466,藍藻,18,緑色,0.05253777937914389
tr-466,藍藻,19,呼吸,0.051891253995032895
tr-466,藍藻,20,形成,0.05153202068559702
tr-467,船山春子,1,春子,0.7221733356148987
tr-467,船山春子,2,ヒロポン,0.18054333390372468
tr-467,船山春子,3,船山,0.17634305827859567
tr-467,船山春子,4,眞之,0.07898770858287955
tr-467,船山春子,5,編集,0.06881981907386728
tr-467,船山春子,6,執筆,0.06729771900126384
tr-467,船山春子,7,小説,0.051232801598860414
tr-467,船山春子,8,食事,0.049948282895559186
tr-467,船山春子,9,熊本,0.049549334237596776
tr-467,船山春子,10,生活,0.04877654396313735
tr-467,船山春子,11,注射,0.04521908164623836
tr-467,船山春子,12,玉名,0.04300461083147301
tr-467,船山春子,13,看護,0.04009320413277204
tr-467,船山春子,14,連載,0.039319333990483055
tr-467,船山春子,15,筆名,0.03723003901192973
tr-467,船山春子,16,文学,0.03701922749554752
tr-467,船山春子,17,当時,0.03597534016931286
tr-467,船山春子,18,仕事,0.03485225042045344
tr-467,船山春子,19,豊国,0.03385187510694838
tr-467,船山春子,20,上京,0.031653839481389584
tr-468,篠島,1,篠島,0.4217333613756567
tr-468,篠島,2,日間賀島,0.17806519702527726
tr-468,篠島,3,三河湾,0.1405777871252189
tr-468,篠島,4,師崎,0.10309037722516053
tr-468,篠島,5,昭和,0.0898190265662123
tr-468,篠島,6,野島,0.08434667227513133
tr-468,篠島,7,南知多,0.08138087771377277
tr-468,篠島,8,愛知,0.07792881906132818
tr-468,篠島,9,平成,0.07245465968363494
tr-468,篠島,10,離島,0.0649073532372933
tr-468,篠島,11,三島,0.05855548903972221
tr-468,篠島,12,本土,0.05689731323363183
tr-468,篠島,13,佐久島,0.05623111485008756
tr-468,篠島,14,漁業,0.05576328338606144
tr-468,篠島,15,築見島,0.049181513853355695
tr-468,篠島,16,人口,0.04510272908162289
tr-468,篠島,17,観光,0.044548901640863704
tr-468,篠島,18,出港,0.04253743674225109
tr-468,篠島,19,木島,0.039345211082684566
tr-468,篠島,20,中手,0.039345211082684566
tr-469,ラッコの保護活動,1,ラッコ,0.9423863802886402
tr-469,ラッコの保護活動,2,シャチ,0.14465344494149662
tr-469,ラッコの保護活動,3,生息,0.12409138888212266
tr-469,ラッコの保護活動,4,カリフォルニア,0.10200699483916437
tr-469,ラッコの保護活動,5,絶滅,0.09276279494406782
tr-469,ラッコの保護活動,6,保護,0.08819550360493442
tr-469,ラッコの保護活動,7,アラスカ,0.08482615395168079
tr-469,ラッコの保護活動,8,捕食,0.08086839841032492
tr-469,ラッコの保護活動,9,地域,0.08063025419856418
tr-469,ラッコの保護活動,10,危惧,0.07570329761635301
tr-469,ラッコの保護活動,11,トキソプラズマ,0.06743789779159087
tr-469,ラッコの保護活動,12,狩猟,0.06389723213620843
tr-469,ラッコの保護活動,13,年代,0.058184414380326954
tr-469,ラッコの保護活動,14,頭数,0.056550769301120525
tr-469,ラッコの保護活動,15,減少,0.055797901342158715
tr-469,ラッコの保護活動,16,動物,0.054166196924194596
tr-469,ラッコの保護活動,17,個体,0.05395921585665716
tr-469,ラッコの保護活動,18,毛皮,0.05161405208052596
tr-469,ラッコの保護活動,19,列島,0.04729431645026991
tr-469,ラッコの保護活動,20,増加,0.04726627233328887
tr-470,ダビデ像(ミケランジェロ),1,ダビデ,0.24631014269932225
tr-470,ダビデ像(ミケランジェロ),2,聖堂,0.23405456091928728
tr-470,ダビデ像(ミケランジェロ),3,造営,0.211033601320071
tr-470,ダビデ像(ミケランジェロ),4,フィレンツェ,0.20701460131696073
tr-470,ダビデ像(ミケランジェロ),5,大理石,0.18088594398863228
tr-470,ダビデ像(ミケランジェロ),6,ミケランジェロ,0.1280303560800331
tr-470,ダビデ像(ミケランジェロ),7,アゴスティーノ,0.11817099521278769
tr-470,ダビデ像(ミケランジェロ),8,制作,0.10889082583033473
tr-470,ダビデ像(ミケランジェロ),9,巨人,0.09602276706002483
tr-470,ダビデ像(ミケランジェロ),10,契約,0.08964752926024608
tr-470,ダビデ像(ミケランジェロ),11,芸術,0.08541773735911155
tr-470,ダビデ像(ミケランジェロ),12,聖書,0.07729373192513124
tr-470,ダビデ像(ミケランジェロ),13,作品,0.0746927219543932
tr-470,ダビデ像(ミケランジェロ),14,組合,0.07207139768148578
tr-470,ダビデ像(ミケランジェロ),15,完成,0.07173580681152637
tr-470,ダビデ像(ミケランジェロ),16,ドナテッロ,0.07037432648552064
tr-470,ダビデ像(ミケランジェロ),17,巨大,0.06406330301933366
tr-470,ダビデ像(ミケランジェロ),18,羊毛,0.06314077272071082
tr-470,ダビデ像(ミケランジェロ),19,表現,0.06010437541678621
tr-470,ダビデ像(ミケランジェロ),20,旧約,0.059147028947703066
tr-471,フォード島,1,ハワイ,0.16209747706876182
tr-471,フォード島,2,フォード,0.15201577940471592
tr-471,フォード島,3,合衆国,0.11503691921008904
tr-471,フォード島,4,真珠湾,0.10489594282818529
tr-471,フォード島,5,海軍,0.0837324823424749
tr-471,フォード島,6,基地,0.05802214230981454
tr-471,フォード島,7,ヘクタール,0.0516036243473382
tr-471,フォード島,8,陸軍,0.04974383797291036
tr-471,フォード島,9,カメハメハ,0.047350142217353654
tr-471,フォード島,10,島内,0.0450535684541809
tr-471,フォード島,11,浚渫,0.04491804645320871
tr-471,フォード島,12,オアフ,0.040585836186303126
tr-471,フォード島,13,格納庫,0.03770863419177654
tr-471,フォード島,14,土地,0.033083343798795226
tr-471,フォード島,15,ロック,0.032574809872439124
tr-471,フォード島,16,ジョン,0.03145769746102284
tr-471,フォード島,17,航空,0.030719361535538347
tr-471,フォード島,18,戦艦,0.03034710763504555
tr-471,フォード島,19,儀式,0.029736410991719125
tr-471,フォード島,20,ルーク・フィールド,0.029433049935889993
tr-472,動物漫画,1,動物,0.6241775935156059
tr-472,動物漫画,2,漫画,0.5130444349902462
tr-472,動物漫画,3,作品,0.21182653160595444
tr-472,動物漫画,4,擬人,0.1105058390147797
tr-472,動物漫画,5,白土,0.09255234401230475
tr-472,動物漫画,6,ジャングル,0.08296752658711014
tr-472,動物漫画,7,ハムスター,0.07771124270403534
tr-472,動物漫画,8,昭和,0.06535890347060293
tr-472,動物漫画,9,シートン,0.05828343202802651
tr-472,動物漫画,10,ストーリー,0.05643182861205817
tr-472,動物漫画,11,三平,0.05553140640738285
tr-472,動物漫画,12,治虫,0.04978051595226608
tr-472,動物漫画,13,デフォルメ,0.04978051595226608
tr-472,動物漫画,14,主人公,0.048950574556090136
tr-472,動物漫画,15,マンガ,0.048074761914160394
tr-472,動物漫画,16,手塚,0.04735964529204845
tr-472,動物漫画,17,ディズニー,0.04735964529204845
tr-472,動物漫画,18,大帝,0.04671274361916841
tr-472,動物漫画,19,登場,0.046554904133849946
tr-472,動物漫画,20,代表,0.04256545930872333
tr-473,スペインワイン,1,ワイン,0.40378501389471094
tr-473,スペインワイン,2,スペイン,0.25273020401115065
tr-473,スペインワイン,3,ブドウ,0.2212051593251976
tr-473,スペインワイン,4,生産,0.18877860045204806
tr-473,スペインワイン,5,リオハ,0.09871584176962131
tr-473,スペインワイン,6,地域,0.06476734187873563
tr-473,スペインワイン,7,原産地,0.05898044219698406
tr-473,スペインワイン,8,栽培,0.05607689351936567
tr-473,スペインワイン,9,赤ワイン,0.054510204070219635
tr-473,スペインワイン,10,地方,0.05290256842622773
tr-473,スペインワイン,11,品種,0.05014653487863593
tr-473,スペインワイン,12,リベラ・デル・ドゥエロ,0.04954808303217405
tr-473,スペインワイン,13,フランス,0.04622446866713387
tr-473,スペインワイン,14,リットル,0.045751408990952924
tr-473,スペインワイン,15,フィロキセラ,0.04535037111356727
tr-473,スペインワイン,16,呼称,0.04214084007265494
tr-473,スペインワイン,17,テンプラニーリョ,0.041830140777934684
tr-473,スペインワイン,18,降水,0.04177925347208393
tr-473,スペインワイン,19,ヘクタール,0.0410289830825203
tr-473,スペインワイン,20,アイレン,0.039002690320041965
tr-474,ジョルジュ・ビゴー,1,ビゴー,0.41653806024009987
tr-474,ジョルジュ・ビゴー,2,挿絵,0.12409387187328214
tr-474,ジョルジュ・ビゴー,3,居留,0.10022821107304944
tr-474,ジョルジュ・ビゴー,4,フランス,0.09493551478433433
tr-474,ジョルジュ・ビゴー,5,漫画,0.07955166612203653
tr-474,ジョルジュ・ビゴー,6,風刺,0.07284683705726942
tr-474,ジョルジュ・ビゴー,7,外国,0.0693359777780032
tr-474,ジョルジュ・ビゴー,8,題材,0.06409334719291988
tr-474,ジョルジュ・ビゴー,9,取材,0.05563542333574044
tr-474,ジョルジュ・ビゴー,10,寄稿,0.05388604393281435
tr-474,ジョルジュ・ビゴー,11,エピナール,0.053402315415397424
tr-474,ジョルジュ・ビゴー,12,仕事,0.04948239285441244
tr-474,ジョルジュ・ビゴー,13,及川,0.04909169862087039
tr-474,ジョルジュ・ビゴー,14,帰国,0.04745651734168159
tr-474,ジョルジュ・ビゴー,15,画家,0.04500691473417633
tr-474,ジョルジュ・ビゴー,16,新聞,0.04368050120531439
tr-474,ジョルジュ・ビゴー,17,トバエ,0.042721852332317935
tr-474,ジョルジュ・ビゴー,18,当時,0.04161823833019871
tr-474,ジョルジュ・ビゴー,19,写真,0.041242055994528515
tr-474,ジョルジュ・ビゴー,20,改正,0.040847589623772614
tr-475,ロンドン,1,ロンドン,0.33515539659338833
tr-475,ロンドン,2,グレーター・ロンドン,0.14872223142492907
tr-475,ロンドン,3,シティ,0.12250848601498623
tr-475,ロンドン,4,都市,0.07582813322687426
tr-475,ロンドン,5,ウェストミンスター,0.07255483371370836
tr-475,ロンドン,6,テムズ,0.0653865937655087
tr-475,ロンドン,7,人口,0.0625936217601137
tr-475,ロンドン,8,市長,0.053366547693725765
tr-475,ロンドン,9,世紀,0.03938884666007198
tr-475,ロンドン,10,イギリス,0.03652494306324412
tr-475,ロンドン,11,首都,0.03441799170213491
tr-475,ロンドン,12,管轄,0.030816088903685937
tr-475,ロンドン,13,トロイ,0.03080431931734842
tr-475,ロンドン,14,行政,0.028408983782457917
tr-475,ロンドン,15,ロンディニウム,0.025864735899987668
tr-475,ロンドン,16,グレーター・ロンドン・カウンシル,0.025864735899987668
tr-475,ロンドン,17,地域,0.02577037910295475
tr-475,ロンドン,18,最大,0.025130097292622566
tr-475,ロンドン,19,域内,0.02500445094028837
tr-475,ロンドン,20,議会,0.02448687769418938
tr-476,オレゴン・ワイン,1,オレゴン,0.4820385155263359
tr-476,オレゴン・ワイン,2,ワイン,0.40409091163250993
tr-476,オレゴン・ワイン,3,ブドウ,0.2674920596145516
tr-476,オレゴン・ワイン,4,ワイナリー,0.16298509667334526
tr-476,オレゴン・ワイン,5,栽培,0.1543282840397543
tr-476,オレゴン・ワイン,6,生産,0.14431512222057608
tr-476,オレゴン・ワイン,7,地域,0.1045704716488786
tr-476,オレゴン・ワイン,8,渓谷,0.09854906115615628
tr-476,オレゴン・ワイン,9,ピノ・ノワール,0.09000997447095017
tr-476,オレゴン・ワイン,10,ウィラメット,0.07674668884396071
tr-476,オレゴン・ワイン,11,品種,0.07527678701667961
tr-476,オレゴン・ワイン,12,コロンビア,0.07461433490993681
tr-476,オレゴン・ワイン,13,サザン・オレゴン,0.07155910265663254
tr-476,オレゴン・ワイン,14,ケース,0.06989200056552393
tr-476,オレゴン・ワイン,15,エーカー,0.06389628484413261
tr-476,オレゴン・ワイン,16,産業,0.062990380152675
tr-476,オレゴン・ワイン,17,メーカー,0.05987132445828026
tr-476,オレゴン・ワイン,18,ウィラメット・ヴァレー,0.059632585547193785
tr-476,オレゴン・ワイン,19,ショートトン,0.05681685562977597
tr-476,オレゴン・ワイン,20,ピノ・グリ,0.05481906345997194
tr-477,芝山みよか,1,美容,0.5229834452855586
tr-477,芝山みよか,2,エステティック,0.11026763812257985
tr-477,芝山みよか,3,エステティシャン,0.11026763812257985
tr-477,芝山みよか,4,技術,0.08277919063255669
tr-477,芝山みよか,5,美顔,0.08270072859193488
tr-477,芝山みよか,6,エステ,0.08270072859193488
tr-477,芝山みよか,7,芝山,0.07879576767917566
tr-477,芝山みよか,8,女性,0.07778797722560912
tr-477,芝山みよか,9,兼太郎,0.06891727382661239
tr-477,芝山みよか,10,喜久子,0.06891727382661239
tr-477,芝山みよか,11,松坂屋,0.06566313973264638
tr-477,芝山みよか,12,宣仁,0.055133819061289925
tr-477,芝山みよか,13,協会,0.05166413789024303
tr-477,芝山みよか,14,全身,0.04802891359030113
tr-477,芝山みよか,15,親王,0.04178266951599402
tr-477,芝山みよか,16,エステティックサロン,0.04135036429596744
tr-477,芝山みよか,17,化粧,0.039452618192145746
tr-477,芝山みよか,18,守谷,0.03939788383958783
tr-477,芝山みよか,19,ピカソ,0.036938049375225115
tr-477,芝山みよか,20,片岡,0.03606009645326386
tr-478,ポジャールスキー公_(装甲巡洋艦),1,装甲,0.39774125561116497
tr-478,ポジャールスキー公_(装甲巡洋艦),2,ポジャールスキー,0.22154520946325865
tr-478,ポジャールスキー公_(装甲巡洋艦),3,インチ,0.1556534297412225
tr-478,ポジャールスキー公_(装甲巡洋艦),4,ゲート,0.14384686423546647
tr-478,ポジャールスキー公_(装甲巡洋艦),5,巡洋艦,0.1192163657818921
tr-478,ポジャールスキー公_(装甲巡洋艦),6,設計,0.08776898930632536
tr-478,ポジャールスキー公_(装甲巡洋艦),7,建造,0.07952174571152194
tr-478,ポジャールスキー公_(装甲巡洋艦),8,防禦,0.07599034561010284
tr-478,ポジャールスキー公_(装甲巡洋艦),9,速力,0.06955244610025815
tr-478,ポジャールスキー公_(装甲巡洋艦),10,ロシア,0.06603707964149559
tr-478,ポジャールスキー公_(装甲巡洋艦),11,厚み,0.06392270179465151
tr-478,ポジャールスキー公_(装甲巡洋艦),12,重量,0.06304129730438916
tr-478,ポジャールスキー公_(装甲巡洋艦),13,船体,0.05847690338096702
tr-478,ポジャールスキー公_(装甲巡洋艦),14,口径,0.057025403475388765
tr-478,ポジャールスキー公_(装甲巡洋艦),15,砲門,0.050660230406735236
tr-478,ポジャールスキー公_(装甲巡洋艦),16,搭載,0.050047237163268324
tr-478,ポジャールスキー公_(装甲巡洋艦),17,馬力,0.04851086789810133
tr-478,ポジャールスキー公_(装甲巡洋艦),18,武装,0.045375024688855216
tr-478,ポジャールスキー公_(装甲巡洋艦),19,ベレロフォン,0.04430904189265173
tr-478,ポジャールスキー公_(装甲巡洋艦),20,フィート,0.044081836618220155
tr-479,米村でんじろう,1,サイエンス,0.18125825587845512
tr-479,米村でんじろう,2,実験,0.15311492571840163
tr-479,米村でんじろう,3,釣り,0.13547921705821808
tr-479,米村でんじろう,4,授業,0.11107585314231229
tr-479,米村でんじろう,5,科学,0.0957179095372755
tr-479,米村でんじろう,6,生徒,0.09247670944741117
tr-479,米村でんじろう,7,ショー,0.09156698577253738
tr-479,米村でんじろう,8,高校,0.08585193862782291
tr-479,米村でんじろう,9,都立,0.08365765655928697
tr-479,米村でんじろう,10,理科,0.07218828100689505
tr-479,米村でんじろう,11,米村,0.06442226150147827
tr-479,米村でんじろう,12,プロデューサー,0.06405168087712666
tr-479,米村でんじろう,13,教師,0.05926251522418741
tr-479,米村でんじろう,14,番組,0.05283677651503645
tr-479,米村でんじろう,15,自由学園,0.05071117511099944
tr-479,米村でんじろう,16,自作,0.049484308864581564
tr-479,米村でんじろう,17,じろう,0.0483166961261087
tr-479,米村でんじろう,18,東京学芸大学,0.0483166961261087
tr-479,米村でんじろう,19,学校,0.04827499191101149
tr-479,米村でんじろう,20,実演,0.04422330726453422
tr-480,フリッツ・ハーバー,1,フリッツ,0.48408459025982975
tr-480,フリッツ・ハーバー,2,化学,0.1510506123097026
tr-480,フリッツ・ハーバー,3,毒ガス,0.12581084053538297
tr-480,フリッツ・ハーバー,4,研究,0.10252150113150721
tr-480,フリッツ・ハーバー,5,アンモニア,0.10054556941647158
tr-480,フリッツ・ハーバー,6,クララ,0.0956216474587318
tr-480,フリッツ・ハーバー,7,ドイツ,0.0640468409343145
tr-480,フリッツ・ハーバー,8,大学,0.0573573085670603
tr-480,フリッツ・ハーバー,9,窒素,0.05508698810052761
tr-480,フリッツ・ハーバー,10,合成,0.046719897415717575
tr-480,フリッツ・ハーバー,11,開発,0.0427862793097701
tr-480,フリッツ・ハーバー,12,ハーバー・ボッシュ,0.041834470763195165
tr-480,フリッツ・ハーバー,13,分野,0.03806164491449547
tr-480,フリッツ・ハーバー,14,ネルンスト,0.03763517451627132
tr-480,フリッツ・ハーバー,15,カールスルーエ,0.03585811779702443
tr-480,フリッツ・ハーバー,16,研究所,0.03568875343085034
tr-480,フリッツ・ハーバー,17,実験,0.03551058357603544
tr-480,フリッツ・ハーバー,18,ユダヤ,0.031254427270308395
tr-480,フリッツ・ハーバー,19,受賞,0.029000738558477953
tr-480,フリッツ・ハーバー,20,物理,0.02787522769909955
tr-481,楽々園遊園地,1,楽園,0.28472065012155795
tr-481,楽々園遊園地,2,昭和,0.2190279614310149
tr-481,楽々園遊園地,3,遊園,0.14642279388518034
tr-481,楽々園遊園地,4,営業,0.12439480296428027
tr-481,楽々園遊園地,5,海水浴,0.10713410037600209
tr-481,楽々園遊園地,6,プール,0.1070927554434584
tr-481,楽々園遊園地,7,開園,0.0890323104723138
tr-481,楽々園遊園地,8,施設,0.08271699565571003
tr-481,楽々園遊園地,9,整備,0.07144625132750154
tr-481,楽々園遊園地,10,広島,0.064966520631912
tr-481,楽々園遊園地,11,パット,0.06275262595079158
tr-481,楽々園遊園地,12,五日市,0.05713426823105963
tr-481,楽々園遊園地,13,プラネタリウム,0.05713426823105963
tr-481,楽々園遊園地,14,住宅,0.05209912076176112
tr-481,楽々園遊園地,15,塩浜,0.0479725827865693
tr-481,楽々園遊園地,16,広島電鉄,0.0479725827865693
tr-481,楽々園遊園地,17,広電ストア,0.0479725827865693
tr-481,楽々園遊園地,18,パラダイス,0.04410025216891597
tr-481,楽々園遊園地,19,忍者,0.042853640150400836
tr-481,楽々園遊園地,20,閉園,0.04183508396719438
tr-482,イギリス領インド帝国,1,インド,0.3635663544427161
tr-482,イギリス領インド帝国,2,イギリス,0.15526909543152687
tr-482,イギリス領インド帝国,3,ベンガル,0.1270231426587827
tr-482,イギリス領インド帝国,4,就任,0.08934596187513207
tr-482,イギリス領インド帝国,5,会議,0.06620375365827118
tr-482,イギリス領インド帝国,6,ティラク,0.06497169471976726
tr-482,イギリス領インド帝国,7,ムスリム,0.05862329784134192
tr-482,イギリス領インド帝国,8,統治,0.05775232198692854
tr-482,イギリス領インド帝国,9,国民,0.05763820047974169
tr-482,イギリス領インド帝国,10,帝国,0.05119651543855644
tr-482,イギリス領インド帝国,11,ビルマ,0.050248541006864496
tr-482,イギリス領インド帝国,12,連盟,0.04556476389408097
tr-482,イギリス領インド帝国,13,ヒンドゥー,0.0433943519959488
tr-482,イギリス領インド帝国,14,期間,0.04169225747835962
tr-482,イギリス領インド帝国,15,オリッサ,0.041269241920240805
tr-482,イギリス領インド帝国,16,リットン,0.041269241920240805
tr-482,イギリス領インド帝国,17,リポン,0.041269241920240805
tr-482,イギリス領インド帝国,18,カーゾン,0.041269241920240805
tr-482,イギリス領インド帝国,19,飢饉,0.03962488793065485
tr-482,イギリス領インド帝国,20,ローレンス,0.03777291314061939
tr-483,早川のビランジュ,1,小田原,0.2862627448763817
tr-483,早川のビランジュ,2,バクチノキ,0.24220003976091015
tr-483,早川のビランジュ,3,ビランジュ,0.19816366889529013
tr-483,早川のビランジュ,4,早川,0.19668722017748075
tr-483,早川のビランジュ,5,天然記念物,0.16384276260153038
tr-483,早川のビランジュ,6,忠真,0.11009092716405007
tr-483,早川のビランジュ,7,箱根,0.10588221887011508
tr-483,早川のビランジュ,8,指定,0.08049010942644554
tr-483,早川のビランジュ,9,急斜面,0.0738543380274463
tr-483,早川のビランジュ,10,調査,0.06834815840971956
tr-483,早川のビランジュ,11,大久保,0.06811468892041632
tr-483,早川のビランジュ,12,メートル,0.06753677494052455
tr-483,早川のビランジュ,13,ターンパイク,0.06605455629843004
tr-483,早川のビランジュ,14,根本,0.06445648436719854
tr-483,早川のビランジュ,15,私有地,0.05760369253944458
tr-483,早川のビランジュ,16,松岡,0.0564179180792349
tr-483,早川のビランジュ,17,赤褐色,0.05448473016938178
tr-483,早川のビランジュ,18,岩場,0.05448473016938178
tr-483,早川のビランジュ,19,領内,0.04693988976159927
tr-483,早川のビランジュ,20,平成,0.04633913399546763
tr-484,ポーランド,1,ポーランド,0.308904841135025
tr-484,ポーランド,2,金融,0.0651766623434324
tr-484,ポーランド,3,企業,0.05059466893305777
tr-484,ポーランド,4,国内,0.047610771573767564
tr-484,ポーランド,5,税率,0.04556911833814901
tr-484,ポーランド,6,ヨーロッパ,0.04549545796978395
tr-484,ポーランド,7,インフラ,0.045102530138428194
tr-484,ポーランド,8,加盟,0.04074583645926323
tr-484,ポーランド,9,山地,0.040085270856659
tr-484,ポーランド,10,経済,0.03821489604043133
tr-484,ポーランド,11,成長,0.03758297049203955
tr-484,ポーランド,12,生産,0.03703611849462705
tr-484,ポーランド,13,予測,0.03473021165269725
tr-484,ポーランド,14,タトラ,0.03400828641107289
tr-484,ポーランド,15,支援,0.03335711126444054
tr-484,ポーランド,16,東欧,0.033244010603437193
tr-484,ポーランド,17,欧州,0.03154424308398254
tr-484,ポーランド,18,投資,0.029445717768221018
tr-484,ポーランド,19,か国,0.029104168899473738
tr-484,ポーランド,20,石炭,0.029104168899473738
tr-485,チンドン屋,1,宣伝,0.19247182674606927
tr-485,チンドン屋,2,楽隊,0.19117262521923362
tr-485,チンドン屋,3,広告,0.1882109945008309
tr-485,チンドン屋,4,太鼓,0.16080243519994109
tr-485,チンドン屋,5,広目屋,0.14713086527531924
tr-485,チンドン屋,6,東西屋,0.13375533206847204
tr-485,チンドン屋,7,口上,0.11066278231171905
tr-485,チンドン屋,8,演奏,0.08789179656743713
tr-485,チンドン屋,9,芝居,0.07029467770575924
tr-485,チンドン屋,10,コンクール,0.06729717717454219
tr-485,チンドン屋,11,囃子,0.06687766603423602
tr-485,チンドン屋,12,明治,0.06609481147885078
tr-485,チンドン屋,13,大阪,0.05425735333810242
tr-485,チンドン屋,14,楽士,0.0509758704715747
tr-485,チンドン屋,15,寄席,0.0509758704715747
tr-485,チンドン屋,16,秋田,0.049344240811444
tr-485,チンドン屋,17,三味線,0.047793156304808404
tr-485,チンドン屋,18,音楽,0.04488694098016489
tr-485,チンドン屋,19,披露,0.04458638191484763
tr-485,チンドン屋,20,活動,0.04356902575733473
tr-486,ハインリヒ・ヒムラー,1,ヒムラー,0.46773180408059445
tr-486,ハインリヒ・ヒムラー,2,ゲプハルト,0.20944127606819282
tr-486,ハインリヒ・ヒムラー,3,ハインリヒ,0.1520906600398153
tr-486,ハインリヒ・ヒムラー,4,バイエルン,0.14987183618113903
tr-486,ハインリヒ・ヒムラー,5,シュトラッサー,0.13962751737879522
tr-486,ハインリヒ・ヒムラー,6,ミュンヘン,0.13811652133267988
tr-486,ハインリヒ・ヒムラー,7,入隊,0.10686486663827056
tr-486,ハインリヒ・ヒムラー,8,レーム,0.10472063803409641
tr-486,ハインリヒ・ヒムラー,9,指導,0.0865113613518206
tr-486,ハインリヒ・ヒムラー,10,親衛隊,0.08286991279960793
tr-486,ハインリヒ・ヒムラー,11,ハインリヒ・ルイトポルト・ヒムラー,0.06981375868939761
tr-486,ハインリヒ・ヒムラー,12,代理,0.06913806813062957
tr-486,ハインリヒ・ヒムラー,13,ドイツ,0.06198665623123121
tr-486,ハインリヒ・ヒムラー,14,教師,0.061189751491640666
tr-486,ハインリヒ・ヒムラー,15,農学,0.05854307282663426
tr-486,ハインリヒ・ヒムラー,16,義勇軍,0.05758548717089131
tr-486,ハインリヒ・ヒムラー,17,ギムナジウム,0.0567288976126976
tr-486,ハインリヒ・ヒムラー,18,青少年,0.055954018102093335
tr-486,ハインリヒ・ヒムラー,19,全国,0.05372002653847194
tr-486,ハインリヒ・ヒムラー,20,士官,0.05031867517071166
tr-487,日本のダムの歴史,1,狭山,0.19348442727977763
tr-487,日本のダムの歴史,2,満濃池,0.16439253313010177
tr-487,日本のダムの歴史,3,事業,0.10659395392448616
tr-487,日本のダムの歴史,4,建設,0.09106843612435765
tr-487,日本のダムの歴史,5,改修,0.08432184023968618
tr-487,日本のダムの歴史,6,ため池,0.07178731339884761
tr-487,日本のダムの歴史,7,再建,0.06858847135087681
tr-487,日本のダムの歴史,8,昆陽池,0.06769104305357132
tr-487,日本のダムの歴史,9,高松,0.06746378405520535
tr-487,日本のダムの歴史,10,治水,0.0653414813037125
tr-487,日本のダムの歴史,11,時代,0.059590417954895995
tr-487,日本のダムの歴史,12,技術,0.05807594117576893
tr-487,日本のダムの歴史,13,河川,0.05559047384574511
tr-487,日本のダムの歴史,14,讃岐,0.05333746715024297
tr-487,日本のダムの歴史,15,土木,0.04661104243872256
tr-487,日本のダムの歴史,16,昭和,0.04647463856822152
tr-487,日本のダムの歴史,17,灌漑,0.04634380047731516
tr-487,日本のダムの歴史,18,生駒,0.046067720780899435
tr-487,日本のダムの歴史,19,八兵衛,0.046067720780899435
tr-487,日本のダムの歴史,20,大門,0.046067720780899435
tr-488,織田信行,1,信行,0.679304823353805
tr-488,織田信行,2,信長,0.5194030553326388
tr-488,織田信行,3,織田,0.23350598644020762
tr-488,織田信行,4,信秀,0.2313243996552662
tr-488,織田信行,5,弾正,0.15983642902442471
tr-488,織田信行,6,信勝,0.11533335226710008
tr-488,織田信行,7,守護,0.08659009488192426
tr-488,織田信行,8,天文,0.08375199960678474
tr-488,織田信行,9,勝家,0.07991821451221236
tr-488,織田信行,10,発給,0.07314754608183438
tr-488,織田信行,11,尾張,0.06356679635766611
tr-488,織田信行,12,信成,0.06290910123660004
tr-488,織田信行,13,末森,0.06290910123660004
tr-488,織田信行,14,柴田,0.059638071849246195
tr-488,織田信行,15,安房,0.05783109991381655
tr-488,織田信行,16,稲生,0.05242425103050003
tr-488,織田信行,17,人物,0.05207958887951072
tr-488,織田信行,18,弘治,0.049948884070132725
tr-488,織田信行,19,当主,0.04767509726824958
tr-488,織田信行,20,史料,0.04538416740003187
tr-489,メナヘム・ベギン,1,ベギン,0.5548582729068123
tr-489,メナヘム・ベギン,2,ポーランド,0.18525952955520256
tr-489,メナヘム・ベギン,3,ソ連,0.13889608220626373
tr-489,メナヘム・ベギン,4,イルグン,0.1321091125968601
tr-489,メナヘム・ベギン,5,ブレスト・リトフスク,0.10568729007748806
tr-489,メナヘム・ベギン,6,ベタル,0.10568729007748806
tr-489,メナヘム・ベギン,7,ユダヤ,0.09873994830704352
tr-489,メナヘム・ベギン,8,イスラエル,0.09830565756091825
tr-489,メナヘム・ベギン,9,レバノン,0.08717556827101083
tr-489,メナヘム・ベギン,10,エルサレム,0.07864452604873459
tr-489,メナヘム・ベギン,11,パレスチナ,0.06646890422470167
tr-489,メナヘム・ベギン,12,収容,0.062468269291875496
tr-489,メナヘム・ベギン,13,ビリニュス,0.05284364503874403
tr-489,メナヘム・ベギン,14,ペチョラ,0.05284364503874403
tr-489,メナヘム・ベギン,15,シコルスキマイスキー,0.05284364503874403
tr-489,メナヘム・ベギン,16,ヴワディスワフ・アンデルス,0.05284364503874403
tr-489,メナヘム・ベギン,17,ナチス,0.051846257106703424
tr-489,メナヘム・ベギン,18,発議,0.050348475142693784
tr-489,メナヘム・ベギン,19,シオニスト,0.050348475142693784
tr-489,メナヘム・ベギン,20,エジプト,0.04834327598327354
tr-490,岡部幸雄,1,岡部,0.45473167813627474
tr-490,岡部幸雄,2,騎手,0.3923535962634781
tr-490,岡部幸雄,3,競馬,0.2856500642440676
tr-490,岡部幸雄,4,騎乗,0.1609507803950907
tr-490,岡部幸雄,5,競走,0.11701773923647592
tr-490,岡部幸雄,6,ジョッキー,0.09179593343707965
tr-490,岡部幸雄,7,引退,0.07910889247015133
tr-490,岡部幸雄,8,レース,0.07664360697671882
tr-490,岡部幸雄,9,リーディング,0.0715594216678228
tr-490,岡部幸雄,10,中央,0.06362020971508645
tr-490,岡部幸雄,11,優勝,0.05713354827690666
tr-490,岡部幸雄,12,シンボリルドルフ,0.05565732796386218
tr-490,岡部幸雄,13,国外,0.050078766902922824
tr-490,岡部幸雄,14,アメリカ,0.04921468053360414
tr-490,岡部幸雄,15,調教,0.048183774979725376
tr-490,岡部幸雄,16,厩舎,0.041987160103067134
tr-490,岡部幸雄,17,勝利,0.03922258560139162
tr-490,岡部幸雄,18,遠征,0.03890047331653873
tr-490,岡部幸雄,19,最多,0.036088612513105155
tr-490,岡部幸雄,20,達成,0.03298927007151385
tr-491,地球,1,地球,0.3556857065433352
tr-491,地球,2,自転,0.1332440380562475
tr-491,地球,3,マントル,0.1291380738539015
tr-491,地球,4,太陽,0.12439947749058024
tr-491,地球,5,地殻,0.10739942146127268
tr-491,地球,6,プレート,0.09225542478122373
tr-491,地球,7,楕円,0.09183884355284316
tr-491,地球,8,惑星,0.09143750135085409
tr-491,地球,9,海洋,0.06829594051070656
tr-491,地球,10,平均,0.06271110680966664
tr-491,地球,11,半径,0.057307380055532715
tr-491,地球,12,対流,0.05315787971876067
tr-491,地球,13,太陽系,0.05087341016586601
tr-491,地球,14,組成,0.04724028076994263
tr-491,地球,15,上空,0.046551100632020455
tr-491,地球,16,岩石,0.044289790112656845
tr-491,地球,17,大気,0.0427473737850717
tr-491,地球,18,公転,0.04111412529001063
tr-491,地球,19,恒星,0.040552533321466626
tr-491,地球,20,地震,0.04008526858175436
tr-492,ナディア・コマネチ,1,コマネチ,0.4527739586274205
tr-492,ナディア・コマネチ,2,体操,0.18770029708793123
tr-492,ナディア・コマネチ,3,オリンピック,0.18384835421103815
tr-492,ナディア・コマネチ,4,ルーマニア,0.1774813848304382
tr-492,ナディア・コマネチ,5,選手権,0.12878208949126602
tr-492,ナディア・コマネチ,6,金メダル,0.11783123930742569
tr-492,ナディア・コマネチ,7,選手,0.09620250738044228
tr-492,ナディア・コマネチ,8,競技,0.09294353078486815
tr-492,ナディア・コマネチ,9,満点,0.08169250941957594
tr-492,ナディア・コマネチ,10,獲得,0.079277428609595
tr-492,ナディア・コマネチ,11,銀メダル,0.07176313762032689
tr-492,ナディア・コマネチ,12,総合,0.06969604552179942
tr-492,ナディア・コマネチ,13,個人,0.06622329717299649
tr-492,ナディア・コマネチ,14,大会,0.0662162079784562
tr-492,ナディア・コマネチ,15,大統領,0.06404038145662806
tr-492,ナディア・コマネチ,16,段違い,0.06245158050033386
tr-492,ナディア・コマネチ,17,平行棒,0.05950274335045629
tr-492,ナディア・コマネチ,18,委員,0.05336091299793503
tr-492,ナディア・コマネチ,19,国際,0.05067900896300853
tr-492,ナディア・コマネチ,20,跳馬,0.0468386853752504
tr-493,ウィルト・チェンバレン,1,チェンバレン,0.4523495813601395
tr-493,ウィルト・チェンバレン,2,得点,0.22502493617737543
tr-493,ウィルト・チェンバレン,3,カンザス,0.18439426891638822
tr-493,ウィルト・チェンバレン,4,選手,0.1554554406120929
tr-493,ウィルト・チェンバレン,5,チーム,0.15158330217175098
tr-493,ウィルト・チェンバレン,6,試合,0.13707260740794394
tr-493,ウィルト・チェンバレン,7,大学,0.1291482819544499
tr-493,ウィルト・チェンバレン,8,指名,0.11816817852743655
tr-493,ウィルト・チェンバレン,9,フィラデルフィア,0.10574891966493512
tr-493,ウィルト・チェンバレン,10,高校,0.09173362192323865
tr-493,ウィルト・チェンバレン,11,バスケットボール,0.08815299699880454
tr-493,ウィルト・チェンバレン,12,シーズン,0.08801229330299863
tr-493,ウィルト・チェンバレン,13,リバウンド,0.07866949241045904
tr-493,ウィルト・チェンバレン,14,トーナメント,0.07590331863688422
tr-493,ウィルト・チェンバレン,15,記録,0.06923205558343813
tr-493,ウィルト・チェンバレン,16,出身,0.06849825342692548
tr-493,ウィルト・チェンバレン,17,アワー,0.06192614652977817
tr-493,ウィルト・チェンバレン,18,ウォリアーズ,0.06192614652977817
tr-493,ウィルト・チェンバレン,19,リーグ,0.060921158847975096
tr-493,ウィルト・チェンバレン,20,タイトル,0.052009985465845766
tr-494,きらめき☆プロジェクト,1,ビッグマイティ,0.43115107876799524
tr-494,きらめき☆プロジェクト,2,ロボット,0.3371693795093379
tr-494,きらめき☆プロジェクト,3,ジュネス,0.21557553938399762
tr-494,きらめき☆プロジェクト,4,ジュネ,0.21557553938399762
tr-494,きらめき☆プロジェクト,5,ファンシーロボ,0.179646282819998
tr-494,きらめき☆プロジェクト,6,ザ・パーフェクト,0.179646282819998
tr-494,きらめき☆プロジェクト,7,出撃,0.14398209678990542
tr-494,きらめき☆プロジェクト,8,製作,0.1438307176913046
tr-494,きらめき☆プロジェクト,9,大矢,0.13693099934205422
tr-494,きらめき☆プロジェクト,10,チーム,0.1319218696724862
tr-494,きらめき☆プロジェクト,11,オヤジ,0.10778776969199881
tr-494,きらめき☆プロジェクト,12,リンクル,0.10778776969199881
tr-494,きらめき☆プロジェクト,13,レビュアー,0.09628621238813911
tr-494,きらめき☆プロジェクト,14,王国,0.09264036057397977
tr-494,きらめき☆プロジェクト,15,得点,0.09038658524279515
tr-494,きらめき☆プロジェクト,16,島田,0.08890813709648072
tr-494,きらめき☆プロジェクト,17,巨大,0.07791241315600969
tr-494,きらめき☆プロジェクト,18,総評,0.07185851312799921
tr-494,きらめき☆プロジェクト,19,プロジェクト,0.06870598756801921
tr-494,きらめき☆プロジェクト,20,クローネ,0.06846549967102711
tr-495,海(ドビュッシー),1,ドビュッシー,0.6253473027277253
tr-495,海(ドビュッシー),2,作曲,0.14376186852559145
tr-495,海(ドビュッシー),3,楽章,0.1302896235570573
tr-495,海(ドビュッシー),4,リリー,0.1042245504546209
tr-495,海(ドビュッシー),5,北斎,0.097717217667793
tr-495,海(ドビュッシー),6,エンマ,0.0911580925562198
tr-495,海(ドビュッシー),7,初演,0.08460104674828779
tr-495,海(ドビュッシー),8,作品,0.07778509579326934
tr-495,海(ドビュッシー),9,指揮,0.07630994066367396
tr-495,海(ドビュッシー),10,管弦楽,0.07306097905050402
tr-495,海(ドビュッシー),11,ペレアス,0.07292647404497585
tr-495,海(ドビュッシー),12,サンギ,0.06948303363641392
tr-495,海(ドビュッシー),13,ネール,0.06703987378544339
tr-495,海(ドビュッシー),14,小説,0.062083060536198685
tr-495,海(ドビュッシー),15,モクレール,0.054694855533731886
tr-495,海(ドビュッシー),16,デュラン,0.05211227522731045
tr-495,海(ドビュッシー),17,再演,0.050279905339082547
tr-495,海(ドビュッシー),18,カミーユ・クローデル,0.036463237022487924
tr-495,海(ドビュッシー),19,アンドレ・メサジェ,0.036463237022487924
tr-495,海(ドビュッシー),20,逃避行,0.036463237022487924
tr-496,2013年チェリャビンスク州の隕石落下,1,隕石,0.6118563402623107
tr-496,2013年チェリャビンスク州の隕石落下,2,落下,0.2754456043428964
tr-496,2013年チェリャビンスク州の隕石落下,3,小惑星,0.179229231743034
tr-496,2013年チェリャビンスク州の隕石落下,4,破片,0.11961726784103098
tr-496,2013年チェリャビンスク州の隕石落下,5,チェリャビンスク,0.11315348589921398
tr-496,2013年チェリャビンスク州の隕石落下,6,チェバルクリ,0.08800826681049977
tr-496,2013年チェリャビンスク州の隕石落下,7,音波,0.0859072251865363
tr-496,2013年チェリャビンスク州の隕石落下,8,直径,0.0835210019157705
tr-496,2013年チェリャビンスク州の隕石落下,9,高度,0.08080989142819894
tr-496,2013年チェリャビンスク州の隕石落下,10,分裂,0.0788933997254059
tr-496,2013年チェリャビンスク州の隕石落下,11,ロシア,0.0736131804955764
tr-496,2013年チェリャビンスク州の隕石落下,12,突入,0.07099693908623894
tr-496,2013年チェリャビンスク州の隕石落下,13,観測,0.06833536520381223
tr-496,2013年チェリャビンスク州の隕石落下,14,推定,0.06416397802935489
tr-496,2013年チェリャビンスク州の隕石落下,15,大気圏,0.062222678670743464
tr-496,2013年チェリャビンスク州の隕石落下,16,爆発,0.06219557933591483
tr-496,2013年チェリャビンスク州の隕石落下,17,地球,0.060358478644928354
tr-496,2013年チェリャビンスク州の隕石落下,18,分析,0.05666281982858604
tr-496,2013年チェリャビンスク州の隕石落下,19,カザフスタン,0.0548204980243616
tr-496,2013年チェリャビンスク州の隕石落下,20,質量,0.05398019282658888
tr-497,ジョージ・カニング,1,カニング,0.43416698260297776
tr-497,ジョージ・カニング,2,ピット,0.1150133127194387
tr-497,ジョージ・カニング,3,演説,0.10678824920763834
tr-497,ジョージ・カニング,4,選挙,0.09847061345332517
tr-497,ジョージ・カニング,5,ホイッグ,0.0885376865252454
tr-497,ジョージ・カニング,6,ジョージ,0.06289680321633113
tr-497,ジョージ・カニング,7,法案,0.061447452834267
tr-497,ジョージ・カニング,8,ストラトフォード,0.06136220408015805
tr-497,ジョージ・カニング,9,ポンド,0.05566667432651542
tr-497,ジョージ・カニング,10,イートン,0.05312261191514723
tr-497,ジョージ・カニング,11,カレッジ,0.05161758169918109
tr-497,ジョージ・カニング,12,首相,0.050175596223145345
tr-497,ジョージ・カニング,13,外務,0.047133804193513935
tr-497,ジョージ・カニング,14,ロンドン,0.0468511964922126
tr-497,ジョージ・カニング,15,結局,0.044844489537591084
tr-497,ジョージ・カニング,16,ジャコバン,0.042935461593979526
tr-497,ジョージ・カニング,17,支持,0.04230383492106313
tr-497,ジョージ・カニング,18,伯爵,0.04193520033931435
tr-497,ジョージ・カニング,19,庶民,0.04175000574488656
tr-497,ジョージ・カニング,20,内閣,0.03954679735592534
tr-498,マリー=アンヌ・ピエレット・ポールズ,1,マリー・アンヌ,0.6704208288760922
tr-498,マリー=アンヌ・ピエレット・ポールズ,2,アントワーヌ,0.24878671196437857
tr-498,マリー=アンヌ・ピエレット・ポールズ,3,フロギストン,0.14424152245946106
tr-498,マリー=アンヌ・ピエレット・ポールズ,4,請負人,0.12183271346014181
tr-498,マリー=アンヌ・ピエレット・ポールズ,5,フォード,0.11577044139880982
tr-498,マリー=アンヌ・ピエレット・ポールズ,6,徴税,0.1070934577292298
tr-498,マリー=アンヌ・ピエレット・ポールズ,7,結婚,0.09191472877180142
tr-498,マリー=アンヌ・ピエレット・ポールズ,8,実験,0.08882954785241158
tr-498,マリー=アンヌ・ピエレット・ポールズ,9,デュパン,0.08558563772886284
tr-498,マリー=アンヌ・ピエレット・ポールズ,10,翻訳,0.08475729946911068
tr-498,マリー=アンヌ・ピエレット・ポールズ,11,サロン,0.07496542041046085
tr-498,マリー=アンヌ・ピエレット・ポールズ,12,ラヴォアジエ,0.0679537143744829
tr-498,マリー=アンヌ・ピエレット・ポールズ,13,カー,0.062150003936535816
tr-498,マリー=アンヌ・ピエレット・ポールズ,14,ジャック・ポールズ,0.0570570918192419
tr-498,マリー=アンヌ・ピエレット・ポールズ,15,ポールズ,0.0570570918192419
tr-498,マリー=アンヌ・ピエレット・ポールズ,16,夫人,0.055727840982477544
tr-498,マリー=アンヌ・ピエレット・ポールズ,17,手紙,0.0548359454405583
tr-498,マリー=アンヌ・ピエレット・ポールズ,18,同書,0.05458628985260498
tr-498,マリー=アンヌ・ピエレット・ポールズ,19,アントワーヌ・ラヴォアジエ,0.05436297149958631
tr-498,マリー=アンヌ・ピエレット・ポールズ,20,化学,0.04907173427906569
tr-499,渋谷スクランブル交差点,1,交差点,0.3856987158421349
tr-499,渋谷スクランブル交差点,2,渋谷,0.3529407295670502
tr-499,渋谷スクランブル交差点,3,ハチ公,0.07867488807099231
tr-499,渋谷スクランブル交差点,4,道玄坂,0.061650919211868035
tr-499,渋谷スクランブル交差点,5,露店,0.061650919211868035
tr-499,渋谷スクランブル交差点,6,ハロウィン,0.05667447791554022
tr-499,渋谷スクランブル交差点,7,兵営,0.055072421649694614
tr-499,渋谷スクランブル交差点,8,スクランブル,0.050348475142693784
tr-499,渋谷スクランブル交差点,9,広場,0.05012392520903808
tr-499,渋谷スクランブル交差点,10,駅前,0.04293941173145725
tr-499,渋谷スクランブル交差点,11,ビジョン,0.040481769939671584
tr-499,渋谷スクランブル交差点,12,イベント,0.0391396786872485
tr-499,渋谷スクランブル交差点,13,東京,0.037626764421037434
tr-499,渋谷スクランブル交差点,14,仮装,0.036323153446254516
tr-499,渋谷スクランブル交差点,15,広告,0.03540848599839808
tr-499,渋谷スクランブル交差点,16,カウントダウン,0.03356565009512919
tr-499,渋谷スクランブル交差点,17,西口,0.032385415951737266
tr-499,渋谷スクランブル交差点,18,千里,0.03146995522839692
tr-499,渋谷スクランブル交差点,19,屋外,0.03108391627942384
tr-499,渋谷スクランブル交差点,20,薬品,0.030721969354370438
tr-500,発泡プラスチック,1,発泡,0.6094939342993939
tr-500,発泡プラスチック,2,成形,0.21579678422057455
tr-500,発泡プラスチック,3,気泡,0.17717224046043678
tr-500,発泡プラスチック,4,フォーム,0.17431424595473727
tr-500,発泡プラスチック,5,樹脂,0.16236328648419426
tr-500,発泡プラスチック,6,合成,0.10546812517412528
tr-500,発泡プラスチック,7,原料,0.07675327637518092
tr-500,発泡プラスチック,8,重合,0.06848059662507536
tr-500,発泡プラスチック,9,押出,0.06452387390132287
tr-500,発泡プラスチック,10,反応,0.05969400230392654
tr-500,発泡プラスチック,11,ビーズ,0.05602957905687984
tr-500,発泡プラスチック,12,フロン,0.05417723860439057
tr-500,発泡プラスチック,13,溶剤,0.0516190991210583
tr-500,発泡プラスチック,14,溶融,0.04627337129527152
tr-500,発泡プラスチック,15,オール,0.04627337129527152
tr-500,発泡プラスチック,16,温度,0.04558656616311333
tr-500,発泡プラスチック,17,製造,0.04267717547214686
tr-500,発泡プラスチック,18,高分子,0.04134018944076859
tr-500,発泡プラスチック,19,硬質,0.04134018944076859
tr-500,発泡プラスチック,20,ポリウレタン,0.04063292895329293
tr-501,アルキメデス,1,アルキメデス,1.2587118785673446
tr-501,アルキメデス,2,ローマ,0.34245582785027295
tr-501,アルキメデス,3,シラクサ,0.2517423757134689
tr-501,アルキメデス,4,紀元前,0.2370971433675839
tr-501,アルキメデス,5,古代,0.20932187866119692
tr-501,アルキメデス,6,マルクス・クラウディウス・マルケッルス,0.1321091125968601
tr-501,アルキメデス,7,ヘラクレイデス,0.12587118785673446
tr-501,アルキメデス,8,マルケッルス,0.12587118785673446
tr-501,アルキメデス,9,没年,0.12144530981901476
tr-501,アルキメデス,10,逆算,0.12144530981901476
tr-501,アルキメデス,11,プルタルコス,0.12144530981901476
tr-501,アルキメデス,12,全容,0.11801233210648845
tr-501,アルキメデス,13,攻囲,0.11520738507888915
tr-501,アルキメデス,14,ポエニ,0.11520738507888915
tr-501,アルキメデス,15,生年,0.1128358361584698
tr-501,アルキメデス,16,記録,0.11077128893350101
tr-501,アルキメデス,17,故事,0.10896946033876356
tr-501,アルキメデス,18,危害,0.10734852932864314
tr-501,アルキメデス,19,没頭,0.10454358230104385
tr-501,アルキメデス,20,細部,0.09668472655079784
tr-502,アルバートサウルス,1,アルバートサウルス,0.6673905947250703
tr-502,アルバートサウルス,2,ティラノサウルス,0.4663103591583686
tr-502,アルバートサウルス,3,恐竜,0.1520068259129645
tr-502,アルバートサウルス,4,頭骨,0.1492393359103837
tr-502,アルバートサウルス,5,成体,0.13764108123814697
tr-502,アルバートサウルス,6,歩行,0.12402907012127505
tr-502,アルバートサウルス,7,メートル,0.11372772982212684
tr-502,アルバートサウルス,8,上顎,0.10697944393612661
tr-502,アルバートサウルス,9,合力,0.08478370166515793
tr-502,アルバートサウルス,10,前肢,0.08180254029260062
tr-502,アルバートサウルス,11,個体,0.08010007949705841
tr-502,アルバートサウルス,12,発見,0.07954034795510997
tr-502,アルバートサウルス,13,生息,0.07756134805503823
tr-502,アルバートサウルス,14,小型,0.07756134805503823
tr-502,アルバートサウルス,15,ニュートン,0.07230729954779072
tr-502,アルバートサウルス,16,大型,0.06895418258389521
tr-502,アルバートサウルス,17,体重,0.0596256888574061
tr-502,アルバートサウルス,18,最大,0.0576386342048407
tr-502,アルバートサウルス,19,典型,0.055423977892554654
tr-502,アルバートサウルス,20,頭部,0.055025363583458324
tr-503,コメット連続墜落事故,1,コメット,0.17011830457570348
tr-503,コメット連続墜落事故,2,事故,0.13699190234141861
tr-503,コメット連続墜落事故,3,機体,0.09516079015996731
tr-503,コメット連続墜落事故,4,航空,0.08652064120591334
tr-503,コメット連続墜落事故,5,飛行,0.06627427770281115
tr-503,コメット連続墜落事故,6,疲労,0.05947549384997958
tr-503,コメット連続墜落事故,7,旅客機,0.05397549099348662
tr-503,コメット連続墜落事故,8,残骸,0.05366350274118892
tr-503,コメット連続墜落事故,9,離陸,0.053518782821612945
tr-503,コメット連続墜落事故,10,試験,0.04881374420465526
tr-503,コメット連続墜落事故,11,空中,0.048621575529297675
tr-503,コメット連続墜落事故,12,ジェット,0.04610482393270469
tr-503,コメット連続墜落事故,13,金属,0.040055397839877716
tr-503,コメット連続墜落事故,14,機首,0.03927070258417727
tr-503,コメット連続墜落事故,15,デ・ハビランド,0.03905759989055967
tr-503,コメット連続墜落事故,16,胴体,0.0354465711958342
tr-503,コメット連続墜落事故,17,原因,0.035058109290205385
tr-503,コメット連続墜落事故,18,主翼,0.03266800377284917
tr-503,コメット連続墜落事故,19,墜落,0.0313037099323602
tr-503,コメット連続墜落事故,20,英国,0.03094301434381038
tr-504,フェルメールの作品,1,フェルメール,0.3607731264514693
tr-504,フェルメールの作品,2,作品,0.29152530476340305
tr-504,フェルメールの作品,3,画面,0.08801067463241367
tr-504,フェルメールの作品,4,女性,0.08413526008950431
tr-504,フェルメールの作品,5,ヴァージナル,0.07826776853069185
tr-504,フェルメールの作品,6,ワイン,0.07103160556040214
tr-504,フェルメールの作品,7,暗示,0.061207071605807545
tr-504,フェルメールの作品,8,キリスト,0.058965753015310436
tr-504,フェルメールの作品,9,マリア,0.05421386057846943
tr-504,フェルメールの作品,10,グラス,0.05188423570109837
tr-504,フェルメールの作品,11,マルタ,0.04949844156397976
tr-504,フェルメールの作品,12,手前,0.04949844156397976
tr-504,フェルメールの作品,13,盗難,0.04688019503695322
tr-504,フェルメールの作品,14,プラクセディス,0.04472443916039534
tr-504,フェルメールの作品,15,カンヴァス,0.04472443916039534
tr-504,フェルメールの作品,16,男性,0.04357162604580612
tr-504,フェルメールの作品,17,ディアナ,0.04111429759497895
tr-504,フェルメールの作品,18,人物,0.04039127205712052
tr-504,フェルメールの作品,19,背後,0.03765450480396725
tr-504,フェルメールの作品,20,研究,0.03654998308568577
tr-505,ゴリオ爺さん,1,ゴリオ,0.3051681376867251
tr-505,ゴリオ爺さん,2,バルザック,0.29075871627320693
tr-505,ゴリオ爺さん,3,ラスティニャック,0.1949685324109633
tr-505,ゴリオ爺さん,4,小説,0.14432932632058035
tr-505,ゴリオ爺さん,5,登場,0.1381297333313913
tr-505,ゴリオ爺さん,6,爺さん,0.1373027271290144
tr-505,ゴリオ爺さん,7,ヴォートラン,0.1356302834163223
tr-505,ゴリオ爺さん,8,人物,0.11483402124827949
tr-505,ゴリオ爺さん,9,喜劇,0.06992117395873278
tr-505,ゴリオ爺さん,10,作品,0.06429620290644704
tr-505,ゴリオ爺さん,11,ヴォケール,0.059338248994641005
tr-505,ゴリオ爺さん,12,描写,0.05152809959338036
tr-505,ゴリオ爺さん,13,ニュシンゲン,0.042384463567600714
tr-505,ゴリオ爺さん,14,住人,0.03784719294053121
tr-505,ゴリオ爺さん,15,フランス,0.03767431090158183
tr-505,ゴリオ爺さん,16,上流,0.035072880710517465
tr-505,ゴリオ爺さん,17,スコット,0.033970109706601574
tr-505,ゴリオ爺さん,18,ボーセアン,0.033907570854080575
tr-505,ゴリオ爺さん,19,デルフィーヌ,0.033907570854080575
tr-505,ゴリオ爺さん,20,老人,0.030329443649687562
tr-506,NBC交響楽団,1,トスカニーニ,0.5236031901704821
tr-506,NBC交響楽団,2,オーケストラ,0.31744637937151554
tr-506,NBC交響楽団,3,楽団,0.19655567546645225
tr-506,NBC交響楽団,4,交響,0.12148503969037666
tr-506,NBC交響楽団,5,指揮,0.10957921357497083
tr-506,NBC交響楽団,6,引退,0.10636287066870957
tr-506,NBC交響楽団,7,サーノフ,0.10472063803409641
tr-506,NBC交響楽団,8,客演,0.10472063803409641
tr-506,NBC交響楽団,9,ロジンスキ,0.10472063803409641
tr-506,NBC交響楽団,10,演奏,0.10321926840785604
tr-506,NBC交響楽団,11,最終,0.09457468579228222
tr-506,NBC交響楽団,12,衰え,0.08637823075633697
tr-506,NBC交響楽団,13,編成,0.06571242928347833
tr-506,NBC交響楽団,14,放送,0.06475545836346011
tr-506,NBC交響楽団,15,契約,0.05958280908150501
tr-506,NBC交響楽団,16,音楽,0.05857198396192248
tr-506,NBC交響楽団,17,監督,0.058297924744214455
tr-506,NBC交響楽団,18,集中,0.05763856838725987
tr-506,NBC交響楽団,19,シンフォニー・オブ・ジ・エア,0.052360319017048206
tr-506,NBC交響楽団,20,ソロイスト,0.052360319017048206
tr-507,逆川(水戸市),1,逆川,0.5170904555247288
tr-507,逆川(水戸市),2,水戸,0.25817283377017197
tr-507,逆川(水戸市),3,緑地,0.1341625439203919
tr-507,逆川(水戸市),4,桜川,0.10499620309865806
tr-507,逆川(水戸市),5,笠原,0.10499620309865806
tr-507,逆川(水戸市),6,東野,0.07629203442168128
tr-507,逆川(水戸市),7,茨城,0.07211550233676851
tr-507,逆川(水戸市),8,年度,0.0684038363543665
tr-507,逆川(水戸市),9,台地,0.06307865490088534
tr-507,逆川(水戸市),10,周辺,0.061531995049425636
tr-507,逆川(水戸市),11,千波湖,0.059338248994641005
tr-507,逆川(水戸市),12,水質,0.047260830273259787
tr-507,逆川(水戸市),13,水道,0.04567606663683609
tr-507,逆川(水戸市),14,合流,0.04457851589420613
tr-507,逆川(水戸市),15,那珂川,0.04435427461082603
tr-507,逆川(水戸市),16,溜池,0.04435427461082603
tr-507,逆川(水戸市),17,東山,0.04265033341170393
tr-507,逆川(水戸市),18,緑岡,0.042384463567600714
tr-507,逆川(水戸市),19,津池,0.042384463567600714
tr-507,逆川(水戸市),20,類型,0.0397746701395517
tr-508,フェズ,1,フェズ,0.4888845784945222
tr-508,フェズ,2,市街,0.12774636307231088
tr-508,フェズ,3,モスク,0.12127941587287032
tr-508,フェズ,4,中庭,0.0967640664542352
tr-508,フェズ,5,モロッコ,0.07081149534510699
tr-508,フェズ,6,マリーン,0.06740598934026143
tr-508,フェズ,7,住宅,0.060876050219742975
tr-508,フェズ,8,教徒,0.05922683149271919
tr-508,フェズ,9,カイラワーン,0.052820427268516115
tr-508,フェズ,10,ウィーン,0.052267442787176155
tr-508,フェズ,11,地区,0.04980963221077366
tr-508,フェズ,12,ムラービト,0.048556780287918905
tr-508,フェズ,13,居住,0.04653571633366777
tr-508,フェズ,14,ムワッヒド,0.046062706687956555
tr-508,フェズ,15,イドリース,0.045274651944442384
tr-508,フェズ,16,世紀,0.042900845758878633
tr-508,フェズ,17,街路,0.04085085693162051
tr-508,フェズ,18,入り口,0.0380706320931307
tr-508,フェズ,19,フェズ・エル・バリ,0.037728876620368654
tr-508,フェズ,20,ユダヤ,0.03759869150531827
tr-509,ウエスト・ハイランド・ホワイト・テリア,1,ウェスティ,0.5247667528153053
tr-509,ウエスト・ハイランド・ホワイト・テリア,2,テリア,0.2740953172998597
tr-509,ウエスト・ハイランド・ホワイト・テリア,3,スコティッシュ・テリア,0.14311820531326508
tr-509,ウエスト・ハイランド・ホワイト・テリア,4,疾患,0.12991671766379342
tr-509,ウエスト・ハイランド・ホワイト・テリア,5,出陳,0.10227034013359676
tr-509,ウエスト・ハイランド・ホワイト・テリア,6,発症,0.10102272790812748
tr-509,ウエスト・ハイランド・ホワイト・テリア,7,登録,0.08496093162650287
tr-509,ウエスト・ハイランド・ホワイト・テリア,8,ドッグショー,0.0834856197660713
tr-509,ウエスト・ハイランド・ホワイト・テリア,9,作出,0.07674668884396071
tr-509,ウエスト・ハイランド・ホワイト・テリア,10,件数,0.06691167998041994
tr-509,ウエスト・ハイランド・ホワイト・テリア,11,ホワイト,0.06326882699973956
tr-509,ウエスト・ハイランド・ホワイト・テリア,12,ポルタロック・テリア,0.059632585547193785
tr-509,ウエスト・ハイランド・ホワイト・テリア,13,皮膚,0.05594049003219142
tr-509,ウエスト・ハイランド・ホワイト・テリア,14,スコットランド,0.05436044488429639
tr-509,ウエスト・ハイランド・ホワイト・テリア,15,ハイランド,0.05093284271042039
tr-509,ウエスト・ハイランド・ホワイト・テリア,16,症状,0.04794899145616407
tr-509,ウエスト・ハイランド・ホワイト・テリア,17,クラブ,0.04747267134083116
tr-509,ウエスト・ハイランド・ホワイト・テリア,18,ウエスト,0.04718981145533229
tr-509,ウエスト・ハイランド・ホワイト・テリア,19,仔犬,0.04545348450382078
tr-509,ウエスト・ハイランド・ホワイト・テリア,20,マルコム,0.04545348450382078
tr-510,『バッハの旋律を夜に聴いたせいです。』,1,楽曲,0.3041699402947506
tr-510,『バッハの旋律を夜に聴いたせいです。』,2,バッハ,0.2832808412839194
tr-510,『バッハの旋律を夜に聴いたせいです。』,3,旋律,0.22701970903909072
tr-510,『バッハの旋律を夜に聴いたせいです。』,4,バンド,0.21660856479280036
tr-510,『バッハの旋律を夜に聴いたせいです。』,5,コーラス,0.1723880830198844
tr-510,『バッハの旋律を夜に聴いたせいです。』,6,ワーク,0.12237476597182517
tr-510,『バッハの旋律を夜に聴いたせいです。』,7,ミュージック,0.11764690985568342
tr-510,『バッハの旋律を夜に聴いたせいです。』,8,山口,0.11656468604783941
tr-510,『バッハの旋律を夜に聴いたせいです。』,9,コメント,0.10658788232831697
tr-510,『バッハの旋律を夜に聴いたせいです。』,10,サウンド,0.09231792253430786
tr-510,『バッハの旋律を夜に聴いたせいです。』,11,ライター,0.09080788361563628
tr-510,『バッハの旋律を夜に聴いたせいです。』,12,シングル,0.08609346335761939
tr-510,『バッハの旋律を夜に聴いたせいです。』,13,アート,0.08343142021943677
tr-510,『バッハの旋律を夜に聴いたせいです。』,14,音楽,0.08210090059619904
tr-510,『バッハの旋律を夜に聴いたせいです。』,15,タイトル,0.08090442183576008
tr-510,『バッハの旋律を夜に聴いたせいです。』,16,ダンス,0.07672311068399386
tr-510,『バッハの旋律を夜に聴いたせいです。』,17,パフォーマンス,0.07352931865980213
tr-510,『バッハの旋律を夜に聴いたせいです。』,18,サカナクション,0.07339395144270006
tr-510,『バッハの旋律を夜に聴いたせいです。』,19,演奏,0.07234170948242903
tr-510,『バッハの旋律を夜に聴いたせいです。』,20,セカンド,0.06400410282160508
tr-511,イソギンチャク,1,イソギンチャク,0.49540917223822534
tr-511,イソギンチャク,2,触手,0.37698383867350477
tr-511,イソギンチャク,3,ヤドカリ,0.1834848786067501
tr-511,イソギンチャク,4,共生,0.141905601917534
tr-511,イソギンチャク,5,生息,0.10661923201297989
tr-511,イソギンチャク,6,ヨロイイソギンチャク,0.09174243930337506
tr-511,イソギンチャク,7,移動,0.08663446208638137
tr-511,イソギンチャク,8,干潟,0.08000512852700635
tr-511,イソギンチャク,9,動物,0.0786001414056689
tr-511,イソギンチャク,10,藻類,0.07352931865980213
tr-511,イソギンチャク,11,砂地,0.07339395144270006
tr-511,イソギンチャク,12,サンゴ,0.06556240672582693
tr-511,イソギンチャク,13,突起,0.06519429133555454
tr-511,イソギンチャク,14,磯巾着,0.055045463582025035
tr-511,イソギンチャク,15,ハタゴイソギンチャク,0.055045463582025035
tr-511,イソギンチャク,16,スナイソギンチャク,0.055045463582025035
tr-511,イソギンチャク,17,イシワケイソギンチャク,0.055045463582025035
tr-511,イソギンチャク,18,定着,0.05438658928770753
tr-511,イソギンチャク,19,珊瑚礁,0.05060221242458948
tr-511,イソギンチャク,20,食用,0.04996796833222824
tr-512,荒川橋,1,荒川,0.26911063826188775
tr-512,荒川橋,2,白久,0.15376336108036745
tr-512,荒川橋,3,秩父,0.13735595128096798
tr-512,荒川橋,4,上路,0.09462360681868767
tr-512,荒川橋,5,工事,0.0888481395434094
tr-512,荒川橋,6,新道,0.08452673924982644
tr-512,荒川橋,7,贄川,0.0827956559663517
tr-512,荒川橋,8,道路,0.08075686520137869
tr-512,荒川橋,9,開通,0.07989251991096029
tr-512,荒川橋,10,架橋,0.07583850387391163
tr-512,荒川橋,11,国道,0.06635970205327128
tr-512,荒川橋,12,埼玉,0.058836500940847566
tr-512,荒川橋,13,渡し,0.05634729483944725
tr-512,荒川橋,14,大滝,0.0543660133487325
tr-512,荒川橋,15,竣工,0.053911185009219556
tr-512,荒川橋,16,県道,0.05157355392649996
tr-512,荒川橋,17,幅員,0.05157355392649996
tr-512,荒川橋,18,日野,0.05051191012603675
tr-512,荒川橋,19,架設,0.04959227243578522
tr-512,荒川橋,20,小野原,0.047311803409343836
tr-513,補聴器の歴史,1,補聴器,0.822465011053504
tr-513,補聴器の歴史,2,トランジスタ,0.20503753605807687
tr-513,補聴器の歴史,3,真空,0.172476012711517
tr-513,補聴器の歴史,4,増幅,0.10348560762691018
tr-513,補聴器の歴史,5,イヤートランペット,0.09758059453177166
tr-513,補聴器の歴史,6,信号,0.08798585495456057
tr-513,補聴器の歴史,7,モデル,0.0843993322813448
tr-513,補聴器の歴史,8,電話機,0.07969117413007538
tr-513,補聴器の歴史,9,電気,0.07853227666989501
tr-513,補聴器の歴史,10,小型,0.07290263072056352
tr-513,補聴器の歴史,11,技術,0.0579599053292639
tr-513,補聴器の歴史,12,世紀,0.05661080991837185
tr-513,補聴器の歴史,13,年代,0.05551060512808415
tr-513,補聴器の歴史,14,性能,0.053756877113593705
tr-513,補聴器の歴史,15,登場,0.053447448382238125
tr-513,補聴器の歴史,16,音声,0.05186580958977017
tr-513,補聴器の歴史,17,開発,0.05071378041132059
tr-513,補聴器の歴史,18,携帯,0.050614586539224245
tr-513,補聴器の歴史,19,デシベル,0.03984558706503769
tr-513,補聴器の歴史,20,カーボン,0.03844453801088941
tr-514,フクロウ,1,フクロウ,0.3099192275934269
tr-514,フクロウ,2,獲物,0.1633794251272641
tr-514,フクロウ,3,羽毛,0.12299499617148471
tr-514,フクロウ,4,鳥類,0.075803548683328
tr-514,フクロウ,5,褐色,0.07262425211019508
tr-514,フクロウ,6,ノネズミ,0.06352195039353835
tr-514,フクロウ,7,ネズミ,0.05541647505447807
tr-514,フクロウ,8,丸呑み,0.05333597713537829
tr-514,フクロウ,9,鳴き声,0.05275879541589946
tr-514,フクロウ,10,昆虫,0.04590794774355106
tr-514,フクロウ,11,捕食,0.04360774730765686
tr-514,フクロウ,12,繁殖,0.04093871361897033
tr-514,フクロウ,13,鳴き,0.03811317023612301
tr-514,フクロウ,14,幼鳥,0.03677303635824205
tr-514,フクロウ,15,巣立ち,0.03677303635824205
tr-514,フクロウ,16,捕獲,0.036114929171156045
tr-514,フクロウ,17,ウラル,0.03573354776516343
tr-514,フクロウ,18,カブトムシ,0.03573354776516343
tr-514,フクロウ,19,給餌,0.034884223742831344
tr-514,フクロウ,20,食餌,0.034166130513822376
tr-515,イングロリアス・バスターズ,1,タランティーノ,0.39579784234931026
tr-515,イングロリアス・バスターズ,2,映画,0.28673627211456915
tr-515,イングロリアス・バスターズ,3,イングロリアス・バスターズ,0.1720860184127436
tr-515,イングロリアス・バスターズ,4,脚本,0.16646950027850882
tr-515,イングロリアス・バスターズ,5,レイン,0.11758443848177212
tr-515,イングロリアス・バスターズ,6,ピット,0.10536576029264351
tr-515,イングロリアス・バスターズ,7,ドイツ,0.09167565590911549
tr-515,イングロリアス・バスターズ,8,中尉,0.06991637681725255
tr-515,イングロリアス・バスターズ,9,ランダ,0.06883440736509744
tr-515,イングロリアス・バスターズ,10,バスターズ,0.06883440736509744
tr-515,イングロリアス・バスターズ,11,ユダヤ,0.06430958557071972
tr-515,イングロリアス・バスターズ,12,出演,0.055070639934244374
tr-515,イングロリアス・バスターズ,13,ヴァルツ,0.05162580552382308
tr-515,イングロリアス・バスターズ,14,ショシャナ,0.05162580552382308
tr-515,イングロリアス・バスターズ,15,アラモ,0.05162580552382308
tr-515,イングロリアス・バスターズ,16,起用,0.04827369107282058
tr-515,イングロリアス・バスターズ,17,監督,0.04790009848723031
tr-515,イングロリアス・バスターズ,18,フランス,0.04588866967130549
tr-515,イングロリアス・バスターズ,19,作曲,0.04523169009723017
tr-515,イングロリアス・バスターズ,20,アメリカ,0.04349433690444775
tr-516,ラムセス3世,1,ラムセス,0.45541991182130537
tr-516,ラムセス3世,2,リビュア,0.3339746020022906
tr-516,ラムセス3世,3,エジプト,0.24171637991636769
tr-516,ラムセス3世,4,在位,0.1485895218678308
tr-516,ラムセス3世,5,侵入,0.11246585197134454
tr-516,ラムセス3世,6,メシュウェシュ,0.09908183444764507
tr-516,ラムセス3世,7,ナイル,0.07840768672578288
tr-516,ラムセス3世,8,ストライキ,0.07662902503546837
tr-516,ラムセス3世,9,デルタ,0.07195058148037417
tr-516,ラムセス3世,10,戦争,0.07059168661867096
tr-516,ラムセス3世,11,王室,0.0663909112469964
tr-516,ラムセス3世,12,シェムウ,0.06605455629843004
tr-516,ラムセス3世,13,メルエンプタハ,0.06605455629843004
tr-516,ラムセス3世,14,ケペル,0.06605455629843004
tr-516,ラムセス3世,15,ティイ,0.06605455629843004
tr-516,ラムセス3世,16,ペンタウアー,0.06605455629843004
tr-516,ラムセス3世,17,事件,0.06412694939998935
tr-516,ラムセス3世,18,捕虜,0.0626549065112976
tr-516,ラムセス3世,19,パピルス,0.05760369253944458
tr-516,ラムセス3世,20,ミイラ,0.05539075352058472
tr-517,ゴジラ,1,ゴジラ,0.9431270559870594
tr-517,ゴジラ,2,シリーズ,0.2562216623070495
tr-517,ゴジラ,3,怪獣,0.2474666374292768
tr-517,ゴジラ,4,映画,0.1374461093037176
tr-517,ゴジラ,5,キングコング,0.09099648574335399
tr-517,ゴジラ,6,東宝,0.09099648574335399
tr-517,ゴジラ,7,公開,0.08720240190047626
tr-517,ゴジラ,8,デストロイア,0.08661332310024689
tr-517,ゴジラ,9,作品,0.08211894358962823
tr-517,ゴジラ,10,特撮,0.07737119756261131
tr-517,ゴジラ,11,製作,0.07076068655459407
tr-517,ゴジラ,12,動員,0.06474556603142598
tr-517,ゴジラ,13,キングギドラ,0.0618666593573192
tr-517,ゴジラ,14,ビオランテ,0.0618666593573192
tr-517,ゴジラ,15,新作,0.05573797828789309
tr-517,ゴジラ,16,観客,0.051738351296987214
tr-517,ゴジラ,17,上映,0.04603651110561733
tr-517,ゴジラ,18,当時,0.04383162643107121
tr-517,ゴジラ,19,邦画,0.03711999561439153
tr-517,ゴジラ,20,モスラ,0.03711999561439153
tr-518,シオダマリミジンコ属,1,シオダマリミジンコ,0.24320740772188837
tr-518,シオダマリミジンコ属,2,コペポディド,0.22449914558943546
tr-518,シオダマリミジンコ属,3,触角,0.16314771307467962
tr-518,シオダマリミジンコ属,4,本属,0.1336958882252157
tr-518,シオダマリミジンコ属,5,生息,0.11958078570867549
tr-518,シオダマリミジンコ属,6,カリフォルニアシオダマリミジンコ,0.11224957279471773
tr-518,シオダマリミジンコ属,7,濃度,0.11013093829855301
tr-518,シオダマリミジンコ属,8,塩分,0.10981609085780414
tr-518,シオダマリミジンコ属,9,海水,0.08489471030187537
tr-518,シオダマリミジンコ属,10,ミジンコ,0.07483304852981182
tr-518,シオダマリミジンコ属,11,分布,0.06308355821048814
tr-518,シオダマリミジンコ属,12,岩礁,0.0617256202354652
tr-518,シオダマリミジンコ属,13,繁殖,0.05743906660265119
tr-518,シオダマリミジンコ属,14,蒸発,0.05671155361321193
tr-518,シオダマリミジンコ属,15,判別,0.05671155361321193
tr-518,シオダマリミジンコ属,16,ソコミジンコ,0.056124786397358864
tr-518,シオダマリミジンコ属,17,ノープリウス,0.056124786397358864
tr-518,シオダマリミジンコ属,18,イガシオダマリミジンコ,0.056124786397358864
tr-518,シオダマリミジンコ属,19,満潮,0.05159441266820888
tr-518,シオダマリミジンコ属,20,把持,0.05159441266820888
tr-519,斗満虐殺事件,1,北朝鮮,0.28101422822199207
tr-519,斗満虐殺事件,2,チャプレン,0.19452959945492343
tr-519,斗満虐殺事件,3,師団,0.1614425129225224
tr-519,斗満虐殺事件,4,戦争,0.15443359273210866
tr-519,斗満虐殺事件,5,朝鮮,0.13243937237571174
tr-519,斗満虐殺事件,6,部隊,0.12681457254840048
tr-519,斗満虐殺事件,7,事件,0.12140538964075652
tr-519,斗満虐殺事件,8,負傷,0.12029007475930777
tr-519,斗満虐殺事件,9,虐殺,0.11351946203632433
tr-519,斗満虐殺事件,10,アメリカ,0.0936512367435574
tr-519,斗満虐殺事件,11,歩兵,0.09358789543510307
tr-519,斗満虐殺事件,12,バリケード,0.07664024406054329
tr-519,斗満虐殺事件,13,犯罪,0.07654296012128643
tr-519,斗満虐殺事件,14,授与,0.07374395548090279
tr-519,斗満虐殺事件,15,委員,0.06784212239681983
tr-519,斗満虐殺事件,16,国連,0.06774421753749324
tr-519,斗満虐殺事件,17,大尉,0.06008929170871392
tr-519,斗満虐殺事件,18,死亡,0.05794457546437014
tr-519,斗満虐殺事件,19,フェルホルター,0.05557988555854955
tr-519,斗満虐殺事件,20,殊勲,0.05557988555854955
tr-520,レオシュ・ヤナーチェク,1,ヤナーチェク,0.5883851233305534
tr-520,レオシュ・ヤナーチェク,2,音楽,0.22043056924777804
tr-520,レオシュ・ヤナーチェク,3,モラヴィア,0.13498586992411402
tr-520,レオシュ・ヤナーチェク,4,作品,0.09209849200258888
tr-520,レオシュ・ヤナーチェク,5,イーアン・ホースブルグ,0.08326204575432358
tr-520,レオシュ・ヤナーチェク,6,旋律,0.07783532881340255
tr-520,レオシュ・ヤナーチェク,7,オペラ,0.07494604247650302
tr-520,レオシュ・ヤナーチェク,8,民俗,0.07467398735788847
tr-520,レオシュ・ヤナーチェク,9,カミラ,0.0740418752098438
tr-520,レオシュ・ヤナーチェク,10,作曲,0.07294962300749146
tr-520,レオシュ・ヤナーチェク,11,チェコ,0.07084644126702895
tr-520,レオシュ・ヤナーチェク,12,合唱,0.06752467344424946
tr-520,レオシュ・ヤナーチェク,13,プラハ,0.0667324908845263
tr-520,レオシュ・ヤナーチェク,14,イェヌーファ,0.04995722745259415
tr-520,レオシュ・ヤナーチェク,15,民謡,0.04893715998198595
tr-520,レオシュ・ヤナーチェク,16,完成,0.045489868443508316
tr-520,レオシュ・ヤナーチェク,17,学校,0.044915193939182856
tr-520,レオシュ・ヤナーチェク,18,ブルノ,0.04440642440230591
tr-520,レオシュ・ヤナーチェク,19,上演,0.0428206674690873
tr-520,レオシュ・ヤナーチェク,20,発話,0.0370209376049219
tr-521,スエズ運河,1,運河,0.46144674649055306
tr-521,スエズ運河,2,スエズ,0.20635219926804296
tr-521,スエズ運河,3,紅海,0.19687970503576738
tr-521,スエズ運河,4,ナイル,0.10142287835175895
tr-521,スエズ運河,5,エジプト,0.09196116297666901
tr-521,スエズ運河,6,グレートビター,0.08619800397563905
tr-521,スエズ運河,7,地中海,0.08249019912078118
tr-521,スエズ運河,8,フィート,0.06964742203433077
tr-521,スエズ運河,9,建設,0.057476027916438945
tr-521,スエズ運河,10,メートル,0.05395826619480013
tr-521,スエズ運河,11,航行,0.05077903369525347
tr-521,スエズ運河,12,ダレイオス,0.04714276655702568
tr-521,スエズ運河,13,船舶,0.045701130325728125
tr-521,スエズ運河,14,通行,0.04523619222194726
tr-521,スエズ運河,15,セソストリス,0.03769575205792759
tr-521,スエズ運河,16,ティムサーハ,0.03769575205792759
tr-521,スエズ運河,17,ブバスティス,0.03769575205792759
tr-521,スエズ運河,18,淡水,0.036131075350180744
tr-521,スエズ運河,19,古代,0.035836493712847584
tr-521,スエズ運河,20,マイル,0.03518370506151453
tr-522,化け猫,1,化け,0.3884955963261798
tr-522,化け猫,2,鍋島,0.22974928204739364
tr-522,化け猫,3,龍造寺,0.12056759885984891
tr-522,化け猫,4,佐賀,0.11661257620163237
tr-522,化け猫,5,妖怪,0.09852037614023038
tr-522,化け猫,6,お松,0.09377479911321582
tr-522,化け猫,7,怪異,0.08934694301843087
tr-522,化け猫,8,騒動,0.07724426890480542
tr-522,化け猫,9,怪談,0.06865206880156509
tr-522,化け猫,10,退治,0.06740216497044631
tr-522,化け猫,11,踊場,0.06698199936658272
tr-522,化け猫,12,光茂,0.0638192450131649
tr-522,化け猫,13,時代,0.06312854775363122
tr-522,化け猫,14,江戸,0.05693280035021224
tr-522,化け猫,15,富豪,0.054427881484881466
tr-522,化け猫,16,手拭,0.05358559949326618
tr-522,化け猫,17,勝茂,0.05358559949326618
tr-522,化け猫,18,俗信,0.05105539601053192
tr-522,化け猫,19,行灯,0.04926018807011519
tr-522,化け猫,20,伝説,0.048541918288303426
tr-523,ギリシア神話,1,神話,0.20671788416808803
tr-523,ギリシア神話,2,ゼウス,0.12911172465737578
tr-523,ギリシア神話,3,ギリシア,0.1274945265382455
tr-523,ギリシア神話,4,女神,0.10923794000326568
tr-523,ギリシア神話,5,トロイア,0.08168458805037722
tr-523,ギリシア神話,6,クロノス,0.07782760723603081
tr-523,ギリシア神話,7,物語,0.07552351305693739
tr-523,ギリシア神話,8,ティー,0.06232979811045727
tr-523,ギリシア神話,9,ターン,0.061046736566116235
tr-523,ギリシア神話,10,あいだ,0.05765863186195147
tr-523,ギリシア神話,11,英雄,0.05501766409407248
tr-523,ギリシア神話,12,息子,0.054902609460261036
tr-523,ギリシア神話,13,ニュンペー,0.05105286753148577
tr-523,ギリシア神話,14,ガイア,0.04864225452251927
tr-523,ギリシア神話,15,世紀,0.04561175362745395
tr-523,ギリシア神話,16,古代,0.04044566620980321
tr-523,ギリシア神話,17,ポセイドーン,0.038913803618015406
tr-523,ギリシア神話,18,ウーラノス,0.03573700727204004
tr-523,ギリシア神話,19,ヘーシオドス,0.03404957816576348
tr-523,ギリシア神話,20,紀元前,0.033595810049112655
tr-524,強制収容所(ナチス),1,収容,0.5106905068984967
tr-524,強制収容所(ナチス),2,強制,0.30831696783898815
tr-524,強制収容所(ナチス),3,拘禁,0.13540691239049865
tr-524,強制収容所(ナチス),4,親衛隊,0.10795762691281667
tr-524,強制収容所(ナチス),5,ユダヤ,0.0991321193285631
tr-524,強制収容所(ナチス),6,ドイツ,0.08411693199957457
tr-524,強制収容所(ナチス),7,アウシュヴィッツ,0.07943327389017223
tr-524,強制収容所(ナチス),8,保護,0.07805652360092497
tr-524,強制収容所(ナチス),9,囚人,0.05926999242625165
tr-524,強制収容所(ナチス),10,ダッハウ,0.05305352712407003
tr-524,強制収容所(ナチス),11,突撃,0.05084411620600893
tr-524,強制収容所(ナチス),12,マイダネク,0.0505484470210187
tr-524,強制収容所(ナチス),13,ゲーリング,0.048771064402163916
tr-524,強制収容所(ナチス),14,ブーヘンヴァルト,0.04547445182063145
tr-524,強制収容所(ナチス),15,分子,0.04503432857935095
tr-524,強制収容所(ナチス),16,警察,0.04080665750810137
tr-524,強制収容所(ナチス),17,逮捕,0.04019998777371375
tr-524,強制収容所(ナチス),18,ヒトラー,0.03744884882737294
tr-524,強制収容所(ナチス),19,郊外,0.03650037518222446
tr-524,強制収容所(ナチス),20,解放,0.035630241798825
tr-525,ヴィルヘルム1世(ドイツ皇帝),1,ヴィルヘルム,0.26135484404648657
tr-525,ヴィルヘルム1世(ドイツ皇帝),2,主義,0.12660200669065666
tr-525,ヴィルヘルム1世(ドイツ皇帝),3,自由,0.12311291973415675
tr-525,ヴィルヘルム1世(ドイツ皇帝),4,軍制,0.10519031712023497
tr-525,ヴィルヘルム1世(ドイツ皇帝),5,衆議院,0.09705764786450523
tr-525,ヴィルヘルム1世(ドイツ皇帝),6,議席,0.09107106350910094
tr-525,ヴィルヘルム1世(ドイツ皇帝),7,フリードリヒ・ヴィルヘルム,0.08900719140942959
tr-525,ヴィルヘルム1世(ドイツ皇帝),8,プロイセン,0.08732657252630202
tr-525,ヴィルヘルム1世(ドイツ皇帝),9,国王,0.07961620660295081
tr-525,ヴィルヘルム1世(ドイツ皇帝),10,摂政,0.0703322789233799
tr-525,ヴィルヘルム1世(ドイツ皇帝),11,王子,0.06928578493146241
tr-525,ヴィルヘルム1世(ドイツ皇帝),12,改革,0.06357176350505085
tr-525,ヴィルヘルム1世(ドイツ皇帝),13,保守,0.05846592701553251
tr-525,ヴィルヘルム1世(ドイツ皇帝),14,ドイツ,0.05629800739988403
tr-525,ヴィルヘルム1世(ドイツ皇帝),15,内閣,0.05005923715939917
tr-525,ヴィルヘルム1世(ドイツ皇帝),16,ビスマルク,0.046419806014560354
tr-525,ヴィルヘルム1世(ドイツ皇帝),17,アウグスタ,0.045290571301666166
tr-525,ヴィルヘルム1世(ドイツ皇帝),18,予算,0.04404891551737916
tr-525,ヴィルヘルム1世(ドイツ皇帝),19,右派,0.04300843575675854
tr-525,ヴィルヘルム1世(ドイツ皇帝),20,戦争,0.04259329614544282
tr-526,アムステルダムの運河,1,運河,0.7850583526860722
tr-526,アムステルダムの運河,2,アムステルダム,0.2460726102310255
tr-526,アムステルダムの運河,3,建造,0.11219885619578852
tr-526,アムステルダムの運河,4,破風,0.10770236237487636
tr-526,アムステルダムの運河,5,ケイザー,0.10717119898653236
tr-526,アムステルダムの運河,6,プリン,0.10211079202106384
tr-526,アムステルダムの運河,7,ヘーレン,0.09377479911321582
tr-526,アムステルダムの運河,8,世紀,0.09248493002577068
tr-526,アムステルダムの運河,9,地区,0.08842958105438443
tr-526,アムステルダムの運河,10,オランダ,0.05925291739410413
tr-526,アムステルダムの運河,11,内側,0.0577828208573183
tr-526,アムステルダムの運河,12,邸宅,0.05636951289860563
tr-526,アムステルダムの運河,13,様式,0.05390801644698153
tr-526,アムステルダムの運河,14,ヨルダーン,0.05358559949326618
tr-526,アムステルダムの運河,15,街路,0.05180329305569884
tr-526,アムステルダムの運河,16,登録,0.051386426904785135
tr-526,アムステルダムの運河,17,沿い,0.04495696740915111
tr-526,アムステルダムの運河,18,黄金,0.0434217428443958
tr-526,アムステルダムの運河,19,外側,0.042870903786564656
tr-526,アムステルダムの運河,20,都市,0.04229559141227788
tr-527,もつ煮,1,料理,0.45250765813714927
tr-527,もつ煮,2,内臓,0.3775184916426583
tr-527,もつ煮,3,煮込み,0.1644571903799158
tr-527,もつ煮,4,ポルト,0.1644571903799158
tr-527,もつ煮,5,トリップ,0.11363371125955193
tr-527,もつ煮,6,フード,0.10400666708510825
tr-527,もつ煮,7,トマト,0.09437962291066458
tr-527,もつ煮,8,市民,0.09009192586988726
tr-527,もつ煮,9,郷土,0.07912111890138528
tr-527,もつ煮,10,愛称,0.07765777840613769
tr-527,もつ煮,11,トルコ,0.07765777840613769
tr-527,もつ煮,12,伝統,0.06055914685455173
tr-527,もつ煮,13,繁昌,0.059632585547193785
tr-527,もつ煮,14,一串僅文久三孔,0.059632585547193785
tr-527,もつ煮,15,夜寒,0.059632585547193785
tr-527,もつ煮,16,岩五郎,0.059632585547193785
tr-527,もつ煮,17,屠牛,0.059632585547193785
tr-527,もつ煮,18,臓腑,0.059632585547193785
tr-527,もつ煮,19,トリッパ,0.059632585547193785
tr-527,もつ煮,20,アンドゥイエット,0.059632585547193785
tr-528,西条酒,1,西条,0.4849702188552557
tr-528,西条酒,2,酒造,0.24660197684284724
tr-528,西条酒,3,広島,0.14679866379889228
tr-528,西条酒,4,醸造,0.10821387428518615
tr-528,西条酒,5,牡丹,0.09426006936109667
tr-528,西条酒,6,明治,0.09315668269906083
tr-528,西条酒,7,賀茂,0.08665142852070208
tr-528,西条酒,8,軟水,0.08082836980920928
tr-528,西条酒,9,メーカー,0.07689291944696806
tr-528,西条酒,10,蔵元,0.07184743983040826
tr-528,西条酒,11,木村,0.061274681943901683
tr-528,西条酒,12,嘉登,0.05655604161665799
tr-528,西条酒,13,杜氏,0.05388557987280619
tr-528,西条酒,14,硬水,0.05388557987280619
tr-528,西条酒,15,県内,0.0538577200063675
tr-528,西条酒,16,酒蔵,0.047130034680548334
tr-528,西条酒,17,屋島,0.047130034680548334
tr-528,西条酒,18,仕込み,0.04490464989400516
tr-528,西条酒,19,創業,0.04467785419966286
tr-528,西条酒,20,井戸,0.042084749120480915
tr-529,水底トンネル,1,トンネル,0.7609616102234009
tr-529,水底トンネル,2,工法,0.2713426679873658
tr-529,水底トンネル,3,水底,0.22967628445617547
tr-529,水底トンネル,4,シールド,0.2143645321590971
tr-529,水底トンネル,5,建設,0.14470999930527215
tr-529,水底トンネル,6,沈埋,0.14341699071057878
tr-529,水底トンネル,7,掘削,0.13919624304668923
tr-529,水底トンネル,8,鉄道,0.10602255627908479
tr-529,水底トンネル,9,開通,0.08806524115446143
tr-529,水底トンネル,10,エレメント,0.07170849535528939
tr-529,水底トンネル,11,テムズ,0.06592020992263849
tr-529,水底トンネル,12,道路,0.06119987905657717
tr-529,水底トンネル,13,圧気,0.05378137151646705
tr-529,水底トンネル,14,英仏海峡,0.05378137151646705
tr-529,水底トンネル,15,山岳,0.047342977759596026
tr-529,水底トンネル,16,メートル,0.045823490304113736
tr-529,水底トンネル,17,作業,0.045590653586845484
tr-529,水底トンネル,18,キロメートル,0.04090365649003731
tr-529,水底トンネル,19,ポンプ,0.04075772929300252
tr-529,水底トンネル,20,崩壊,0.03982780787339457
tr-530,大北方戦争,1,スウェーデン,0.405807855232952
tr-530,大北方戦争,2,カール,0.20678591951487793
tr-530,大北方戦争,3,ロシア,0.16874207681380557
tr-530,大北方戦争,4,デンマーク,0.1518994323516472
tr-530,大北方戦争,5,同盟,0.11379685251417278
tr-530,大北方戦争,6,ザクセン,0.09494334459756461
tr-530,大北方戦争,7,ピョートル,0.08960069863706971
tr-530,大北方戦争,8,ポーランド,0.07907254106945388
tr-530,大北方戦争,9,戦争,0.07659707889923206
tr-530,大北方戦争,10,ノルウェー,0.06724047902642158
tr-530,大北方戦争,11,条約,0.06697052552476773
tr-530,大北方戦争,12,ホルシュタインゴットルプ,0.06566313973264638
tr-530,大北方戦争,13,バルト海,0.06544461813387978
tr-530,大北方戦争,14,アウグスト,0.06156341562537519
tr-530,大北方戦争,15,北方,0.060094537827320486
tr-530,大北方戦争,16,帝国,0.05865000492535751
tr-530,大北方戦争,17,ハノーファー,0.05684602666147376
tr-530,大北方戦争,18,グスタフ,0.05068343587952462
tr-530,大北方戦争,19,フレデリク,0.049250732500300154
tr-530,大北方戦争,20,リヴォニア,0.049250732500300154
tr-531,デング熱,1,デング熱,0.4626666120040897
tr-531,デング熱,2,感染,0.1928055188014453
tr-531,デング熱,3,症状,0.18600901857994684
tr-531,デング熱,4,発熱,0.1528389821299482
tr-531,デング熱,5,ウイルス,0.15265118366421618
tr-531,デング熱,6,出血,0.13439045391449198
tr-531,デング熱,7,重度,0.11064721002608569
tr-531,デング熱,8,合併症,0.07903372144720407
tr-531,デング熱,9,デングウイルス,0.07402665792065435
tr-531,デング熱,10,発疹,0.06612759988725646
tr-531,デング熱,11,疾患,0.06299840834989982
tr-531,デング熱,12,用語,0.06299840834989982
tr-531,デング熱,13,媒介,0.0572515704287982
tr-531,デング熱,14,治療,0.05588248854669989
tr-531,デング熱,15,デング,0.055519993440490766
tr-531,デング熱,16,流行,0.05264860285219193
tr-531,デング熱,17,血小板,0.051038438393766976
tr-531,デング熱,18,頭痛,0.04841689674651591
tr-531,デング熱,19,白血球,0.04841689674651591
tr-531,デング熱,20,軽度,0.04511414486871856
tr-532,ベラ湾夜戦,1,ガラ島,0.35611782578508083
tr-532,ベラ湾夜戦,2,コロン,0.3308720007654377
tr-532,ベラ湾夜戦,3,駆逐,0.22639635192986346
tr-532,ベラ湾夜戦,4,部隊,0.20255767485526938
tr-532,ベラ湾夜戦,5,ブイン,0.17805891289254042
tr-532,ベラ湾夜戦,6,輸送,0.15652824189016895
tr-532,ベラ湾夜戦,7,ラバウル,0.14838242741045035
tr-532,ベラ湾夜戦,8,物件,0.12936737267965187
tr-532,ベラ湾夜戦,9,夜戦,0.11870594192836029
tr-532,ベラ湾夜戦,10,司令,0.10992902824266759
tr-532,ベラ湾夜戦,11,出撃,0.10349389814372148
tr-532,ベラ湾夜戦,12,海戦,0.09307063227063961
tr-532,ベラ湾夜戦,13,生起,0.09227399109798202
tr-532,ベラ湾夜戦,14,大佐,0.09114832593214509
tr-532,ベラ湾夜戦,15,陸軍,0.0909321098282995
tr-532,ベラ湾夜戦,16,時雨,0.08651279985250093
tr-532,ベラ湾夜戦,17,陸戦,0.08651279985250093
tr-532,ベラ湾夜戦,18,魚雷,0.0812120070414588
tr-532,ベラ湾夜戦,19,ソロモン,0.07573635498377045
tr-532,ベラ湾夜戦,20,ジョージア,0.07573635498377045
tr-533,夏目漱石,1,漱石,0.41853856259780003
tr-533,夏目漱石,2,夏目,0.1034947697596501
tr-533,夏目漱石,3,子規,0.0779740582798472
tr-533,夏目漱石,4,明治,0.06985655756960381
tr-533,夏目漱石,5,金之助,0.06462534200410841
tr-533,夏目漱石,6,門下生,0.0541213658531638
tr-533,夏目漱石,7,大学,0.040822034559449834
tr-533,夏目漱石,8,文学,0.03754450816164145
tr-533,夏目漱石,9,漢詩,0.03608091056877587
tr-533,夏目漱石,10,先生,0.03468341646336802
tr-533,夏目漱石,11,木曜,0.03341745354850594
tr-533,夏目漱石,12,衰弱,0.029801507620834472
tr-533,夏目漱石,13,胃潰瘍,0.028864728455020694
tr-533,夏目漱石,14,門下,0.028864728455020694
tr-533,夏目漱石,15,執筆,0.02649808117401598
tr-533,夏目漱石,16,東京,0.024925224157868162
tr-533,夏目漱石,17,下宿,0.024487867458574106
tr-533,夏目漱石,18,神経,0.024357907230788896
tr-533,夏目漱石,19,当時,0.0243238724663113
tr-533,夏目漱石,20,吾輩,0.024234503251540657
tr-534,フランシスコ_(ローマ教皇),1,教皇,0.27607592653008994
tr-534,フランシスコ_(ローマ教皇),2,ベルゴリオ,0.20807493037156902
tr-534,フランシスコ_(ローマ教皇),3,枢機卿,0.1609233330971625
tr-534,フランシスコ_(ローマ教皇),4,アルゼンチン,0.12862625840011782
tr-534,フランシスコ_(ローマ教皇),5,司教,0.09099251696563511
tr-534,フランシスコ_(ローマ教皇),6,シスコ,0.08665102551385673
tr-534,フランシスコ_(ローマ教皇),7,ブエノスアイレス,0.08092581222795485
tr-534,フランシスコ_(ローマ教皇),8,フラン,0.07546341764254537
tr-534,フランシスコ_(ローマ教皇),9,神学,0.06824438772422634
tr-534,フランシスコ_(ローマ教皇),10,教会,0.06815596343774115
tr-534,フランシスコ_(ローマ教皇),11,祝福,0.06189358965275481
tr-534,フランシスコ_(ローマ教皇),12,コンクラーヴェ,0.061000016482294424
tr-534,フランシスコ_(ローマ教皇),13,選出,0.05980768220645681
tr-534,フランシスコ_(ローマ教皇),14,イエズス,0.05852645820806732
tr-534,フランシスコ_(ローマ教皇),15,ローマ,0.05808663622437062
tr-534,フランシスコ_(ローマ教皇),16,カトリック,0.0578121040281365
tr-534,フランシスコ_(ローマ教皇),17,信徒,0.05772702519945695
tr-534,フランシスコ_(ローマ教皇),18,マタイ,0.0418740728618516
tr-534,フランシスコ_(ローマ教皇),19,出身,0.041731860961471315
tr-534,フランシスコ_(ローマ教皇),20,バチカン,0.041012093291522105
tr-535,まぼろし博覧会,1,展示,0.16794179235004417
tr-535,まぼろし博覧会,2,秘宝,0.1585586668737934
tr-535,まぼろし博覧会,3,博物館,0.11636217163580917
tr-535,まぼろし博覧会,4,人形,0.1132994630788896
tr-535,まぼろし博覧会,5,博覧,0.10411302545572577
tr-535,まぼろし博覧会,6,鵜野,0.09984991068367331
tr-535,まぼろし博覧会,7,エリア,0.09336655754006773
tr-535,まぼろし博覧会,8,頭頂,0.0870753491875325
tr-535,まぼろし博覧会,9,神社,0.0841874712813301
tr-535,まぼろし博覧会,10,温室,0.08373020881018621
tr-535,まぼろし博覧会,11,少女,0.07964503523975686
tr-535,まぼろし博覧会,12,少年,0.07779162205138813
tr-535,まぼろし博覧会,13,聖徳太子,0.06342346674951736
tr-535,まぼろし博覧会,14,無造作,0.061193373164619834
tr-535,まぼろし博覧会,15,元祖,0.058050232791688326
tr-535,まぼろし博覧会,16,大仏,0.055820139206790804
tr-535,まぼろし博覧会,17,交渉,0.05304349567512506
tr-535,まぼろし博覧会,18,楽園,0.052676998833859304
tr-535,まぼろし博覧会,19,伊豆,0.05148203232357047
tr-535,まぼろし博覧会,20,狙い,0.05044690524896177
tr-536,イタイイタイ病,1,カドミウム,0.24533480555186832
tr-536,イタイイタイ病,2,イタイイタイ病,0.18026328609191183
tr-536,イタイイタイ病,3,患者,0.11817846228299535
tr-536,イタイイタイ病,4,富山,0.10807335642114131
tr-536,イタイイタイ病,5,昭和,0.09386093315952967
tr-536,イタイイタイ病,6,被害,0.07965250973296097
tr-536,イタイイタイ病,7,汚染,0.07947917619391491
tr-536,イタイイタイ病,8,三井金属鉱業,0.07559428126435012
tr-536,イタイイタイ病,9,認定,0.07550521738421917
tr-536,イタイイタイ病,10,公害,0.0716497309221494
tr-536,イタイイタイ病,11,神通川,0.06542261481383155
tr-536,イタイイタイ病,12,原告,0.06542261481383155
tr-536,イタイイタイ病,13,神岡鉱業,0.06396439183906548
tr-536,イタイイタイ病,14,訴訟,0.05918442775304125
tr-536,イタイイタイ病,15,症状,0.04907359466728945
tr-536,イタイイタイ病,16,婦中,0.04651955770113853
tr-536,イタイイタイ病,17,鉱山,0.044114560579903414
tr-536,イタイイタイ病,18,判決,0.04391148286104352
tr-536,イタイイタイ病,19,救済,0.043080054545043704
tr-536,イタイイタイ病,20,萩野,0.042721852332317935
tr-537,金星の太陽面通過,1,太陽,0.49518091950713056
tr-537,金星の太陽面通過,2,観測,0.3746942911468829
tr-537,金星の太陽面通過,3,通過,0.3063833026568664
tr-537,金星の太陽面通過,4,金星,0.26233388600072705
tr-537,金星の太陽面通過,5,視差,0.0990617814554476
tr-537,金星の太陽面通過,6,接触,0.07631603980358907
tr-537,金星の太陽面通過,7,地球,0.07509078490798919
tr-537,金星の太陽面通過,8,派遣,0.05968258237257773
tr-537,金星の太陽面通過,9,天文学,0.05596307179805739
tr-537,金星の太陽面通過,10,天文,0.049219381785805434
tr-537,金星の太陽面通過,11,フランス,0.04866093599328175
tr-537,金星の太陽面通過,12,アメリカ,0.046121954707721916
tr-537,金星の太陽面通過,13,単位,0.04327151584858041
tr-537,金星の太陽面通過,14,ホロックス,0.04171022377071478
tr-537,金星の太陽面通過,15,ル・ジャンティ,0.04171022377071478
tr-537,金星の太陽面通過,16,現象,0.04102154878168354
tr-537,金星の太陽面通過,17,ドロップ,0.03974075147875041
tr-537,金星の太陽面通過,18,間隔,0.038235461940820156
tr-537,金星の太陽面通過,19,距離,0.03784272050318742
tr-537,金星の太陽面通過,20,シャップ,0.03649644579937543
tr-538,ルワンダ虐殺,1,ルワンダ,0.5426786967268787
tr-538,ルワンダ虐殺,2,虐殺,0.11591082616844023
tr-538,ルワンダ虐殺,3,愛国,0.0814397682559311
tr-538,ルワンダ虐殺,4,戦線,0.06959947773514503
tr-538,ルワンダ虐殺,5,組織,0.0676392276912367
tr-538,ルワンダ虐殺,6,ハビャリマナ,0.06384455255610338
tr-538,ルワンダ虐殺,7,アルーシャ,0.06384455255610338
tr-538,ルワンダ虐殺,8,ジェノサイド,0.06082994208689769
tr-538,ルワンダ虐殺,9,民族,0.05910012382700124
tr-538,ルワンダ虐殺,10,過激,0.055426362069662706
tr-538,ルワンダ虐殺,11,国民,0.050974453138031776
tr-538,ルワンダ虐殺,12,大統領,0.049880983963385285
tr-538,ルワンダ虐殺,13,協定,0.04402580936772515
tr-538,ルワンダ虐殺,14,ルワンダ愛国戦線,0.04256303503740226
tr-538,ルワンダ虐殺,15,カングラ,0.04256303503740226
tr-538,ルワンダ虐殺,16,民兵,0.04210243401219238
tr-538,ルワンダ虐殺,17,難民,0.03994439997087754
tr-538,ルワンダ虐殺,18,ウガンダ,0.03912736127997997
tr-538,ルワンダ虐殺,19,政権,0.03498534216247187
tr-538,ルワンダ虐殺,20,地域,0.03392620911893324
tr-539,ナバラ州,1,ナバラ,0.4030948310379632
tr-539,ナバラ州,2,王国,0.167862366771654
tr-539,ナバラ州,3,スペイン,0.13740442739035785
tr-539,ナバラ州,4,バスク,0.12789202051320117
tr-539,ナバラ州,5,ピレネー,0.0982671442290889
tr-539,ナバラ州,6,パンプローナ,0.08977193106409355
tr-539,ナバラ州,7,フランス,0.07233524818669901
tr-539,ナバラ州,8,サンチョ,0.07161335519844955
tr-539,ナバラ州,9,人口,0.06965448001460639
tr-539,ナバラ州,10,カスティーリャ,0.060052143695554325
tr-539,ナバラ州,11,アラゴン,0.05217850058042062
tr-539,ナバラ州,12,トゥデラ,0.05208244014432695
tr-539,ナバラ州,13,カルリスタ,0.05208244014432695
tr-539,ナバラ州,14,地域,0.0492978169466076
tr-539,ナバラ州,15,世紀,0.04758913270469349
tr-539,ナバラ州,16,地方,0.04461708177074934
tr-539,ナバラ州,17,エブロ,0.043420311201527055
tr-539,ナバラ州,18,気候,0.041499559111196724
tr-539,ナバラ州,19,河岸,0.04028010413792625
tr-539,ナバラ州,20,エステーリャ,0.0372174096013089
tr-540,弘前大学教授夫人殺人事件,1,那須,0.41762366272652035
tr-540,弘前大学教授夫人殺人事件,2,弘前,0.22122107089073542
tr-540,弘前大学教授夫人殺人事件,3,事件,0.17408011786075991
tr-540,弘前大学教授夫人殺人事件,4,松永,0.1479051839864888
tr-540,弘前大学教授夫人殺人事件,5,鑑定,0.11664978609377
tr-540,弘前大学教授夫人殺人事件,6,青森,0.10206856283204874
tr-540,弘前大学教授夫人殺人事件,7,市警,0.08687331821493961
tr-540,弘前大学教授夫人殺人事件,8,教授,0.07837875967915638
tr-540,弘前大学教授夫人殺人事件,9,大学,0.07670988440913962
tr-540,弘前大学教授夫人殺人事件,10,判決,0.06515867579148728
tr-540,弘前大学教授夫人殺人事件,11,性欲,0.05694868128088914
tr-540,弘前大学教授夫人殺人事件,12,殺人,0.055202180874066316
tr-540,弘前大学教授夫人殺人事件,13,物証,0.054946253862431266
tr-540,弘前大学教授夫人殺人事件,14,屋敷,0.053677326569738934
tr-540,弘前大学教授夫人殺人事件,15,東北大学,0.05339305048901449
tr-540,弘前大学教授夫人殺人事件,16,再審,0.05212399092896376
tr-540,弘前大学教授夫人殺人事件,17,変態,0.051051016359400486
tr-540,弘前大学教授夫人殺人事件,18,警察,0.04767614638481965
tr-540,弘前大学教授夫人殺人事件,19,医学部,0.04410069967649241
tr-540,弘前大学教授夫人殺人事件,20,請求,0.043080257860771694
tr-541,柳窪(東久留米市),1,柳窪,0.37205772611767357
tr-541,柳窪(東久留米市),2,丁目,0.23812373398404588
tr-541,柳窪(東久留米市),3,一揆,0.13302287429805865
tr-541,柳窪(東久留米市),4,土蔵,0.1063542681029012
tr-541,柳窪(東久留米市),5,黒目,0.10417616331294859
tr-541,柳窪(東久留米市),6,農兵,0.10417616331294859
tr-541,柳窪(東久留米市),7,江戸,0.10277751848317128
tr-541,柳窪(東久留米市),8,東久留米,0.08507757931391065
tr-541,柳窪(東久留米市),9,江川,0.07626685632894839
tr-541,柳窪(東久留米市),10,明治,0.06618645073220102
tr-541,柳窪(東久留米市),11,下里,0.059529236178827764
tr-541,柳窪(東久留米市),12,村野,0.059529236178827764
tr-541,柳窪(東久留米市),13,七次郎,0.059529236178827764
tr-541,柳窪(東久留米市),14,時代,0.05934133984946723
tr-541,柳窪(東久留米市),15,鎮圧,0.056032088747783954
tr-541,柳窪(東久留米市),16,小平,0.054724056417580304
tr-541,柳窪(東久留米市),17,幕末,0.0512386799772043
tr-541,柳窪(東久留米市),18,武蔵野,0.04991887665633285
tr-541,柳窪(東久留米市),19,遊歩道,0.04710802668677885
tr-541,柳窪(東久留米市),20,平成,0.04698161765571675
tr-542,歴史地震,1,地震,0.6214990314622446
tr-542,歴史地震,2,記録,0.15929499514773374
tr-542,歴史地震,3,津波,0.13891451038878147
tr-542,歴史地震,4,マグニチュード,0.10620911368094099
tr-542,歴史地震,5,発生,0.09521700957220754
tr-542,歴史地震,6,歴史,0.08277091562805783
tr-542,歴史地震,7,推定,0.0810902599246288
tr-542,歴史地震,8,紀元前,0.07852372541136124
tr-542,歴史地震,9,観測,0.05840911433618061
tr-542,歴史地震,10,震度,0.0542206920926389
tr-542,歴史地震,11,宝永,0.049201927309823534
tr-542,歴史地震,12,震源,0.044908475664436384
tr-542,歴史地震,13,南海,0.04321988828250563
tr-542,歴史地震,14,改元,0.04319839992634936
tr-542,歴史地震,15,時代,0.04257143293961999
tr-542,歴史地震,16,古文書,0.04149333004215371
tr-542,歴史地震,17,安政,0.040133335875349486
tr-542,歴史地震,18,規模,0.039395446332647854
tr-542,歴史地震,19,元号,0.038104320860350566
tr-542,歴史地震,20,換算,0.035984774087061785
tr-543,アルゼンチンワイン,1,ワイン,0.41933962527901975
tr-543,アルゼンチンワイン,2,アルゼンチン,0.39956706425441413
tr-543,アルゼンチンワイン,3,ブドウ,0.32022471677994463
tr-543,アルゼンチンワイン,4,栽培,0.11647417663377681
tr-543,アルゼンチンワイン,5,メンドーサ,0.09901259487081232
tr-543,アルゼンチンワイン,6,生産,0.09584702456913732
tr-543,アルゼンチンワイン,7,輸出,0.0930152414148431
tr-543,アルゼンチンワイン,8,品種,0.06312518827394516
tr-543,アルゼンチンワイン,9,産業,0.061801882413945276
tr-543,アルゼンチンワイン,10,サン・フアン,0.060032904061650086
tr-543,アルゼンチンワイン,11,産地,0.059147309639721854
tr-543,アルゼンチンワイン,12,リットル,0.05631270559240514
tr-543,アルゼンチンワイン,13,収量,0.051198722059258524
tr-543,アルゼンチンワイン,14,年代,0.050180656040314235
tr-543,アルゼンチンワイン,15,醸造,0.04822361120311895
tr-543,アルゼンチンワイン,16,品質,0.04608846847327119
tr-543,アルゼンチンワイン,17,市場,0.043734420756740354
tr-543,アルゼンチンワイン,18,地域,0.04304787855185397
tr-543,アルゼンチンワイン,19,消費,0.04161636382238608
tr-543,アルゼンチンワイン,20,エーカー,0.041334523888387674
tr-544,サルゴン2世,1,サルゴン,0.638480856769085
tr-544,サルゴン2世,2,ティグラト・ピレセル,0.2707156062359914
tr-544,サルゴン2世,3,シャルマネセル,0.2525615387881149
tr-544,サルゴン2世,4,アッシリア,0.197410334957545
tr-544,サルゴン2世,5,ウラルトゥ,0.1578509617425718
tr-544,サルゴン2世,6,シリア,0.14807776773227138
tr-544,サルゴン2世,7,在位,0.1420341017854265
tr-544,サルゴン2世,8,治世,0.13714327376993
tr-544,サルゴン2世,9,征服,0.09414258117640034
tr-544,サルゴン2世,10,ドゥル・シャルキン,0.09023853541199714
tr-544,サルゴン2世,11,息子,0.08083524957296838
tr-544,サルゴン2世,12,バビロン,0.07942056570966192
tr-544,サルゴン2世,13,バビロニア,0.07494852407611599
tr-544,サルゴン2世,14,遠征,0.07358196147558521
tr-544,サルゴン2世,15,統治,0.06734939902299167
tr-544,サルゴン2世,16,センナケリブ,0.06314038469702872
tr-544,サルゴン2世,17,アダシ,0.06314038469702872
tr-544,サルゴン2世,18,アダド・ニラリ,0.06314038469702872
tr-544,サルゴン2世,19,アッシュール・ダン,0.06314038469702872
tr-544,サルゴン2世,20,アッシュール・ニラリ,0.06314038469702872
tr-545,電気パン,1,電極,0.29960517851390606
tr-545,電気パン,2,電気,0.1915876531827934
tr-545,電気パン,3,ミリメートル,0.1753221515351394
tr-545,電気パン,4,パン焼き,0.17004143205536446
tr-545,電気パン,5,パン種,0.11336095470357631
tr-545,電気パン,6,電流,0.08767237187776358
tr-545,電気パン,7,手作り,0.07594853056358168
tr-545,電気パン,8,阿久津,0.07085059668973519
tr-545,電気パン,9,発明,0.06402308443483065
tr-545,電気パン,10,正蔵,0.056680477351788154
tr-545,電気パン,11,材料,0.05118183797210434
tr-545,電気パン,12,ソニー,0.048411414853468886
tr-545,電気パン,13,食品,0.04772056054364166
tr-545,電気パン,14,資料,0.04490403337616435
tr-545,電気パン,15,パン粉,0.042510358013841114
tr-545,電気パン,16,板間,0.042510358013841114
tr-545,電気パン,17,金属,0.04238535291224684
tr-545,電気パン,18,規格,0.04148189587988026
tr-545,電気パン,19,溶出,0.03797426528179084
tr-545,電気パン,20,電解,0.03707168331746433
tr-546,レオ10世による贖宥状,1,贖宥,0.43538592695455824
tr-546,レオ10世による贖宥状,2,教皇,0.16420702281972643
tr-546,レオ10世による贖宥状,3,大司教,0.1572445403731618
tr-546,レオ10世による贖宥状,4,アルブレヒト,0.10501922578584424
tr-546,レオ10世による贖宥状,5,マインツ,0.1042284500959206
tr-546,レオ10世による贖宥状,6,フッガー,0.10205057543576607
tr-546,レオ10世による贖宥状,7,聖職,0.0923198335349546
tr-546,レオ10世による贖宥状,8,ルター,0.09040354123593591
tr-546,レオ10世による贖宥状,9,十字軍,0.0850093269373794
tr-546,レオ10世による贖宥状,10,ユリウス,0.08295854183989926
tr-546,レオ10世による贖宥状,11,発行,0.0817279053639724
tr-546,レオ10世による贖宥状,12,借金,0.07866443906034647
tr-546,レオ10世による贖宥状,13,ピエトロ,0.07616046402479738
tr-546,レオ10世による贖宥状,14,ドイツ,0.0760745326474201
tr-546,レオ10世による贖宥状,15,聖堂,0.0754233470515959
tr-546,レオ10世による贖宥状,16,ザクセン,0.07286240907154812
tr-546,レオ10世による贖宥状,17,返済,0.06967302911088535
tr-546,レオ10世による贖宥状,18,批判,0.06897495154507895
tr-546,レオ10世による贖宥状,19,修道,0.06594273823925328
tr-546,レオ10世による贖宥状,20,教会,0.06080766250168757
tr-547,天災は忘れた頃にやってくる,1,天災,0.5068264643788866
tr-547,天災は忘れた頃にやってくる,2,寅彦,0.36201890312777607
tr-547,天災は忘れた頃にやってくる,3,災害,0.25085493746511617
tr-547,天災は忘れた頃にやってくる,4,地震,0.187301077974923
tr-547,天災は忘れた頃にやってくる,5,台風,0.15608076418655828
tr-547,天災は忘れた頃にやってくる,6,寺田,0.12981113894337232
tr-547,天災は忘れた頃にやってくる,7,随筆,0.12027137786845753
tr-547,天災は忘れた頃にやってくる,8,被害,0.11443609379946502
tr-547,天災は忘れた頃にやってくる,9,上陸,0.09431850939423757
tr-547,天災は忘れた頃にやってくる,10,観察,0.08855882089096981
tr-547,天災は忘れた頃にやってくる,11,元年,0.08831469129570724
tr-547,天災は忘れた頃にやってくる,12,建物,0.08089750969988524
tr-547,天災は忘れた頃にやってくる,13,関心,0.08058144567510636
tr-547,天災は忘れた頃にやってくる,14,二科展,0.07599196742297261
tr-547,天災は忘れた頃にやってくる,15,津浪,0.07599196742297261
tr-547,天災は忘れた頃にやってくる,16,鳥飼,0.07599196742297261
tr-547,天災は忘れた頃にやってくる,17,言葉,0.07442594131189421
tr-547,天災は忘れた頃にやってくる,18,道理,0.07240378062555522
tr-547,天災は忘れた頃にやってくる,19,ハリケーン・カトリーナ,0.07240378062555522
tr-547,天災は忘れた頃にやってくる,20,ハリケーン・リタ,0.07240378062555522
tr-548,ガブリエレ・ミュンター,1,ミュンター,0.405051524471505
tr-548,ガブリエレ・ミュンター,2,芸術,0.24154685635277062
tr-548,ガブリエレ・ミュンター,3,カンディンスキー,0.2025257622357525
tr-548,ガブリエレ・ミュンター,4,彼女,0.17915622664915448
tr-548,ガブリエレ・ミュンター,5,ガブリエレ・ミュンター,0.1215154573414515
tr-548,ガブリエレ・ミュンター,6,学校,0.1156778108056313
tr-548,ガブリエレ・ミュンター,7,教室,0.10970761502936083
tr-548,ガブリエレ・ミュンター,8,絵画,0.10018769029818356
tr-548,ガブリエレ・ミュンター,9,ヴィルヘルム・フュスゲン,0.08101030489430099
tr-548,ガブリエレ・ミュンター,10,コブレンツ,0.07718516236497867
tr-548,ガブリエレ・ミュンター,11,女流,0.07236605270680896
tr-548,ガブリエレ・ミュンター,12,アメリカ,0.06825054753245102
tr-548,ガブリエレ・ミュンター,13,ヴェストファーレン,0.06682089549075124
tr-548,ガブリエレ・ミュンター,14,修業,0.06682089549075124
tr-548,ガブリエレ・ミュンター,15,裸体,0.06682089549075124
tr-548,ガブリエレ・ミュンター,16,ミュンヘン,0.0641069136751684
tr-548,ガブリエレ・ミュンター,17,デッサン,0.0641069136751684
tr-548,ガブリエレ・ミュンター,18,作品,0.05760500018652493
tr-548,ガブリエレ・ミュンター,19,女性,0.057148478551361424
tr-548,ガブリエレ・ミュンター,20,騎士,0.05400840979119279
tr-549,尼港事件,1,ニコラエフスク,0.35766676330875363
tr-549,尼港事件,2,ロシア,0.17483587478854978
tr-549,尼港事件,3,出兵,0.11282531518946688
tr-549,尼港事件,4,日本人,0.10818592697419713
tr-549,尼港事件,5,革命,0.10285308242300474
tr-549,尼港事件,6,島田,0.09676249893469441
tr-549,尼港事件,7,赤軍,0.07521687679297792
tr-549,尼港事件,8,漁業,0.07389396842142021
tr-549,尼港事件,9,政権,0.06428317651437797
tr-549,尼港事件,10,事件,0.056943329385236434
tr-549,尼港事件,11,商会,0.053870404084046225
tr-549,尼港事件,12,チェコ,0.052844476682783886
tr-549,尼港事件,13,シベリア,0.05237596509393185
tr-549,尼港事件,14,守備,0.050366764618251646
tr-549,尼港事件,15,コルチャーク,0.046924001742054126
tr-549,尼港事件,16,元太郎,0.046924001742054126
tr-549,尼港事件,17,ウラジオストク,0.044708345413594204
tr-549,尼港事件,18,サハリン,0.044708345413594204
tr-549,尼港事件,19,ユダヤ,0.043839457923209216
tr-549,尼港事件,20,居留民,0.04313631223079759
tr-550,ハーメルンの笛吹き男,1,ハーメルン,0.432054959436272
tr-550,ハーメルンの笛吹き男,2,子供,0.17454356813954316
tr-550,ハーメルンの笛吹き男,3,ヴェルステガン,0.1215154573414515
tr-550,ハーメルンの笛吹き男,4,ネズミ,0.09352256272296612
tr-550,ハーメルンの笛吹き男,5,ステンドグラス,0.09004935609247512
tr-550,ハーメルンの笛吹き男,6,事件,0.07864625869810013
tr-550,ハーメルンの笛吹き男,7,物語,0.07682060290382721
tr-550,ハーメルンの笛吹き男,8,出典,0.06793205620449069
tr-550,ハーメルンの笛吹き男,9,記録,0.062265307851771395
tr-550,ハーメルンの笛吹き男,10,伝説,0.05707745999989976
tr-550,ハーメルンの笛吹き男,11,マンチェスター,0.05661004683707558
tr-550,ハーメルンの笛吹き男,12,トランシルヴァニア,0.051456774909985785
tr-550,ハーメルンの笛吹き男,13,出来事,0.049407436146427355
tr-550,ハーメルンの笛吹き男,14,日付,0.047047190513769814
tr-550,ハーメルンの笛吹き男,15,植民,0.046570132806624205
tr-550,ハーメルンの笛吹き男,16,バージョン,0.04223452919430386
tr-550,ハーメルンの笛吹き男,17,ラテン語,0.041036135918313135
tr-550,ハーメルンの笛吹き男,18,ツィンメルン,0.04050515244715049
tr-550,ハーメルンの笛吹き男,19,ブラウニング,0.04050515244715049
tr-550,ハーメルンの笛吹き男,20,世紀,0.038381417038996765
tr-551,ルーシー(アウストラロピテクス),1,ルーシー,0.3191437455762226
tr-551,ルーシー(アウストラロピテクス),2,人骨,0.20516383644185737
tr-551,ルーシー(アウストラロピテクス),3,アファール,0.1992481512496253
tr-551,ルーシー(アウストラロピテクス),4,発見,0.1752430040563496
tr-551,ルーシー(アウストラロピテクス),5,ジョハンソン,0.11207708507791424
tr-551,ルーシー(アウストラロピテクス),6,調査,0.09853191786397926
tr-551,ルーシー(アウストラロピテクス),7,人類,0.09804961632744663
tr-551,ルーシー(アウストラロピテクス),8,化石,0.08850081577710994
tr-551,ルーシー(アウストラロピテクス),9,歩行,0.08197811826508933
tr-551,ルーシー(アウストラロピテクス),10,ハダール,0.07842093441822744
tr-551,ルーシー(アウストラロピテクス),11,骨格,0.07482186037658083
tr-551,ルーシー(アウストラロピテクス),12,チンパンジー,0.07005298252896575
tr-551,ルーシー(アウストラロピテクス),13,復元,0.06546912782950821
tr-551,ルーシー(アウストラロピテクス),14,エチオピア,0.06285245869002264
tr-551,ルーシー(アウストラロピテクス),15,骨盤,0.060075685983530885
tr-551,ルーシー(アウストラロピテクス),16,大腿,0.05837748544080479
tr-551,ルーシー(アウストラロピテクス),17,測定,0.05677773282408061
tr-551,ルーシー(アウストラロピテクス),18,アルゴン,0.055816813929227826
tr-551,ルーシー(アウストラロピテクス),19,直立,0.051714861868857306
tr-551,ルーシー(アウストラロピテクス),20,彼女,0.050583683475522306
tr-552,二股ソケット,1,松下,0.443204764841079
tr-552,二股ソケット,2,ソケット,0.3601038714333767
tr-552,二股ソケット,3,二股,0.2898766463275275
tr-552,二股ソケット,4,プラグ,0.28010773071159856
tr-552,二股ソケット,5,製品,0.2167798492173323
tr-552,二股ソケット,6,電気,0.17165635700490603
tr-552,二股ソケット,7,幸之助,0.16620178681540462
tr-552,二股ソケット,8,アタッチメント,0.16620178681540462
tr-552,二股ソケット,9,電灯,0.16092173062277232
tr-552,二股ソケット,10,販売,0.14773416559882044
tr-552,二股ソケット,11,松下電器,0.11080119121026975
tr-552,二股ソケット,12,灯用,0.11080119121026975
tr-552,二股ソケット,13,差込み,0.11080119121026975
tr-552,二股ソケット,14,契約,0.11032429810575443
tr-552,二股ソケット,15,吉田,0.09652262311857292
tr-552,二股ソケット,16,他社,0.08880444163299973
tr-552,二股ソケット,17,発売,0.0879290016591412
tr-552,二股ソケット,18,創業,0.0750258528587887
tr-552,二股ソケット,19,一つ,0.07147724208301162
tr-552,二股ソケット,20,製作所,0.06854530569696417
tr-553,Signalize!/カレンダーガール‎,1,カレンダー,0.47363670829415755
tr-553,Signalize!/カレンダーガール‎,2,ガール,0.4320478774605608
tr-553,Signalize!/カレンダーガール‎,3,アイカツ,0.22898912850122416
tr-553,Signalize!/カレンダーガール‎,4,楽曲,0.2063065681999178
tr-553,Signalize!/カレンダーガール‎,5,アニメ,0.16758685935471623
tr-553,Signalize!/カレンダーガール‎,6,サウンド,0.14401595915352028
tr-553,Signalize!/カレンダーガール‎,7,女児,0.14166029844039263
tr-553,Signalize!/カレンダーガール‎,8,編曲,0.1376468845311496
tr-553,Signalize!/カレンダーガール‎,9,シングル,0.13430580283788626
tr-553,Signalize!/カレンダーガール‎,10,ヴォーカル,0.10908836280916988
tr-553,Signalize!/カレンダーガール‎,11,制作,0.09495280012405187
tr-553,Signalize!/カレンダーガール‎,12,ライター,0.09444019896026175
tr-553,Signalize!/カレンダーガール‎,13,バージョン,0.08953720189192417
tr-553,Signalize!/カレンダーガール‎,14,ライブ,0.08854909559654121
tr-553,Signalize!/カレンダーガール‎,15,シーズン,0.08136247558677207
tr-553,Signalize!/カレンダーガール‎,16,田中,0.07930713318907529
tr-553,Signalize!/カレンダーガール‎,17,披露,0.07633188583821915
tr-553,Signalize!/カレンダーガール‎,18,作曲,0.0752353778617262
tr-553,Signalize!/カレンダーガール‎,19,テレビ,0.06581912103336221
tr-553,Signalize!/カレンダーガール‎,20,音楽,0.06403870246503525
tr-554,ガボン航空惨事,1,ザンビア,0.30236240559140515
tr-554,ガボン航空惨事,2,代表,0.1589909832207525
tr-554,ガボン航空惨事,3,選手,0.12420511516254285
tr-554,ガボン航空惨事,4,予選,0.10547154972010979
tr-554,ガボン航空惨事,5,経済,0.09513356162177798
tr-554,ガボン航空惨事,6,サッカー,0.0945815512942861
tr-554,ガボン航空惨事,7,チーム,0.09251563043346303
tr-554,ガボン航空惨事,8,国営,0.09165705319881787
tr-554,ガボン航空惨事,9,ガボン,0.09070872167742153
tr-554,ガボン航空惨事,10,カウンダ,0.09070872167742153
tr-554,ガボン航空惨事,11,大統領,0.08858704678356498
tr-554,ガボン航空惨事,12,リーグ,0.06692747028369095
tr-554,ガボン航空惨事,13,アフリカ,0.06671753122656121
tr-554,ガボン航空惨事,14,チルバ,0.060472481118281025
tr-554,ガボン航空惨事,15,カルシャ・ブワルヤ,0.060472481118281025
tr-554,ガボン航空惨事,16,ミッドフィールダー,0.060472481118281025
tr-554,ガボン航空惨事,17,ムソンダ,0.060472481118281025
tr-554,ガボン航空惨事,18,鉱山,0.059605493024254906
tr-554,ガボン航空惨事,19,メンバー,0.055699714585810335
tr-554,ガボン航空惨事,20,航空,0.05409883538024132
tr-555,ベリリウム,1,ベリリウム,0.7835765061909314
tr-555,ベリリウム,2,元素,0.08932073186986657
tr-555,ベリリウム,3,用途,0.08901676425261754
tr-555,ベリリウム,4,電子,0.07247326262227359
tr-555,ベリリウム,5,濃度,0.06643382407041747
tr-555,ベリリウム,6,物性,0.06463402820599069
tr-555,ベリリウム,7,原子,0.06434841541238195
tr-555,ベリリウム,8,エネルギー,0.06326080917521157
tr-555,ベリリウム,9,検出,0.05791357387114375
tr-555,ベリリウム,10,材料,0.05558457672239289
tr-555,ベリリウム,11,柱石,0.05540059560513488
tr-555,ベリリウム,12,イオン化,0.052784691681856385
tr-555,ベリリウム,13,非常,0.05125124905747929
tr-555,ベリリウム,14,鉱石,0.0494680914922317
tr-555,ベリリウム,15,合金,0.04658535410965886
tr-555,ベリリウム,16,酸化,0.04625077095052355
tr-555,ベリリウム,17,溶解,0.04501712520233422
tr-555,ベリリウム,18,蛍光,0.04440222081649987
tr-555,ベリリウム,19,金属,0.04419014858463929
tr-555,ベリリウム,20,伝導,0.04240122127905574
tr-556,カリフォルニアワイン,1,ワイン,0.3973076109576237
tr-556,カリフォルニアワイン,2,ブドウ,0.3663002155972028
tr-556,カリフォルニアワイン,3,カリフォルニア,0.2936850923701053
tr-556,カリフォルニアワイン,4,品種,0.18292680458090008
tr-556,カリフォルニアワイン,5,栽培,0.14803672329952447
tr-556,カリフォルニアワイン,6,ワイナリー,0.08794159892446686
tr-556,カリフォルニアワイン,7,生産,0.08638142567447432
tr-556,カリフォルニアワイン,8,醸造,0.07880322899584699
tr-556,カリフォルニアワイン,9,禁酒,0.07183194273503879
tr-556,カリフォルニアワイン,10,デービス,0.06131735880832733
tr-556,カリフォルニアワイン,11,ヘクタール,0.057766359341336865
tr-556,カリフォルニアワイン,12,年代,0.04920076655956812
tr-556,カリフォルニアワイン,13,ソノマ,0.048049277563206504
tr-556,カリフォルニアワイン,14,フィロキセラ,0.04788796182335919
tr-556,カリフォルニアワイン,15,ヨーロッパ,0.04591368160419843
tr-556,カリフォルニアワイン,16,産地,0.045105142602953355
tr-556,カリフォルニアワイン,17,面積,0.034345586551938555
tr-556,カリフォルニアワイン,18,移民,0.03432912226332664
tr-556,カリフォルニアワイン,19,シャルドネ,0.0299299761395995
tr-556,カリフォルニアワイン,20,東海岸,0.029907515883129145
tr-557,カワード1世,1,カワード,0.40890915803790023
tr-557,カワード1世,2,サーサーン,0.28403325379443567
tr-557,カワード1世,3,エフタル,0.23376077744822113
tr-557,カワード1世,4,ペルシア,0.13753771213327853
tr-557,カワード1世,5,ペーローズ,0.13630305267930007
tr-557,カワード1世,6,ローマ帝国,0.11929369986506008
tr-557,カワード1世,7,在位,0.08760379974067121
tr-557,カワード1世,8,貴族,0.08758301470917391
tr-557,カワード1世,9,スロー,0.08178183160758005
tr-557,カワード1世,10,ウズルガーン,0.08178183160758005
tr-557,カワード1世,11,パルティア,0.06985075571714797
tr-557,カワード1世,12,王位,0.06816782849432004
tr-557,カワード1世,13,アルメニア,0.06197762644872447
tr-557,カワード1世,14,戦争,0.05826615403445857
tr-557,カワード1世,15,軍事,0.05623122838649185
tr-557,カワード1世,16,戦い,0.054647692151559055
tr-557,カワード1世,17,マズダク,0.054521221071720034
tr-557,カワード1世,18,アミダ,0.054521221071720034
tr-557,カワード1世,19,帝国,0.051554078403524134
tr-557,カワード1世,20,治世,0.05075234076928022
tr-558,アースキン・メイ(初代ファーンバラ男爵),1,庶民,0.32846795410055685
tr-558,アースキン・メイ(初代ファーンバラ男爵),2,アースキン・メイ,0.24001189710920234
tr-558,アースキン・メイ(初代ファーンバラ男爵),3,書記官,0.21373739834029437
tr-558,アースキン・メイ(初代ファーンバラ男爵),4,ファーンバラ,0.18667591997382402
tr-558,アースキン・メイ(初代ファーンバラ男爵),5,索引,0.13333994283844575
tr-558,アースキン・メイ(初代ファーンバラ男爵),6,男爵,0.10893637816529261
tr-558,アースキン・メイ(初代ファーンバラ男爵),7,ル・マーチャント,0.10667195427075658
tr-558,アースキン・メイ(初代ファーンバラ男爵),8,議会,0.10098935893752639
tr-558,アースキン・メイ(初代ファーンバラ男爵),9,図書館,0.09663158267951086
tr-558,アースキン・メイ(初代ファーンバラ男爵),10,日誌,0.08798776300645504
tr-558,アースキン・メイ(初代ファーンバラ男爵),11,ヴァードン,0.08000396570306745
tr-558,アースキン・メイ(初代ファーンバラ男爵),12,議長,0.07147675745018246
tr-558,アースキン・メイ(初代ファーンバラ男爵),13,補佐,0.058551309557160175
tr-558,アースキン・メイ(初代ファーンバラ男爵),14,審議,0.058551309557160175
tr-558,アースキン・メイ(初代ファーンバラ男爵),15,初代,0.05795178860266571
tr-558,アースキン・メイ(初代ファーンバラ男爵),16,法案,0.057249179659254974
tr-558,アースキン・メイ(初代ファーンバラ男爵),17,就任,0.05500881037808985
tr-558,アースキン・メイ(初代ファーンバラ男爵),18,引退,0.05417239375673408
tr-558,アースキン・メイ(初代ファーンバラ男爵),19,ベッドフォード・グラマースクール,0.05333597713537829
tr-558,アースキン・メイ(初代ファーンバラ男爵),20,業務,0.047714500770150735
tr-559,オランダ黄金時代の絵画,1,絵画,0.3071870504183975
tr-559,オランダ黄金時代の絵画,2,オランダ,0.27465685986295996
tr-559,オランダ黄金時代の絵画,3,風俗,0.2640441215479209
tr-559,オランダ黄金時代の絵画,4,戦争,0.12134769269986415
tr-559,オランダ黄金時代の絵画,5,芸術,0.11541983519185733
tr-559,オランダ黄金時代の絵画,6,ネーデルラント,0.10863122807030809
tr-559,オランダ黄金時代の絵画,7,人物,0.09613790373926208
tr-559,オランダ黄金時代の絵画,8,総称,0.08808257488883343
tr-559,オランダ黄金時代の絵画,9,タイプ,0.08571727168816115
tr-559,オランダ黄金時代の絵画,10,画家,0.0854440600856618
tr-559,オランダ黄金時代の絵画,11,共和,0.07694655679457156
tr-559,オランダ黄金時代の絵画,12,連邦,0.07646742395369135
tr-559,オランダ黄金時代の絵画,13,当時,0.07541937704916551
tr-559,オランダ黄金時代の絵画,14,人気,0.07358554978600906
tr-559,オランダ黄金時代の絵画,15,作品,0.06728517928123022
tr-559,オランダ黄金時代の絵画,16,独立,0.06649163846823254
tr-559,オランダ黄金時代の絵画,17,フェルメール,0.06188826471179996
tr-559,オランダ黄金時代の絵画,18,画題,0.06188826471179996
tr-559,オランダ黄金時代の絵画,19,居酒屋,0.06061429215124411
tr-559,オランダ黄金時代の絵画,20,結実,0.059510726922942264
tr-560,三里塚闘争,1,空港,0.25297136564200384
tr-560,三里塚闘争,2,富里,0.13932942276440838
tr-560,三里塚闘争,3,三里塚,0.13199629525049214
tr-560,三里塚闘争,4,反対,0.09786499010966922
tr-560,三里塚闘争,5,御料,0.08799753016699477
tr-560,三里塚闘争,6,牧場,0.07372789769993825
tr-560,三里塚闘争,7,開墾,0.07033766589450241
tr-560,三里塚闘争,8,芝山,0.06986872084276465
tr-560,三里塚闘争,9,建設,0.059193927982259066
tr-560,三里塚闘争,10,住民,0.057889863466255895
tr-560,三里塚闘争,11,成田,0.05392959957804242
tr-560,三里塚闘争,12,用地,0.048414360262268356
tr-560,三里塚闘争,13,地元,0.04521986386575851
tr-560,三里塚闘争,14,千葉,0.043168318257075865
tr-560,三里塚闘争,15,運動,0.041942138618429665
tr-560,三里塚闘争,16,窮民,0.04192123250565879
tr-560,三里塚闘争,17,運輸省,0.03930385100045303
tr-560,三里塚闘争,18,政府,0.03928439413516181
tr-560,三里塚闘争,19,農民,0.039124904198091226
tr-560,三里塚闘争,20,古村,0.03666563756958115
tr-561,ドゥニエ,1,ドゥニエ,0.5075603421242453
tr-561,ドゥニエ,2,貨幣,0.27431519911623375
tr-561,ドゥニエ,3,銀貨,0.16233689206076354
tr-561,ドゥニエ,4,リーヴル,0.12830054733285962
tr-561,ドゥニエ,5,トゥール,0.11103693491322195
tr-561,ドゥニエ,6,通貨,0.10020299232687081
tr-561,ドゥニエ,7,単位,0.09210949500596065
tr-561,ドゥニエ,8,鋳造,0.0840697294596906
tr-561,ドゥニエ,9,スー,0.08327770118491647
tr-561,ドゥニエ,10,グラム,0.07707922486682371
tr-561,ドゥニエ,11,金貨,0.07575258100995927
tr-561,ドゥニエ,12,デナリウス,0.07250862030346361
tr-561,ドゥニエ,13,発行,0.07225131320099068
tr-561,ドゥニエ,14,フラン,0.06279081717853358
tr-561,ドゥニエ,15,世紀,0.05889163145187441
tr-561,ドゥニエ,16,体系,0.05581405971425206
tr-561,ドゥニエ,17,フランス,0.05524353719175257
tr-561,ドゥニエ,18,諸侯,0.05188566584316876
tr-561,ドゥニエ,19,ピピン,0.05179187164533115
tr-561,ドゥニエ,20,フィリップ,0.050850423075199734
tr-562,カナダ侵攻作戦,1,ケベック,0.19854076266737122
tr-562,カナダ侵攻作戦,2,モントリオール,0.14662292036027896
tr-562,カナダ侵攻作戦,3,大陸,0.13577230080819305
tr-562,カナダ侵攻作戦,4,植民,0.13362958490053634
tr-562,カナダ侵攻作戦,5,タイコンデロガ,0.1302806880682761
tr-562,カナダ侵攻作戦,6,イギリス,0.11882686033314109
tr-562,カナダ侵攻作戦,7,将軍,0.11524063517922856
tr-562,カナダ侵攻作戦,8,インディアン,0.10575130843535974
tr-562,カナダ侵攻作戦,9,カールトン,0.1042245504546209
tr-562,カナダ侵攻作戦,10,セントジョンズ,0.097717217667793
tr-562,カナダ侵攻作戦,11,モホーク,0.09119648164779327
tr-562,カナダ侵攻作戦,12,会議,0.08359805199205261
tr-562,カナダ侵攻作戦,13,カナダ,0.07480600063580395
tr-562,カナダ侵攻作戦,14,ニューヨーク,0.07056015295222345
tr-562,カナダ侵攻作戦,15,アーノルド,0.06836856941716485
tr-562,カナダ侵攻作戦,16,オナイダ,0.06836856941716485
tr-562,カナダ侵攻作戦,17,作戦,0.06428194897781644
tr-562,カナダ侵攻作戦,18,イロコイ,0.06107326104237062
tr-562,カナダ侵攻作戦,19,防衛,0.056912365615002375
tr-562,カナダ侵攻作戦,20,スカイラー,0.05211227522731045
tr-563,竹(松型駆逐艦),1,駆逐,0.27892993214988343
tr-563,竹(松型駆逐艦),2,輸送,0.17914976204184865
tr-563,竹(松型駆逐艦),3,マニラ,0.15352236963815524
tr-563,竹(松型駆逐艦),4,作戦,0.14559837038787124
tr-563,竹(松型駆逐艦),5,戦隊,0.1257542543861415
tr-563,竹(松型駆逐艦),6,水雷,0.10935152555316649
tr-563,竹(松型駆逐艦),7,艦長,0.09687966036142137
tr-563,竹(松型駆逐艦),8,部隊,0.09298050236677997
tr-563,竹(松型駆逐艦),9,オルモック,0.09128268220436042
tr-563,竹(松型駆逐艦),10,沈没,0.07648394239059582
tr-563,竹(松型駆逐艦),11,帰投,0.07454785613382907
tr-563,竹(松型駆逐艦),12,船団,0.06628608340518304
tr-563,竹(松型駆逐艦),13,海兵,0.0645377213851447
tr-563,竹(松型駆逐艦),14,梯団,0.0586817242742317
tr-563,竹(松型駆逐艦),15,司令,0.05550706437461955
tr-563,竹(松型駆逐艦),16,少佐,0.05249018943342479
tr-563,竹(松型駆逐艦),17,巡洋艦,0.05159706036118337
tr-563,竹(松型駆逐艦),18,艦隊,0.05072134334990015
tr-563,竹(松型駆逐艦),19,方面,0.050020804321894104
tr-563,竹(松型駆逐艦),20,海軍,0.04822723954509061
tr-564,キャラ_(コミュニケーション),1,キャラ,0.8850924907986635
tr-564,キャラ_(コミュニケーション),2,コミュニケーション,0.16476977645273216
tr-564,キャラ_(コミュニケーション),3,キャラクター,0.11220120492124243
tr-564,キャラ_(コミュニケーション),4,若者,0.08454564783952423
tr-564,キャラ_(コミュニケーション),5,演技,0.06354622059642069
tr-564,キャラ_(コミュニケーション),6,自己,0.05856977392657851
tr-564,キャラ_(コミュニケーション),7,他者,0.05614791088540395
tr-564,キャラ_(コミュニケーション),8,人格,0.05179021575168672
tr-564,キャラ_(コミュニケーション),9,アイデンティティ,0.050533119796863556
tr-564,キャラ_(コミュニケーション),10,個人,0.04568078609341313
tr-564,キャラ_(コミュニケーション),11,データベース,0.04214513854827098
tr-564,キャラ_(コミュニケーション),12,カースト,0.041044952561978626
tr-564,キャラ_(コミュニケーション),13,アイドル,0.041044952561978626
tr-564,キャラ_(コミュニケーション),14,お笑い,0.03848228220863754
tr-564,キャラ_(コミュニケーション),15,文脈,0.035533519675683765
tr-564,キャラ_(コミュニケーション),16,ゲーム,0.035476208797168514
tr-564,キャラ_(コミュニケーション),17,眩暈,0.033001442885601834
tr-564,キャラ_(コミュニケーション),18,設定,0.03161446560371444
tr-564,キャラ_(コミュニケーション),19,芸人,0.03130635464100248
tr-564,キャラ_(コミュニケーション),20,主体,0.030756032324703093
tr-565,カール4世(神聖ローマ皇帝),1,カール,0.2946790314635184
tr-565,カール4世(神聖ローマ皇帝),2,ボヘミア,0.226468729125468
tr-565,カール4世(神聖ローマ皇帝),3,プラハ,0.15137120732897683
tr-565,カール4世(神聖ローマ皇帝),4,皇帝,0.12474270812257414
tr-565,カール4世(神聖ローマ皇帝),5,ローマ,0.11097175653212657
tr-565,カール4世(神聖ローマ皇帝),6,イタリア,0.09465188614960285
tr-565,カール4世(神聖ローマ皇帝),7,ルクセンブルク,0.09259759692945406
tr-565,カール4世(神聖ローマ皇帝),8,教皇,0.08352962699266482
tr-565,カール4世(神聖ローマ皇帝),9,シャルル,0.06679406955984234
tr-565,カール4世(神聖ローマ皇帝),10,ヴァーツラフ,0.059982604183927715
tr-565,カール4世(神聖ローマ皇帝),11,ヨハン,0.057873498080908796
tr-565,カール4世(神聖ローマ皇帝),12,フランス,0.05595905710161642
tr-565,カール4世(神聖ローマ皇帝),13,大学,0.054537690913316096
tr-565,カール4世(神聖ローマ皇帝),14,戴冠,0.05445041389440646
tr-565,カール4世(神聖ローマ皇帝),15,ヴィッテルスバッハ,0.05036417782284988
tr-565,カール4世(神聖ローマ皇帝),16,ルートヴィヒ,0.04923233241858001
tr-565,カール4世(神聖ローマ皇帝),17,チェコ,0.0472655876488243
tr-565,カール4世(神聖ローマ皇帝),18,勅書,0.042233419106604185
tr-565,カール4世(神聖ローマ皇帝),19,モラヴィア,0.042233419106604185
tr-565,カール4世(神聖ローマ皇帝),20,ユダヤ,0.0392112453565361
tr-566,アラー・ウッディーン・ハルジー,1,デリー,0.5172963178706701
tr-566,アラー・ウッディーン・ハルジー,2,ジャラールッディーン,0.3107171562722203
tr-566,アラー・ウッディーン・ハルジー,3,アラー・ウッディーン,0.16948208523939287
tr-566,アラー・ウッディーン・ハルジー,4,インド,0.15547245420247727
tr-566,アラー・ウッディーン・ハルジー,5,モンゴル,0.12215520485521447
tr-566,アラー・ウッディーン・ハルジー,6,アラー・ウッディーン・ハルジー,0.11298805682626191
tr-566,アラー・ウッディーン・ハルジー,7,アラーウッディーン,0.11298805682626191
tr-566,アラー・ウッディーン・ハルジー,8,侵入,0.09618789971233414
tr-566,アラー・ウッディーン・ハルジー,9,スルタン,0.0918112421889711
tr-566,アラー・ウッディーン・ハルジー,10,ハルジー,0.08474104261969644
tr-566,アラー・ウッディーン・ハルジー,11,デカン,0.08474104261969644
tr-566,アラー・ウッディーン・ハルジー,12,マリカイ・ジャハーン,0.08474104261969644
tr-566,アラー・ウッディーン・ハルジー,13,ヴァーゲーラー,0.08474104261969644
tr-566,アラー・ウッディーン・ハルジー,14,カルナ,0.08474104261969644
tr-566,アラー・ウッディーン・ハルジー,15,グジャラート,0.08073974221073427
tr-566,アラー・ウッディーン・ハルジー,16,撃退,0.07874213991252
tr-566,アラー・ウッディーン・ハルジー,17,スルターン,0.07569869987093832
tr-566,アラー・ウッディーン・ハルジー,18,戦利,0.07106050616127645
tr-566,アラー・ウッディーン・ハルジー,19,ヤーダヴァ,0.056494028413130955
tr-566,アラー・ウッディーン・ハルジー,20,ルクン・ウッディーン,0.056494028413130955
tr-567,ジアゼパム,1,ジアゼパム,0.48352761753386747
tr-567,ジアゼパム,2,ベンゾジアゼピン,0.34026017530161046
tr-567,ジアゼパム,3,離脱,0.14021251593537662
tr-567,ジアゼパム,4,作用,0.11669333826513335
tr-567,ジアゼパム,5,依存,0.11214649086123019
tr-567,ジアゼパム,6,耐性,0.10326084748275344
tr-567,ジアゼパム,7,薬物,0.09803343272838412
tr-567,ジアゼパム,8,症状,0.08999810700844144
tr-567,ジアゼパム,9,患者,0.08669295955796376
tr-567,ジアゼパム,10,鎮静,0.07678273711802884
tr-567,ジアゼパム,11,投与,0.0761762292670975
tr-567,ジアゼパム,12,形成,0.07391271580087456
tr-567,ジアゼパム,13,治療,0.05948367498276459
tr-567,ジアゼパム,14,反応,0.05788056615468665
tr-567,ジアゼパム,15,半減,0.0560191044162195
tr-567,ジアゼパム,16,乱用,0.05599125245928284
tr-567,ジアゼパム,17,不安,0.05425132487434963
tr-567,ジアゼパム,18,受容,0.05023685473480182
tr-567,ジアゼパム,19,用量,0.04938860357603311
tr-567,ジアゼパム,20,症候,0.04685180415095596
tr-568,ポール・セザンヌ,1,セザンヌ,0.479069724280906
tr-568,ポール・セザンヌ,2,エクス,0.17813807301652934
tr-568,ポール・セザンヌ,3,印象派,0.10328432612349286
tr-568,ポール・セザンヌ,4,画家,0.09647338665970524
tr-568,ポール・セザンヌ,5,サロン,0.09023831321570248
tr-568,ポール・セザンヌ,6,作品,0.06963963734317062
tr-568,ポール・セザンヌ,7,絵画,0.06606466669740253
tr-568,ポール・セザンヌ,8,ポール,0.06114579311443768
tr-568,ポール・セザンヌ,9,落選,0.0607245795687347
tr-568,ポール・セザンヌ,10,出品,0.05584201524122726
tr-568,ポール・セザンヌ,11,批評,0.05149958989420486
tr-568,ポール・セザンヌ,12,アカデミー・シュイス,0.049106968200534735
tr-568,ポール・セザンヌ,13,応募,0.04653501270102271
tr-568,ポール・セザンヌ,14,美術,0.04594274344634145
tr-568,ポール・セザンヌ,15,制作,0.044301461955234156
tr-568,ポール・セザンヌ,16,素描,0.04406230122562756
tr-568,ポール・セザンヌ,17,同年,0.043929661131540856
tr-568,ポール・セザンヌ,18,銀行,0.04291632491183738
tr-568,ポール・セザンヌ,19,色調,0.042813960973919
tr-568,ポール・セザンヌ,20,モデルヌ・オランピア,0.040064194333417916
tr-569,市川一家4人殺人事件,1,事件,0.1480728849378084
tr-569,市川一家4人殺人事件,2,強姦,0.07980618149336904
tr-569,市川一家4人殺人事件,3,マンション,0.077116693179925
tr-569,市川一家4人殺人事件,4,市川,0.07436221392215067
tr-569,市川一家4人殺人事件,5,少年,0.062385288376912505
tr-569,市川一家4人殺人事件,6,男性,0.05943696057403036
tr-569,市川一家4人殺人事件,7,少女,0.05474712013816324
tr-569,市川一家4人殺人事件,8,死刑,0.05419347841037215
tr-569,市川一家4人殺人事件,9,当時,0.05403045957933112
tr-569,市川一家4人殺人事件,10,殺人,0.05282446704423308
tr-569,市川一家4人殺人事件,11,一家,0.049730401714585856
tr-569,市川一家4人殺人事件,12,アパート,0.044650140147792956
tr-569,市川一家4人殺人事件,13,祖父,0.04306906999219095
tr-569,市川一家4人殺人事件,14,女性,0.043038996280243776
tr-569,市川一家4人殺人事件,15,暴力団,0.04206365082541364
tr-569,市川一家4人殺人事件,16,千葉,0.03990534886839221
tr-569,市川一家4人殺人事件,17,被害,0.03828087211172157
tr-569,市川一家4人殺人事件,18,加害,0.0377425306679554
tr-569,市川一家4人殺人事件,19,自宅,0.03684472424251332
tr-569,市川一家4人殺人事件,20,市内,0.03653320042841176
tr-570,日本のアウトサイダー・アート,1,山下,0.4194649907140648
tr-570,日本のアウトサイダー・アート,2,式場,0.30816790247439485
tr-570,日本のアウトサイダー・アート,3,ゴッホ,0.2311259268557961
tr-570,日本のアウトサイダー・アート,4,アウトサイダー,0.21202697083446678
tr-570,日本のアウトサイダー・アート,5,アート,0.1606827352374338
tr-570,日本のアウトサイダー・アート,6,美術,0.15196082323044005
tr-570,日本のアウトサイダー・アート,7,作品,0.14239260677108084
tr-570,日本のアウトサイダー・アート,8,学園,0.12435722484989467
tr-570,日本のアウトサイダー・アート,9,八幡,0.07959291549752634
tr-570,日本のアウトサイダー・アート,10,服部,0.07704197561859871
tr-570,日本のアウトサイダー・アート,11,障害,0.07226937727613528
tr-570,日本のアウトサイダー・アート,12,展覧,0.06321754406817592
tr-570,日本のアウトサイダー・アート,13,戸川,0.06313416943968518
tr-570,日本のアウトサイダー・アート,14,啓蒙,0.05526987771106431
tr-570,日本のアウトサイダー・アート,15,人気,0.05496204644510553
tr-570,日本のアウトサイダー・アート,16,二笑亭綺譚,0.053006742708616696
tr-570,日本のアウトサイダー・アート,17,特異,0.04895502048708351
tr-570,日本のアウトサイダー・アート,18,紹介,0.04555770818350034
tr-570,日本のアウトサイダー・アート,19,児童,0.04325010542074651
tr-570,日本のアウトサイダー・アート,20,活動,0.04316560885217422
tr-571,星織ユメミライ,1,涼介,0.609618004311465
tr-571,星織ユメミライ,2,夏希,0.1769858722194576
tr-571,星織ユメミライ,3,七夕,0.13765567839291146
tr-571,星織ユメミライ,4,真里,0.12454561378406274
tr-571,星織ユメミライ,5,美砂,0.11143554917521403
tr-571,星織ユメミライ,6,アフター,0.10244050942748954
tr-571,星織ユメミライ,7,祭り,0.10243299432874306
tr-571,星織ユメミライ,8,写真,0.09401569667498626
tr-571,星織ユメミライ,9,ヒロイン,0.08111367535561027
tr-571,星織ユメミライ,10,プラネタリウム,0.07494620345668158
tr-571,星織ユメミライ,11,水族館,0.07176645953169494
tr-571,星織ユメミライ,12,我妻,0.06870068650195812
tr-571,星織ユメミライ,13,ゲーム,0.06477793239910465
tr-571,星織ユメミライ,14,建築,0.06468641277959195
tr-571,星織ユメミライ,15,浩二,0.06025912319264091
tr-571,星織ユメミライ,16,ユメミライ,0.0589952907398192
tr-571,星織ユメミライ,17,透子,0.0589952907398192
tr-571,星織ユメミライ,18,スクール,0.05326453745314354
tr-571,星織ユメミライ,19,マリンピア,0.05244025843539484
tr-571,星織ユメミライ,20,初恋,0.04866193457876082
tr-572,四国同盟戦争,1,スペイン,0.32779243937037805
tr-572,四国同盟戦争,2,アルベローニ,0.1327900874040604
tr-572,四国同盟戦争,3,ジャコバイト,0.126520008412697
tr-572,四国同盟戦争,4,イギリス,0.10257493922915822
tr-572,四国同盟戦争,5,フランス,0.09836102304974845
tr-572,四国同盟戦争,6,同盟,0.09745077541763524
tr-572,四国同盟戦争,7,オーストリア,0.09305642164833133
tr-572,四国同盟戦争,8,フェリペ,0.08076809449013779
tr-572,四国同盟戦争,9,シチリア,0.07754155169604371
tr-572,四国同盟戦争,10,艦隊,0.07651776539727205
tr-572,四国同盟戦争,11,条約,0.0716883804156878
tr-572,四国同盟戦争,12,占領,0.07054238084630035
tr-572,四国同盟戦争,13,戦争,0.06937877104103056
tr-572,四国同盟戦争,14,四国,0.06380615511337663
tr-572,四国同盟戦争,15,サヴォイア,0.05425391847584852
tr-572,四国同盟戦争,16,公国,0.051412393757315475
tr-572,四国同盟戦争,17,加盟,0.050507234688090166
tr-572,四国同盟戦争,18,オランダ,0.0489447423319855
tr-572,四国同盟戦争,19,継承,0.048300202569291344
tr-572,四国同盟戦争,20,サルデーニャ,0.04730133489042941
tr-573,エストニアの言語,1,エストニア,0.7616017675276517
tr-573,エストニアの言語,2,ロシア,0.25356708765817515
tr-573,エストニアの言語,3,言語,0.2065505807108748
tr-573,エストニアの言語,4,パーセント,0.14300690412950204
tr-573,エストニアの言語,5,民族,0.1424708105968976
tr-573,エストニアの言語,6,話者,0.12782611715723122
tr-573,エストニアの言語,7,母語,0.09925539696104985
tr-573,エストニアの言語,8,ドイツ,0.09218641406792634
tr-573,エストニアの言語,9,学校,0.08721086732145746
tr-573,エストニアの言語,10,読み書き,0.07940431756883988
tr-573,エストニアの言語,11,能力,0.07712202955148952
tr-573,エストニアの言語,12,少数,0.06704792899529402
tr-573,エストニアの言語,13,教育,0.06344156626183375
tr-573,エストニアの言語,14,イダヴィル,0.048859700249194345
tr-573,エストニアの言語,15,外国,0.04625686141946443
tr-573,エストニアの言語,16,保障,0.042055075884561706
tr-573,エストニアの言語,17,初等,0.0417316037001453
tr-573,エストニアの言語,18,英語,0.0409221742961933
tr-573,エストニアの言語,19,年生,0.039767852384366385
tr-573,エストニアの言語,20,以上,0.03678938629086284
tr-574,ナリタブライアン,1,ナリタブライアン,0.3407576316982502
tr-574,ナリタブライアン,2,レース,0.2235438536820966
tr-574,ナリタブライアン,3,出走,0.1746268892928699
tr-574,ナリタブライアン,4,ビワハヤヒデ,0.14603898501353582
tr-574,ナリタブライアン,5,大久保,0.13553432999470594
tr-574,ナリタブライアン,6,競馬,0.12316071610523202
tr-574,ナリタブライアン,7,優勝,0.09331812885228087
tr-574,ナリタブライアン,8,早田,0.08762339100812147
tr-574,ナリタブライアン,9,調教,0.08030629163287563
tr-574,ナリタブライアン,10,ステークス,0.07827348558083418
tr-574,ナリタブライアン,11,牡馬,0.07347753018036748
tr-574,ナリタブライアン,12,クラシック,0.06934013111803929
tr-574,ナリタブライアン,13,発症,0.06872294415518876
tr-574,ナリタブライアン,14,牧場,0.06776716499735297
tr-574,ナリタブライアン,15,阪神,0.060909661150968825
tr-574,ナリタブライアン,16,記念,0.054655778564007176
tr-574,ナリタブライアン,17,皐月,0.05218232372055612
tr-574,ナリタブライアン,18,大賞,0.05164802204060372
tr-574,ナリタブライアン,19,天皇,0.050944923838786425
tr-574,ナリタブライアン,20,人気,0.050475348776117326
tr-575,カミーユ・ピサロ,1,印象派,0.24030593377350823
tr-575,カミーユ・ピサロ,2,画家,0.14453818387845913
tr-575,カミーユ・ピサロ,3,ルノワール,0.1421210123225529
tr-575,カミーユ・ピサロ,4,デュランリュエル,0.13878094976338692
tr-575,カミーユ・ピサロ,5,セザンヌ,0.13269345864030577
tr-575,カミーユ・ピサロ,6,サロン,0.11664027583601312
tr-575,カミーユ・ピサロ,7,シスレー,0.11354804980640747
tr-575,カミーユ・ピサロ,8,ポントワーズ,0.10765298961431236
tr-575,カミーユ・ピサロ,9,参加,0.09002371808749114
tr-575,カミーユ・ピサロ,10,カイユボット,0.08474104261969644
tr-575,カミーユ・ピサロ,11,出品,0.07874213991252
tr-575,カミーユ・ピサロ,12,ゴーギャン,0.07790077439048644
tr-575,カミーユ・ピサロ,13,展覧,0.07074542267103108
tr-575,カミーユ・ピサロ,14,ルーヴシエンヌ,0.06728311850894522
tr-575,カミーユ・ピサロ,15,風景,0.06466569896806484
tr-575,カミーユ・ピサロ,16,制作,0.05466032901877986
tr-575,カミーユ・ピサロ,17,グループ,0.05382481117364195
tr-575,カミーユ・ピサロ,18,カミーユ・ピサロ,0.048252166778293
tr-575,カミーユ・ピサロ,19,戸外,0.0473736707741843
tr-575,カミーユ・ピサロ,20,入選,0.04417954040719942
tr-576,アンネ・フランク,1,アンネ,0.281579025523098
tr-576,アンネ・フランク,2,ユダヤ,0.1630613983729123
tr-576,アンネ・フランク,3,オランダ,0.13992028473564555
tr-576,アンネ・フランク,4,ドイツ,0.13559581050581826
tr-576,アンネ・フランク,5,隠れ家,0.12472848108815854
tr-576,アンネ・フランク,6,オットー,0.1244040297565978
tr-576,アンネ・フランク,7,一家,0.1034671698644192
tr-576,アンネ・フランク,8,部屋,0.08761657237797112
tr-576,アンネ・フランク,9,マルゴー,0.0831466179947941
tr-576,アンネ・フランク,10,エーディト,0.07483195619531469
tr-576,アンネ・フランク,11,フランク,0.07090858044580639
tr-576,アンネ・フランク,12,収容,0.06705498926782875
tr-576,アンネ・フランク,13,アムステルダム,0.0667905416489191
tr-576,アンネ・フランク,14,商会,0.0667905416489191
tr-576,アンネ・フランク,15,日記,0.059150213395027774
tr-576,アンネ・フランク,16,オットー・フランク,0.049887970796876464
tr-576,アンネ・フランク,17,オペクタ,0.0436335991808735
tr-576,アンネ・フランク,18,モンテッソーリ・スクール,0.0436335991808735
tr-576,アンネ・フランク,19,ペクタコン,0.034906879344698806
tr-576,アンネ・フランク,20,キティー,0.034906879344698806
tr-577,箱根火山の形成史,1,火山,0.7056581324336959
tr-577,箱根火山の形成史,2,箱根,0.5061978780494892
tr-577,箱根火山の形成史,3,カルデラ,0.3306074857519771
tr-577,箱根火山の形成史,4,噴出,0.20285925377304925
tr-577,箱根火山の形成史,5,噴火,0.2013458727835124
tr-577,箱根火山の形成史,6,活動,0.19781693448521143
tr-577,箱根火山の形成史,7,溶岩,0.18996577487678395
tr-577,箱根火山の形成史,8,成層,0.17031294720556397
tr-577,箱根火山の形成史,9,陥没,0.1222200502010073
tr-577,箱根火山の形成史,10,久野,0.11934769088562834
tr-577,箱根火山の形成史,11,規模,0.09590182964276608
tr-577,箱根火山の形成史,12,形成,0.09468796210134041
tr-577,箱根火山の形成史,13,火口丘,0.07815787265580158
tr-577,箱根火山の形成史,14,外輪山,0.07261712228020334
tr-577,箱根火山の形成史,15,研究,0.06948115596486801
tr-577,箱根火山の形成史,16,南東,0.0644223283558949
tr-577,箱根火山の形成史,17,グループ,0.05951290497922182
tr-577,箱根火山の形成史,18,湯河原,0.05786157857629236
tr-577,箱根火山の形成史,19,金時山,0.04858326630153271
tr-577,箱根火山の形成史,20,畑宿,0.04858326630153271
tr-578,サーマーン朝,1,サーマーン,0.3484994507702199
tr-578,サーマーン朝,2,ナスル,0.26929503014062445
tr-578,サーマーン朝,3,イスマーイール,0.265081696308311
tr-578,サーマーン朝,4,ブハラ,0.17107727329251868
tr-578,サーマーン朝,5,ホラーサーン,0.16577580663062602
tr-578,サーマーン朝,6,ターヒル,0.12982644974421456
tr-578,サーマーン朝,7,イスラーム,0.12925275665986005
tr-578,サーマーン朝,8,アッバース,0.11891739484332578
tr-578,サーマーン朝,9,サッファール,0.11127981406646961
tr-578,サーマーン朝,10,遊牧民,0.1015270647802596
tr-578,サーマーン朝,11,マー・ワラー・アンナフル,0.09504530475551451
tr-578,サーマーン朝,12,総督,0.09419607953117504
tr-578,サーマーン朝,13,支配,0.09002703479480144
tr-578,サーマーン朝,14,アフマド,0.08283803009634719
tr-578,サーマーン朝,15,王朝,0.08027998509854449
tr-578,サーマーン朝,16,サマルカンド,0.07776239695114485
tr-578,サーマーン朝,17,勢力,0.075981642795153
tr-578,サーマーン朝,18,ヌーフ,0.07068360441198912
tr-578,サーマーン朝,19,シーア,0.06627042407707776
tr-578,サーマーン朝,20,イラン,0.0650339412671098
tr-579,八丈小島のマレー糸状虫症,1,フィラリア,0.3488053485483928
tr-579,八丈小島のマレー糸状虫症,2,リンパ,0.22949294201710543
tr-579,八丈小島のマレー糸状虫症,3,糸状,0.1777309892320931
tr-579,八丈小島のマレー糸状虫症,4,八丈小島,0.17134297823429823
tr-579,八丈小島のマレー糸状虫症,5,ミクロフィラリア,0.15414376638077915
tr-579,八丈小島のマレー糸状虫症,6,ロフト,0.09791027327674183
tr-579,八丈小島のマレー糸状虫症,7,嚢水,0.08349454012292204
tr-579,八丈小島のマレー糸状虫症,8,八丈島,0.08228492165632614
tr-579,八丈小島のマレー糸状虫症,9,バンク,0.07947562805972286
tr-579,八丈小島のマレー糸状虫症,10,象皮病,0.06422656932532464
tr-579,八丈小島のマレー糸状虫症,11,リンパ液,0.061193920797963645
tr-579,八丈小島のマレー糸状虫症,12,マレー,0.05898748809202967
tr-579,八丈小島のマレー糸状虫症,13,熱発,0.05780391239279219
tr-579,八丈小島のマレー糸状虫症,14,症状,0.047339318415958544
tr-579,八丈小島のマレー糸状虫症,15,感染,0.046002214283964886
tr-579,八丈小島のマレー糸状虫症,16,中浜,0.04495859852772725
tr-579,八丈小島のマレー糸状虫症,17,媒介,0.04470504078359411
tr-579,八丈小島のマレー糸状虫症,18,肥大,0.04238154029630295
tr-579,八丈小島のマレー糸状虫症,19,寄生,0.040181242434670535
tr-579,八丈小島のマレー糸状虫症,20,寄生虫,0.03973781402986143
tr-580,三億円別件逮捕事件,1,事件,0.23101154060960014
tr-580,三億円別件逮捕事件,2,捜査,0.16657729996101311
tr-580,三億円別件逮捕事件,3,犯人,0.1658396199170477
tr-580,三億円別件逮捕事件,4,逮捕,0.10975080999425949
tr-580,三億円別件逮捕事件,5,免田,0.10345894359995067
tr-580,三億円別件逮捕事件,6,報道,0.09813175435815759
tr-580,三億円別件逮捕事件,7,集金,0.09510777274983084
tr-580,三億円別件逮捕事件,8,府中,0.07393543698237831
tr-580,三億円別件逮捕事件,9,取調べ,0.0721781207723161
tr-580,三億円別件逮捕事件,10,無実,0.06633584796681909
tr-580,三億円別件逮捕事件,11,記者,0.06492071326801474
tr-580,三億円別件逮捕事件,12,現場,0.06375006569628404
tr-580,三億円別件逮捕事件,13,家主,0.059144293089308964
tr-580,三億円別件逮捕事件,14,アリバイ,0.05545157773678373
tr-580,三億円別件逮捕事件,15,別件,0.05413359057923707
tr-580,三億円別件逮捕事件,16,真犯人,0.05413359057923707
tr-580,三億円別件逮捕事件,17,包丁,0.05044087522671184
tr-580,三億円別件逮捕事件,18,誤認,0.04975188597511431
tr-580,三億円別件逮捕事件,19,主張,0.048341943858946045
tr-580,三億円別件逮捕事件,20,毎日新聞,0.04800854580535367
tr-581,ハワイの歴史,1,ハワイ,0.3437851081131214
tr-581,ハワイの歴史,2,クック,0.0880355548598587
tr-581,ハワイの歴史,3,カメハメハ,0.065401368170969
tr-581,ハワイの歴史,4,諸島,0.060746176670503894
tr-581,ハワイの歴史,5,リホリホ,0.05422785226636447
tr-581,ハワイの歴史,6,カラカウア,0.050842098339166523
tr-581,ハワイの歴史,7,憲法,0.04968316415205824
tr-581,ハワイの歴史,8,アメリカ,0.04795067465411638
tr-581,ハワイの歴史,9,土地,0.04620338845360603
tr-581,ハワイの歴史,10,先住民,0.04519658083710757
tr-581,ハワイの歴史,11,イギリス,0.04018651564870604
tr-581,ハワイの歴史,12,ポリネシア,0.03924082090258141
tr-581,ハワイの歴史,13,王位,0.03558055671203117
tr-581,ハワイの歴史,14,マウイ,0.0355720477166359
tr-581,ハワイの歴史,15,カラニオプウ,0.0355720477166359
tr-581,ハワイの歴史,16,カアフマヌ,0.0355720477166359
tr-581,ハワイの歴史,17,族長,0.03468593739699323
tr-581,ハワイの歴史,18,タヒチ,0.0327006840854845
tr-581,ハワイの歴史,19,航海,0.03149183370631362
tr-581,ハワイの歴史,20,宣教師,0.030997765012257303
tr-582,スズキ,1,スズキ,0.355236624513665
tr-582,スズキ,2,個体,0.18248770219312974
tr-582,スズキ,3,河川,0.09989411286682291
tr-582,スズキ,4,仔稚,0.0798712830175645
tr-582,スズキ,5,水域,0.07203254583989094
tr-582,スズキ,6,内湾,0.06898505236667571
tr-582,スズキ,7,有明海,0.06467792231805859
tr-582,スズキ,8,黒点,0.06467792231805859
tr-582,スズキ,9,産卵,0.06262256707586038
tr-582,スズキ,10,美味,0.061840888282466575
tr-582,スズキ,11,沿岸,0.053954409926314686
tr-582,スズキ,12,淡水,0.049570338260486464
tr-582,スズキ,13,成魚,0.0485719929691468
tr-582,スズキ,14,河口,0.04851499978701255
tr-582,スズキ,15,料理,0.04578492325165085
tr-582,スズキ,16,付け根,0.04389646392658393
tr-582,スズキ,17,タイリクスズキ,0.04344228829070441
tr-582,スズキ,18,成長,0.042674311632332707
tr-582,スズキ,19,全長,0.04254749573995439
tr-582,スズキ,20,生息,0.04207234450427874
tr-583,プトレマイオス朝,1,プトレマイオス,0.42424138790679766
tr-583,プトレマイオス朝,2,アンティゴノス,0.2335689110712486
tr-583,プトレマイオス朝,3,アレクサンドロス,0.16116696340546352
tr-583,プトレマイオス朝,4,セレウコス,0.15255405048625115
tr-583,プトレマイオス朝,5,エジプト,0.14245151989737934
tr-583,プトレマイオス朝,6,マケドニア,0.107444642270309
tr-583,プトレマイオス朝,7,シリア,0.10126826995541852
tr-583,プトレマイオス朝,8,リュシマコス,0.09617543397051415
tr-583,プトレマイオス朝,9,デメトリオス,0.09163422475970269
tr-583,プトレマイオス朝,10,ペルディッカス,0.08243608626044069
tr-583,プトレマイオス朝,11,支配,0.08003043285118669
tr-583,プトレマイオス朝,12,ディアドコイ,0.0757818733270652
tr-583,プトレマイオス朝,13,アンティパトロス,0.06869673855036725
tr-583,プトレマイオス朝,14,ラゴス,0.06545301768550192
tr-583,プトレマイオス朝,15,ギリシア,0.057185544969954386
tr-583,プトレマイオス朝,16,戦争,0.052859054940060816
tr-583,プトレマイオス朝,17,アルシノエ,0.05236241414840154
tr-583,プトレマイオス朝,18,ハカーマニシュ,0.05052124888471014
tr-583,プトレマイオス朝,19,ロドス,0.05052124888471014
tr-583,プトレマイオス朝,20,サンド,0.04533129550092564
tr-584,正田篠枝,1,さんげ,0.23042287080847687
tr-584,正田篠枝,2,広島,0.1768274796805977
tr-584,正田篠枝,3,原爆,0.16005451689668557
tr-584,正田篠枝,4,被爆,0.14432490671432183
tr-584,正田篠枝,5,正田,0.13172566171053607
tr-584,正田篠枝,6,耳鳴り,0.10753067304395589
tr-584,正田篠枝,7,短歌,0.09849508732103728
tr-584,正田篠枝,8,出版,0.09522831655593399
tr-584,正田篠枝,9,月尾,0.07680762360282563
tr-584,正田篠枝,10,ちゃん,0.07207824839242553
tr-584,正田篠枝,11,名号,0.07060773826686904
tr-584,正田篠枝,12,童話,0.07054228227105874
tr-584,正田篠枝,13,原水爆,0.058544738538016027
tr-584,正田篠枝,14,歌人,0.0506834699250063
tr-584,正田篠枝,15,誠一,0.046084574161695376
tr-584,正田篠枝,16,翠子,0.046084574161695376
tr-584,正田篠枝,17,ピカッ,0.046084574161695376
tr-584,正田篠枝,18,ちゃこ,0.046084574161695376
tr-584,正田篠枝,19,同年,0.044214535946570974
tr-584,正田篠枝,20,貞子,0.04390855390351202
tr-585,富士山の噴火史,1,噴火,0.5713104965536185
tr-585,富士山の噴火史,2,地震,0.5698275103006313
tr-585,富士山の噴火史,3,富士山,0.5165607801457164
tr-585,富士山の噴火史,4,火山,0.43610166051627886
tr-585,富士山の噴火史,5,活動,0.2689549474635471
tr-585,富士山の噴火史,6,トラフ,0.2517423757134689
tr-585,富士山の噴火史,7,富士,0.2256716723169396
tr-585,富士山の噴火史,8,宝永,0.2090871646020877
tr-585,富士山の噴火史,9,発生,0.16553110894860695
tr-585,富士山の噴火史,10,新富士,0.1321091125968601
tr-585,富士山の噴火史,11,御岳,0.1321091125968601
tr-585,富士山の噴火史,12,元弘,0.12144530981901476
tr-585,富士山の噴火史,13,震動,0.12144530981901476
tr-585,富士山の噴火史,14,活火山,0.11801233210648845
tr-585,富士山の噴火史,15,概説,0.11520738507888915
tr-585,富士山の噴火史,16,相模,0.1128358361584698
tr-585,富士山の噴火史,17,震源,0.10734852932864314
tr-585,富士山の噴火史,18,南海,0.10331215602914327
tr-585,富士山の噴火史,19,崩落,0.10217203338062449
tr-585,富士山の噴火史,20,変遷,0.09747385415676016
tr-586,メフメト2世,1,メフメト,0.621226889081691
tr-586,メフメト2世,2,ムラト,0.2592769186485551
tr-586,メフメト2世,3,オスマン,0.2156103583069259
tr-586,メフメト2世,4,エディルネ,0.16677348883597096
tr-586,メフメト2世,5,ビザンツ,0.1403066655578998
tr-586,メフメト2世,6,帝国,0.1286582854524568
tr-586,メフメト2世,7,マニサ,0.12094496223656205
tr-586,メフメト2世,8,コンスタンティノープル,0.11457131649852234
tr-586,メフメト2世,9,征服,0.10819767076048264
tr-586,メフメト2世,10,アナトリア,0.0945815512942861
tr-586,メフメト2世,11,ハリル・パシャ,0.09070872167742153
tr-586,メフメト2世,12,遠征,0.07047286451182809
tr-586,メフメト2世,13,セルビア,0.06942453484070746
tr-586,メフメト2世,14,ヨーロッパ,0.06741551136954489
tr-586,メフメト2世,15,ジュラジ・ブランコヴィチ,0.060472481118281025
tr-586,メフメト2世,16,ジュラジ,0.060472481118281025
tr-586,メフメト2世,17,ハンガリー,0.059605493024254906
tr-586,メフメト2世,18,オルハン,0.057617093033012254
tr-586,メフメト2世,19,復位,0.05070984477236629
tr-586,メフメト2世,20,スルタン,0.04913841131240707
tr-587,荒木飛呂彦,1,荒木,0.24432235008573552
tr-587,荒木飛呂彦,2,ジョジョ,0.1961163009186667
tr-587,荒木飛呂彦,3,漫画,0.13279453564728505
tr-587,荒木飛呂彦,4,連載,0.12691229075623128
tr-587,荒木飛呂彦,5,奇妙,0.059727755324710315
tr-587,荒木飛呂彦,6,週刊,0.059328192572472904
tr-587,荒木飛呂彦,7,冒険,0.05857490342595289
tr-587,荒木飛呂彦,8,少年,0.04911151343211616
tr-587,荒木飛呂彦,9,少年ジャンプ,0.04785859282414706
tr-587,荒木飛呂彦,10,デビュー,0.04768558152423086
tr-587,荒木飛呂彦,11,バトル,0.04698726236656453
tr-587,荒木飛呂彦,12,作品,0.04648494849200816
tr-587,荒木飛呂彦,13,キャラクター,0.04560652565450174
tr-587,荒木飛呂彦,14,サスペンス,0.04202492162542857
tr-587,荒木飛呂彦,15,スティール,0.040040589938112915
tr-587,荒木飛呂彦,16,頭脳,0.040040589938112915
tr-587,荒木飛呂彦,17,ページ,0.039296202031545636
tr-587,荒木飛呂彦,18,平成,0.03685208453962556
tr-587,荒木飛呂彦,19,能力,0.03685208453962556
tr-587,荒木飛呂彦,20,好き,0.0361668507737193
tr-588,フランク王国,1,フランク,0.37127959111418807
tr-588,フランク王国,2,クロヴィス,0.14687159040129827
tr-588,フランク王国,3,ローマ,0.14213674040763896
tr-588,フランク王国,4,カロリング,0.13119957104199115
tr-588,フランク王国,5,ベレンガーリオ,0.10770583296095207
tr-588,フランク王国,6,英語,0.09372304456824855
tr-588,フランク王国,7,イタリア,0.08342029403409315
tr-588,フランク王国,8,キルデリク,0.07833151488069241
tr-588,フランク王国,9,皇帝,0.07544934607591143
tr-588,フランク王国,10,ライン,0.07095865364379134
tr-588,フランク王国,11,王国,0.07068977114721467
tr-588,フランク王国,12,アルヌルフ,0.06854007552060586
tr-588,フランク王国,13,ゴート,0.06278079112025067
tr-588,フランク王国,14,サリー,0.06122646648626254
tr-588,フランク王国,15,王位,0.0612111344803615
tr-588,フランク王国,16,部族,0.05712657570566007
tr-588,フランク王国,17,ローマ帝国,0.055090021032325354
tr-588,フランク王国,18,流域,0.048437378205735265
tr-588,フランク王国,19,ウード,0.04664553711908632
tr-588,フランク王国,20,シャルル,0.04452212618323422
tr-589,ジェームズ・ワット,1,ワット,0.6093911761606342
tr-589,ジェームズ・ワット,2,蒸気,0.14000275543641727
tr-589,ジェームズ・ワット,3,機関,0.1300868707340404
tr-589,ジェームズ・ワット,4,シリンダー,0.10547154972010979
tr-589,ジェームズ・ワット,5,グラスゴー,0.09882873412501983
tr-589,ジェームズ・ワット,6,ボールトン,0.06719164568697891
tr-589,ジェームズ・ワット,7,特許,0.056545943298914256
tr-589,ジェームズ・ワット,8,マシュー・ボールトン,0.05375331654958313
tr-589,ジェームズ・ワット,9,ボールトン・アンド・ワット,0.05375331654958313
tr-589,ジェームズ・ワット,10,大学,0.05174015677674363
tr-589,ジェームズ・ワット,11,ジェームズ,0.05003751906830444
tr-589,ジェームズ・ワット,12,技術,0.04966552138108373
tr-589,ジェームズ・ワット,13,バーミンガム,0.049414367062509915
tr-589,ジェームズ・ワット,14,ピストン,0.049414367062509915
tr-589,ジェームズ・ワット,15,製造,0.04940044463885961
tr-589,ジェームズ・ワット,16,製作,0.04611071968909698
tr-589,ジェームズ・ワット,17,複写,0.045075417575436705
tr-589,ジェームズ・ワット,18,商会,0.041140465090789606
tr-589,ジェームズ・ワット,19,ニューコメン,0.04031498741218735
tr-589,ジェームズ・ワット,20,協力,0.0395430544331983
tr-590,オーロラ,1,オーロラ,0.7678800337273076
tr-590,オーロラ,2,地球,0.1504556237754966
tr-590,オーロラ,3,太陽,0.09702899808441502
tr-590,オーロラ,4,磁場,0.08412682257904681
tr-590,オーロラ,5,プラズマ,0.08231433929338852
tr-590,オーロラ,6,磁力,0.07408290536404967
tr-590,オーロラ,7,大気,0.06472282245664662
tr-590,オーロラ,8,カーテン,0.06006922175329313
tr-590,オーロラ,9,極光,0.05372529083709639
tr-590,オーロラ,10,発光,0.050931783988042365
tr-590,オーロラ,11,観測,0.04866846134953467
tr-590,オーロラ,12,発生,0.04861793085212822
tr-590,オーロラ,13,理論,0.04445460505338413
tr-590,オーロラ,14,研究,0.04390571482242962
tr-590,オーロラ,15,原子,0.043681771046361464
tr-590,オーロラ,16,分光,0.03904317012579663
tr-590,オーロラ,17,発見,0.036017097079777384
tr-590,オーロラ,18,ド・メラン,0.03581686055806426
tr-590,オーロラ,19,磁気嵐,0.03581686055806426
tr-590,オーロラ,20,チャップマン,0.03581686055806426
tr-591,牛乳を注ぐ女,1,牛乳,0.2594207008458068
tr-591,牛乳を注ぐ女,2,フェルメール,0.22316662341440446
tr-591,牛乳を注ぐ女,3,メイド,0.17780003678295445
tr-591,牛乳を注ぐ女,4,作品,0.1752311043201575
tr-591,牛乳を注ぐ女,5,女性,0.11589492780540993
tr-591,牛乳を注ぐ女,6,アムステルダム,0.10155700902378693
tr-591,牛乳を注ぐ女,7,オランダ,0.09432397363316411
tr-591,牛乳を注ぐ女,8,絵画,0.08791303950006174
tr-591,牛乳を注ぐ女,9,リトケ,0.08530224157744278
tr-591,牛乳を注ぐ女,10,美術館,0.08424103028712425
tr-591,牛乳を注ぐ女,11,表現,0.08195247067498516
tr-591,牛乳を注ぐ女,12,画家,0.05705701584086688
tr-591,牛乳を注ぐ女,13,デルフト,0.056868161051628514
tr-591,牛乳を注ぐ女,14,象徴,0.052167357701493486
tr-591,牛乳を注ぐ女,15,ミルク,0.05080001050941556
tr-591,牛乳を注ぐ女,16,性的,0.04781940322514651
tr-591,牛乳を注ぐ女,17,キッチン,0.04515246805015309
tr-591,牛乳を注ぐ女,18,国立,0.044059868063642024
tr-591,牛乳を注ぐ女,19,性愛,0.04132715248414898
tr-591,牛乳を注ぐ女,20,タイル,0.03798203215539448
tr-592,ジャン=フランソワ・ミレー,1,ミレー,0.5242369726066229
tr-592,ジャン=フランソワ・ミレー,2,サロン,0.16753580961798856
tr-592,ジャン=フランソワ・ミレー,3,シェルブール,0.09597730570739435
tr-592,ジャン=フランソワ・ミレー,4,農民,0.07839206556041463
tr-592,ジャン=フランソワ・ミレー,5,サンシエ,0.07087068806178022
tr-592,ジャン=フランソワ・ミレー,6,肖像,0.06612001660673458
tr-592,ジャン=フランソワ・ミレー,7,画家,0.06467926203789509
tr-592,ジャン=フランソワ・ミレー,8,入選,0.058169019515927636
tr-592,ジャン=フランソワ・ミレー,9,制作,0.054833185827171435
tr-592,ジャン=フランソワ・ミレー,10,注文,0.05456517407807146
tr-592,ジャン=フランソワ・ミレー,11,出品,0.05183794388851173
tr-592,ジャン=フランソワ・ミレー,12,バルビゾン,0.051680087688596964
tr-592,ジャン=フランソワ・ミレー,13,作品,0.05093339124609005
tr-592,ジャン=フランソワ・ミレー,14,カトリーヌ,0.042354163716846215
tr-592,ジャン=フランソワ・ミレー,15,ルソー,0.041323832140500026
tr-592,ジャン=フランソワ・ミレー,16,フラン,0.03896643269030374
tr-592,ジャン=フランソワ・ミレー,17,パステル,0.03798818642076977
tr-592,ジャン=フランソワ・ミレー,18,風景,0.03784094800056152
tr-592,ジャン=フランソワ・ミレー,19,祖母,0.035484573340288934
tr-592,ジャン=フランソワ・ミレー,20,政治,0.03480071587493617
tr-593,トーマス・マコーリー,1,マコーリー,0.5126622279878152
tr-593,トーマス・マコーリー,2,大学,0.07710345191310441
tr-593,トーマス・マコーリー,3,エディンバラ,0.07704116671519566
tr-593,トーマス・マコーリー,4,ケンブリッジ大学,0.07606715876381921
tr-593,トーマス・マコーリー,5,演説,0.06830804853367058
tr-593,トーマス・マコーリー,6,労働,0.06705593666528066
tr-593,トーマス・マコーリー,7,トーマス,0.06581017295925777
tr-593,トーマス・マコーリー,8,ザッカリー,0.0640827784984769
tr-593,トーマス・マコーリー,9,奴隷,0.061780291608159926
tr-593,トーマス・マコーリー,10,ミルトン,0.061056919482744325
tr-593,トーマス・マコーリー,11,縁者,0.061056919482744325
tr-593,トーマス・マコーリー,12,筆致,0.061056919482744325
tr-593,トーマス・マコーリー,13,イングランド,0.05965293784448981
tr-593,トーマス・マコーリー,14,生活,0.055401417844697806
tr-593,トーマス・マコーリー,15,トリニティ・カレッジ,0.05373729819161204
tr-593,トーマス・マコーリー,16,文学,0.052559015156924745
tr-593,トーマス・マコーリー,17,議会,0.052001983333502394
tr-593,トーマス・マコーリー,18,仕事,0.04948239285441244
tr-593,トーマス・マコーリー,19,投稿,0.045538699022447046
tr-593,トーマス・マコーリー,20,彼ら,0.044027596663862474
tr-594,鏡のヴィーナス,1,ヴィーナス,0.4989680130261329
tr-594,鏡のヴィーナス,2,ベラスケス,0.22263792477061473
tr-594,鏡のヴィーナス,3,裸婦,0.1985467554283112
tr-594,鏡のヴィーナス,4,絵画,0.13815995453088625
tr-594,鏡のヴィーナス,5,作品,0.1235701362775412
tr-594,鏡のヴィーナス,6,スペイン,0.09100291400039723
tr-594,鏡のヴィーナス,7,画家,0.08070128485107173
tr-594,鏡のヴィーナス,8,女性,0.0770570985728678
tr-594,鏡のヴィーナス,9,キューピッド,0.07318197524383283
tr-594,鏡のヴィーナス,10,ナショナル,0.06335906666708284
tr-594,鏡のヴィーナス,11,美術,0.05551248806995781
tr-594,鏡のヴィーナス,12,神話,0.05265345465766276
tr-594,鏡のヴィーナス,13,ギャラリー,0.050796927141409036
tr-594,鏡のヴィーナス,14,コレクション,0.04671259644420094
tr-594,鏡のヴィーナス,15,芸術,0.04441277844474187
tr-594,鏡のヴィーナス,16,リチャードソン,0.042575683663596216
tr-594,鏡のヴィーナス,17,ティツィアーノ,0.03896867318366588
tr-594,鏡のヴィーナス,18,表現,0.03788017878247873
tr-594,鏡のヴィーナス,19,構図,0.037575350669542706
tr-594,鏡のヴィーナス,20,フェリペ,0.03494513517030865
tr-595,ビザンティン建築,1,建築,0.3091898662524305
tr-595,ビザンティン建築,2,バシリカ,0.19491222563545577
tr-595,ビザンティン建築,3,聖堂,0.15075119128957787
tr-595,ビザンティン建築,4,ビザンティン,0.14578195340926847
tr-595,ビザンティン建築,5,教会堂,0.1143506682567272
tr-595,ビザンティン建築,6,世紀,0.1092862814834438
tr-595,ビザンティン建築,7,建設,0.08411259166118938
tr-595,ビザンティン建築,8,ユスティニアヌス,0.07111566980178342
tr-595,ビザンティン建築,9,ローマ帝国,0.06627427770281115
tr-595,ビザンティン建築,10,初期,0.06425262532467699
tr-595,ビザンティン建築,11,ローマ,0.0634177458981987
tr-595,ビザンティン建築,12,キリスト教,0.06188138914696059
tr-595,ビザンティン建築,13,空間,0.05587136992682504
tr-595,ビザンティン建築,14,修道院,0.05583135914239026
tr-595,ビザンティン建築,15,コンスタンティノポリス,0.05572140057208385
tr-595,ビザンティン建築,16,礼拝,0.055519964813586925
tr-595,ビザンティン建築,17,ハギア・ソフィア,0.052476368440315016
tr-595,ビザンティン建築,18,ドーム,0.047374868464443894
tr-595,ビザンティン建築,19,円蓋,0.04077441746816669
tr-595,ビザンティン建築,20,帝国,0.038555400515456084
tr-596,ニカラグア事件,1,ニカラグア,0.6219950511049158
tr-596,ニカラグア事件,2,アメリカ,0.20095994551221688
tr-596,ニカラグア事件,3,コントラ,0.20086765658002118
tr-596,ニカラグア事件,4,キューバ,0.10061906763972922
tr-596,ニカラグア事件,5,提訴,0.08284227978970328
tr-596,ニカラグア事件,6,政権,0.08255313194478012
tr-596,ニカラグア事件,7,損害,0.0813840267931512
tr-596,ニカラグア事件,8,パーセント,0.07735753585952596
tr-596,ニカラグア事件,9,サンディニスタ,0.07532537121750794
tr-596,ニカラグア事件,10,国際司法裁判所,0.07176865974287491
tr-596,ニカラグア事件,11,違法,0.058255983945092904
tr-596,ニカラグア事件,12,行使,0.05512725636668297
tr-596,ニカラグア事件,13,安保理,0.050216914145005294
tr-596,ニカラグア事件,14,保全,0.04997123299034859
tr-596,ニカラグア事件,15,決議,0.04973089111150548
tr-596,ニカラグア事件,16,戦線,0.04926910397566845
tr-596,ニカラグア事件,17,本案,0.047845773161916606
tr-596,ニカラグア事件,18,主張,0.0469284367285675
tr-596,ニカラグア事件,19,措置,0.04641452151571557
tr-596,ニカラグア事件,20,米州,0.046163421861029
tr-597,大日本沿海輿地全図,1,伊能,0.459040094965396
tr-597,大日本沿海輿地全図,2,測量,0.22653066829683813
tr-597,大日本沿海輿地全図,3,幕府,0.17170387725564581
tr-597,大日本沿海輿地全図,4,大図,0.16227576035519822
tr-597,大日本沿海輿地全図,5,地図,0.14424923308009918
tr-597,大日本沿海輿地全図,6,実測,0.094343055497673
tr-597,大日本沿海輿地全図,7,縮尺,0.08113788017759911
tr-597,大日本沿海輿地全図,8,蝦夷,0.07691902495201988
tr-597,大日本沿海輿地全図,9,写し,0.07490918101885818
tr-597,大日本沿海輿地全図,10,沿海,0.07075729162325475
tr-597,大日本沿海輿地全図,11,高橋,0.06556888964451105
tr-597,大日本沿海輿地全図,12,子午線,0.057750624805516036
tr-597,大日本沿海輿地全図,13,緯度,0.05174952203349322
tr-597,大日本沿海輿地全図,14,忠敬,0.049725638666053285
tr-597,大日本沿海輿地全図,15,刊行,0.047957923275258746
tr-597,大日本沿海輿地全図,16,明治,0.04677639098991424
tr-597,大日本沿海輿地全図,17,経度,0.04620049984441283
tr-597,大日本沿海輿地全図,18,保管,0.042756629115321194
tr-597,大日本沿海輿地全図,19,模写,0.04183421839206671
tr-597,大日本沿海輿地全図,20,シーボルト,0.03865335690088696
tr-598,コンスタンティノープルの城壁,1,城壁,0.5619139423339866
tr-598,コンスタンティノープルの城壁,2,コンスタンティヌス,0.24633157993841429
tr-598,コンスタンティノープルの城壁,3,コンスタンティノープル,0.1883793646007283
tr-598,コンスタンティノープルの城壁,4,テオドシウス,0.14779894796304857
tr-598,コンスタンティノープルの城壁,5,ビザンティウム,0.07535709273001864
tr-598,コンスタンティノープルの城壁,6,地震,0.06265960404621602
tr-598,コンスタンティノープルの城壁,7,セウェルス,0.06232061951238915
tr-598,コンスタンティノープルの城壁,8,帝国,0.058761474232964184
tr-598,コンスタンティノープルの城壁,9,防衛,0.053745812941686455
tr-598,コンスタンティノープルの城壁,10,ビュザンティオン,0.05193384959365762
tr-598,コンスタンティノープルの城壁,11,世紀,0.05047300631669575
tr-598,コンスタンティノープルの城壁,12,修復,0.050414525088287775
tr-598,コンスタンティノープルの城壁,13,ブラケルナエ,0.04519522273050476
tr-598,コンスタンティノープルの城壁,14,位置,0.044654816400724814
tr-598,コンスタンティノープルの城壁,15,都市,0.0407691339778498
tr-598,コンスタンティノープルの城壁,16,ギリシア,0.04030935970626484
tr-598,コンスタンティノープルの城壁,17,城門,0.0386017334226344
tr-598,コンスタンティノープルの城壁,18,時代,0.03686119352132576
tr-598,コンスタンティノープルの城壁,19,オスマン,0.03662281205691804
tr-598,コンスタンティノープルの城壁,20,建設,0.03546875933264455
tr-599,ユスティニアヌス1世,1,ユスティニアヌス,0.4896313865852789
tr-599,ユスティニアヌス1世,2,ユスティヌス,0.24289061963802952
tr-599,ユスティニアヌス1世,3,ゴート,0.13235277358764383
tr-599,ユスティニアヌス1世,4,テオドラ,0.12144530981901476
tr-599,ユスティニアヌス1世,5,ベリサリウス,0.11801233210648845
tr-599,ユスティニアヌス1世,6,崩御,0.10331215602914327
tr-599,ユスティニアヌス1世,7,皇帝,0.09089158861067903
tr-599,ユスティニアヌス1世,8,成婚,0.08640553880916686
tr-599,ユスティニアヌス1世,9,ローマ,0.08561395696256824
tr-599,ユスティニアヌス1世,10,コンスタンティノポリス,0.08462687711885235
tr-599,ユスティニアヌス1世,11,王国,0.06812629592978821
tr-599,ユスティニアヌス1世,12,ペトルス・サッバティウス,0.06605455629843004
tr-599,ユスティニアヌス1世,13,叔父,0.06573139108730469
tr-599,ユスティニアヌス1世,14,長官,0.059646526559798525
tr-599,ユスティニアヌス1世,15,階級,0.05695885474040961
tr-599,ユスティニアヌス1世,16,サーサーン,0.05294110943505754
tr-599,ユスティニアヌス1世,17,ソロモン,0.05165607801457164
tr-599,ユスティニアヌス1世,18,養子,0.04760920804613488
tr-599,ユスティニアヌス1世,19,帝国,0.04684481162627914
tr-599,ユスティニアヌス1世,20,階層,0.046033866410396314
tr-600,ムハンマド・アリー,1,ムハンマド・アリー,0.3862479173434336
tr-600,ムハンマド・アリー,2,エジプト,0.23153884813041534
tr-600,ムハンマド・アリー,3,オスマン,0.18164914780231348
tr-600,ムハンマド・アリー,4,帝国,0.13675397639671666
tr-600,ムハンマド・アリー,5,マムルーク,0.12674868807824602
tr-600,ムハンマド・アリー,6,総督,0.08607786478210666
tr-600,ムハンマド・アリー,7,イギリス,0.07855080872548695
tr-600,ムハンマド・アリー,8,カイロ,0.0553447519852938
tr-600,ムハンマド・アリー,9,アルバニア,0.05071201009042353
tr-600,ムハンマド・アリー,10,戦争,0.05023155805707534
tr-600,ムハンマド・アリー,11,独立,0.046579142526956586
tr-600,ムハンマド・アリー,12,正規,0.0446626797067511
tr-600,ムハンマド・アリー,13,ギリシャ,0.0436706942074421
tr-600,ムハンマド・アリー,14,アラビア,0.04356905861640593
tr-600,ムハンマド・アリー,15,アレクサンドリア,0.042917891681481156
tr-600,ムハンマド・アリー,16,シリア,0.04239700297176612
tr-600,ムハンマド・アリー,17,部隊,0.041248108334163945
tr-600,ムハンマド・アリー,18,イブラーヒーム・パシャ,0.03615617818440381
tr-600,ムハンマド・アリー,19,海軍,0.03600056043450934
tr-600,ムハンマド・アリー,20,司令,0.035910149225938076
tr-601,多摩湖鉄道の鉄道車両,1,鉄道,0.31406805477848865
tr-601,多摩湖鉄道の鉄道車両,2,客車,0.24492510060122497
tr-601,多摩湖鉄道の鉄道車両,3,竣功,0.2226293118554487
tr-601,多摩湖鉄道の鉄道車両,4,多摩湖,0.20445457901895012
tr-601,多摩湖鉄道の鉄道車両,5,車両,0.18469700332128544
tr-601,多摩湖鉄道の鉄道車両,6,西武鉄道,0.17524678201624294
tr-601,多摩湖鉄道の鉄道車両,7,松井,0.16110092118848895
tr-601,多摩湖鉄道の鉄道車両,8,自動車,0.16032208872003978
tr-601,多摩湖鉄道の鉄道車両,9,改造,0.15283477151635927
tr-601,多摩湖鉄道の鉄道車両,10,廃車,0.15282612306383253
tr-601,多摩湖鉄道の鉄道車両,11,ガソリン,0.13280919953298098
tr-601,多摩湖鉄道の鉄道車両,12,製作所,0.12045943744931346
tr-601,多摩湖鉄道の鉄道車両,13,営業,0.11360545780921513
tr-601,多摩湖鉄道の鉄道車両,14,萩山,0.11131465592772435
tr-601,多摩湖鉄道の鉄道車両,15,商号,0.11131465592772435
tr-601,多摩湖鉄道の鉄道車両,16,西武,0.10740061412565931
tr-601,多摩湖鉄道の鉄道車両,17,変更,0.09853752244888546
tr-601,多摩湖鉄道の鉄道車両,18,武蔵野,0.09797004024048998
tr-601,多摩湖鉄道の鉄道車両,19,蒸気,0.09509115723200535
tr-601,多摩湖鉄道の鉄道車両,20,認可,0.09271425345011489
tr-602,日本の両生類一覧,1,両生類,0.26408235431958166
tr-602,日本の両生類一覧,2,外来,0.13220329823309693
tr-602,日本の両生類一覧,3,生息,0.12492821942492903
tr-602,日本の両生類一覧,4,分布,0.12082498888474201
tr-602,日本の両生類一覧,5,サンショウウオ,0.11297204104450294
tr-602,日本の両生類一覧,6,オオサンショウウオ,0.09639619688586439
tr-602,日本の両生類一覧,7,琉球,0.09007068578219536
tr-602,日本の両生類一覧,8,諸島,0.07713090178970985
tr-602,日本の両生類一覧,9,絶滅,0.07225976866833696
tr-602,日本の両生類一覧,10,八重山諸島,0.06778322462670176
tr-602,日本の両生類一覧,11,分化,0.0653175311359733
tr-602,日本の両生類一覧,12,爬虫,0.06323337495431447
tr-602,日本の両生類一覧,13,固有,0.06301518546841264
tr-602,日本の両生類一覧,14,列島,0.06208394805499349
tr-602,日本の両生類一覧,15,奄美諸島,0.05812919836698055
tr-602,日本の両生類一覧,16,カエル,0.057505014230775274
tr-602,日本の両生類一覧,17,宮古,0.05648602052225147
tr-602,日本の両生類一覧,18,天然記念物,0.056464221574017835
tr-602,日本の両生類一覧,19,本州,0.05392211194999621
tr-602,日本の両生類一覧,20,生物,0.0489447423319855
tr-603,ゴールデンライス,1,ゴールデン,0.45495237641090286
tr-603,ゴールデンライス,2,ライス,0.44751074670712265
tr-603,ゴールデンライス,3,カロテン,0.32676461356532294
tr-603,ゴールデンライス,4,ビタミン,0.20045893284433758
tr-603,ゴールデンライス,5,遺伝子,0.11282115636744487
tr-603,ゴールデンライス,6,研究,0.08408884997491106
tr-603,ゴールデンライス,7,食品,0.07560433905737739
tr-603,ゴールデンライス,8,子供,0.07441575956879468
tr-603,ゴールデンライス,9,消費,0.06487256713489595
tr-603,ゴールデンライス,10,フィリピン,0.06368466552146736
tr-603,ゴールデンライス,11,投与,0.0578752258800923
tr-603,ゴールデンライス,12,承認,0.05420669287746928
tr-603,ゴールデンライス,13,胚乳,0.05347468765155386
tr-603,ゴールデンライス,14,作出,0.05159441266820888
tr-603,ゴールデンライス,15,試験,0.05114675403796599
tr-603,ゴールデンライス,16,栄養,0.05014273616330884
tr-603,ゴールデンライス,17,ロックフェラー,0.048944313922403886
tr-603,ゴールデンライス,18,栽培,0.04611115862999195
tr-603,ゴールデンライス,19,カナダ,0.04548842256043077
tr-603,ゴールデンライス,20,大学,0.045019008960156835
tr-604,リーゼ・マイトナー,1,マイトナー,0.7506080009805266
tr-604,リーゼ・マイトナー,2,ハーン,0.24368170603278547
tr-604,リーゼ・マイトナー,3,研究所,0.11766238215407297
tr-604,リーゼ・マイトナー,4,研究,0.09254858102430526
tr-604,リーゼ・マイトナー,5,物理,0.07502199224128563
tr-604,リーゼ・マイトナー,6,ドイツ,0.07432001042402778
tr-604,リーゼ・マイトナー,7,リーゼ,0.06893308054079282
tr-604,リーゼ・マイトナー,8,元素,0.06595046980864354
tr-604,リーゼ・マイトナー,9,ベルリン,0.05720542308446369
tr-604,リーゼ・マイトナー,10,大学,0.05687263792489538
tr-604,リーゼ・マイトナー,11,プランク,0.04923791467199487
tr-604,リーゼ・マイトナー,12,講義,0.04719414544020168
tr-604,リーゼ・マイトナー,13,ウィーン,0.04092684625583013
tr-604,リーゼ・マイトナー,14,ウラン,0.040009486275010345
tr-604,リーゼ・マイトナー,15,実験,0.03902499110196647
tr-604,リーゼ・マイトナー,16,女性,0.03705038976418539
tr-604,リーゼ・マイトナー,17,ノーベル,0.035755258380919884
tr-604,リーゼ・マイトナー,18,カイザー・ヴィルヘルム,0.03518716324276032
tr-604,リーゼ・マイトナー,19,共同,0.034436523380779585
tr-604,リーゼ・マイトナー,20,原子,0.0343142352829789
tr-605,京都大学フィールド科学教育研究センター森林ステーション芦生研究林,1,演習,0.16322544139290665
tr-605,京都大学フィールド科学教育研究センター森林ステーション芦生研究林,2,伐採,0.12942658703247062
tr-605,京都大学フィールド科学教育研究センター森林ステーション芦生研究林,3,軌道,0.1216814007911851
tr-605,京都大学フィールド科学教育研究センター森林ステーション芦生研究林,4,芦生,0.09770395811525051
tr-605,京都大学フィールド科学教育研究センター森林ステーション芦生研究林,5,研究,0.09758984105811423
tr-605,京都大学フィールド科学教育研究センター森林ステーション芦生研究林,6,森林,0.06864844371233617
tr-605,京都大学フィールド科学教育研究センター森林ステーション芦生研究林,7,由良川,0.06513597207683366
tr-605,京都大学フィールド科学教育研究センター森林ステーション芦生研究林,8,事務所,0.06400184566037549
tr-605,京都大学フィールド科学教育研究センター森林ステーション芦生研究林,9,小野子,0.0597079744037642
tr-605,京都大学フィールド科学教育研究センター森林ステーション芦生研究林,10,京都,0.05503353923636854
tr-605,京都大学フィールド科学教育研究センター森林ステーション芦生研究林,11,林道,0.050997233156324845
tr-605,京都大学フィールド科学教育研究センター森林ステーション芦生研究林,12,大学,0.04963473794456735
tr-605,京都大学フィールド科学教育研究センター森林ステーション芦生研究林,13,区間,0.047527506442833
tr-605,京都大学フィールド科学教育研究センター森林ステーション芦生研究林,14,灰野,0.04342398138455578
tr-605,京都大学フィールド科学教育研究センター森林ステーション芦生研究林,15,植物,0.04291524513727908
tr-605,京都大学フィールド科学教育研究センター森林ステーション芦生研究林,16,延伸,0.04113559277570207
tr-605,京都大学フィールド科学教育研究センター森林ステーション芦生研究林,17,開設,0.03884720416684838
tr-605,京都大学フィールド科学教育研究センター森林ステーション芦生研究林,18,長治,0.03620189031277761
tr-605,京都大学フィールド科学教育研究センター森林ステーション芦生研究林,19,台風,0.03344587803997677
tr-605,京都大学フィールド科学教育研究センター森林ステーション芦生研究林,20,美山,0.03256798603841683
tr-606,マニラ奇襲(1798年),1,クック,0.22512481931324038
tr-606,マニラ奇襲(1798年),2,スペイン,0.21825976238415765
tr-606,マニラ奇襲(1798年),3,マニラ,0.1903850855117236
tr-606,マニラ奇襲(1798年),4,艦隊,0.12265538410927126
tr-606,マニラ奇襲(1798年),5,シビル,0.12041611227817565
tr-606,マニラ奇襲(1798年),6,イギリス,0.12015610995720673
tr-606,マニラ奇襲(1798年),7,ゲート,0.11812509444420934
tr-606,マニラ奇襲(1798年),8,船隊,0.10703654424726725
tr-606,マニラ奇襲(1798年),9,商船,0.10243662928313359
tr-606,マニラ奇襲(1798年),10,フォックス,0.08403577026124986
tr-606,マニラ奇襲(1798年),11,マカオ,0.08027740818545043
tr-606,マニラ奇襲(1798年),12,インド,0.08010784080941202
tr-606,マニラ奇襲(1798年),13,フランス,0.07762185141010657
tr-606,マニラ奇襲(1798年),14,カヴィテ,0.07277196880335512
tr-606,マニラ奇襲(1798年),15,艦長,0.06829108618875572
tr-606,マニラ奇襲(1798年),16,海軍,0.06624800467367337
tr-606,マニラ奇襲(1798年),17,中国,0.06492750984167146
tr-606,マニラ奇襲(1798年),18,フィリピン,0.05945341316817664
tr-606,マニラ奇襲(1798年),19,マニラ・ガレオン,0.0582175750426841
tr-606,マニラ奇襲(1798年),20,サンボアンガ,0.0582175750426841
tr-607,ダイアナ(プリンセス・オブ・ウェールズ),1,ダイアナ,0.5170706422425301
tr-607,ダイアナ(プリンセス・オブ・ウェールズ),2,皇太子,0.31762604407795536
tr-607,ダイアナ(プリンセス・オブ・ウェールズ),3,スペンサー,0.16070665599742803
tr-607,ダイアナ(プリンセス・オブ・ウェールズ),4,チャールズ,0.08384498223003493
tr-607,ダイアナ(プリンセス・オブ・ウェールズ),5,カミラ,0.06635131237613263
tr-607,ダイアナ(プリンセス・オブ・ウェールズ),6,伯爵,0.06627313840274258
tr-607,ダイアナ(プリンセス・オブ・ウェールズ),7,マスコミ,0.0651657328872451
tr-607,ダイアナ(プリンセス・オブ・ウェールズ),8,セーラ,0.05356888533247602
tr-607,ダイアナ(プリンセス・オブ・ウェールズ),9,宮殿,0.04917237500268902
tr-607,ダイアナ(プリンセス・オブ・ウェールズ),10,王子,0.04780416602258105
tr-607,ダイアナ(プリンセス・オブ・ウェールズ),11,王室,0.046662773968568896
tr-607,ダイアナ(プリンセス・オブ・ウェールズ),12,学校,0.043346104194582576
tr-607,ダイアナ(プリンセス・オブ・ウェールズ),13,フランセス,0.040831576846850855
tr-607,ダイアナ(プリンセス・オブ・ウェールズ),14,彼女,0.03554066130656963
tr-607,ダイアナ(プリンセス・オブ・ウェールズ),15,生活,0.032418296904757664
tr-607,ダイアナ(プリンセス・オブ・ウェールズ),16,出産,0.032304997362855394
tr-607,ダイアナ(プリンセス・オブ・ウェールズ),17,オルソープ,0.03214133119948561
tr-607,ダイアナ(プリンセス・オブ・ウェールズ),18,結婚,0.031862949308867676
tr-607,ダイアナ(プリンセス・オブ・ウェールズ),19,ケンジントン,0.03062368263513814
tr-607,ダイアナ(プリンセス・オブ・ウェールズ),20,トラップ,0.02954689384243029
tr-608,ナスル朝,1,カスティーリャ,0.31709935960408137
tr-608,ナスル朝,2,ムハンマド,0.3095221560677291
tr-608,ナスル朝,3,ナスル,0.25569221588203705
tr-608,ナスル朝,4,マリーン,0.23927271005077017
tr-608,ナスル朝,5,王国,0.21125401857126985
tr-608,ナスル朝,6,アンダルス,0.15482351826814542
tr-608,ナスル朝,7,アシキールーラ,0.14180519425534524
tr-608,ナスル朝,8,反乱,0.09180868587779441
tr-608,ナスル朝,9,グラナダ,0.0824419819830583
tr-608,ナスル朝,10,ムデハル,0.07506080009805266
tr-608,ナスル朝,11,勢力,0.07261823521270701
tr-608,ナスル朝,12,内紛,0.07164386176641543
tr-608,ナスル朝,13,世紀,0.07038437578108031
tr-608,ナスル朝,14,征服,0.06577888974673991
tr-608,ナスル朝,15,アラゴン,0.06314077272071082
tr-608,ナスル朝,16,ハエン,0.06302453078015344
tr-608,ナスル朝,17,介入,0.061834985540105
tr-608,ナスル朝,18,フェルナンド,0.05496132132203886
tr-608,ナスル朝,19,イスラーム,0.05490277645276625
tr-608,ナスル朝,20,ジブラルタル,0.05051261817656866
tr-609,北上特定地域総合開発計画,1,北上川,0.22433341957848082
tr-609,北上特定地域総合開発計画,2,河川,0.10476826381714958
tr-609,北上特定地域総合開発計画,3,計画,0.09771894906756416
tr-609,北上特定地域総合開発計画,4,建設,0.08653694090789683
tr-609,北上特定地域総合開発計画,5,洪水,0.0862004340784972
tr-609,北上特定地域総合開発計画,6,開発,0.07800171968382892
tr-609,北上特定地域総合開発計画,7,一関,0.07149986326443718
tr-609,北上特定地域総合開発計画,8,改修,0.0701102941318739
tr-609,北上特定地域総合開発計画,9,事業,0.0693615762713315
tr-609,北上特定地域総合開発計画,10,治水,0.06438977433507749
tr-609,北上特定地域総合開発計画,11,総合,0.0628112769800861
tr-609,北上特定地域総合開発計画,12,地域,0.055543049292560646
tr-609,北上特定地域総合開発計画,13,田瀬,0.05420311892671383
tr-609,北上特定地域総合開発計画,14,かんがい,0.05267092225726545
tr-609,北上特定地域総合開発計画,15,流域,0.0497186103539675
tr-609,北上特定地域総合開発計画,16,水系,0.04429171287917136
tr-609,北上特定地域総合開発計画,17,台風,0.04403776867186288
tr-609,北上特定地域総合開発計画,18,昭和,0.04121795660282717
tr-609,北上特定地域総合開発計画,19,遊水地,0.03942045012851915
tr-609,北上特定地域総合開発計画,20,上流,0.03485082127316712
tr-610,郭泰源,1,転向,0.39203843362891444
tr-610,郭泰源,2,野球,0.3597529074018708
tr-610,郭泰源,3,長栄,0.3302727814921502
tr-610,郭泰源,4,投手,0.28801846269722287
tr-610,郭泰源,5,スカウト,0.28801846269722287
tr-610,郭泰源,6,ショート,0.2554300834515612
tr-610,郭泰源,7,年生,0.21505230943238132
tr-610,郭泰源,8,郭泰源,0.1651363907460751
tr-610,郭泰源,9,強肩,0.1651363907460751
tr-610,郭泰源,10,西武ライオンズ,0.1651363907460751
tr-610,郭泰源,11,ノンプロ,0.1651363907460751
tr-610,郭泰源,12,タイペイ,0.1651363907460751
tr-610,郭泰源,13,南市,0.15733898482091807
tr-610,郭泰源,14,ピッチャー,0.15733898482091807
tr-610,郭泰源,15,チャイニーズ,0.15733898482091807
tr-610,郭泰源,16,親元,0.14400923134861143
tr-610,郭泰源,17,全寮,0.14104479519808724
tr-610,郭泰源,18,末っ子,0.13621182542345445
tr-610,郭泰源,19,断固,0.13621182542345445
tr-610,郭泰源,20,合作,0.13621182542345445
tr-611,木曽川電力,1,製鋼,0.3021958456280806
tr-611,木曽川電力,2,電気,0.20777689932008828
tr-611,木曽川電力,3,発電,0.13882215910597984
tr-611,木曽川電力,4,事業,0.13449194527556652
tr-611,木曽川電力,5,電力,0.13342417973984808
tr-611,木曽川電力,6,大同,0.11075641914860006
tr-611,木曽川電力,7,福島,0.10121248674511543
tr-611,木曽川電力,8,工場,0.0975238843477657
tr-611,木曽川電力,9,木曽川,0.09517272898554412
tr-611,木曽川電力,10,電灯,0.0931573043754611
tr-611,木曽川電力,11,木曽,0.07818100175195299
tr-611,木曽川電力,12,大正,0.07579083823344848
tr-611,木曽川電力,13,名古屋,0.06914786861969806
tr-611,木曽川電力,14,供給,0.068554870097131
tr-611,木曽川電力,15,配電,0.06163301975042467
tr-611,木曽川電力,16,フェロアロイ,0.056124786397358864
tr-611,木曽川電力,17,昭和,0.053947031436053214
tr-611,木曽川電力,18,黒川,0.05013595808445588
tr-611,木曽川電力,19,キロワット,0.04909198355371533
tr-611,木曽川電力,20,熱田,0.048944313922403886
tr-612,ヘルマン・ゲーリング,1,ゲーリング,0.3391929551585764
tr-612,ヘルマン・ゲーリング,2,ヘルマン・ヴィルヘルム・ゲーリング,0.26834663496237204
tr-612,ヘルマン・ゲーリング,3,飛行,0.16775676543524073
tr-612,ヘルマン・ゲーリング,4,ドイツ,0.13402193056244716
tr-612,ヘルマン・ゲーリング,5,中隊,0.12971058925274592
tr-612,ヘルマン・ゲーリング,6,ハインリヒ,0.12179134886000835
tr-612,ヘルマン・ゲーリング,7,フランツィスカ,0.10062998811088952
tr-612,ヘルマン・ゲーリング,8,戦闘,0.09251845150558294
tr-612,ヘルマン・ゲーリング,9,ツァー,0.09250716958870264
tr-612,ヘルマン・ゲーリング,10,ハイチ,0.08065247140497046
tr-612,ヘルマン・ゲーリング,11,ヴィルヘルム,0.08065247140497046
tr-612,ヘルマン・ゲーリング,12,出撃,0.08065247140497046
tr-612,ヘルマン・ゲーリング,13,パイロット,0.07555108775741759
tr-612,ヘルマン・ゲーリング,14,レール,0.073074809316005
tr-612,ヘルマン・ゲーリング,15,勲章,0.07200873379015664
tr-612,ヘルマン・ゲーリング,16,ローゼンハイム,0.06708665874059301
tr-612,ヘルマン・ゲーリング,17,ヘルマン・リッター・フォン・エーペンシュタイン,0.06708665874059301
tr-612,ヘルマン・ゲーリング,18,エーペンシュタイン,0.06708665874059301
tr-612,ヘルマン・ゲーリング,19,マウテルンドルフ,0.06708665874059301
tr-612,ヘルマン・ゲーリング,20,月末,0.060015895499955216
tr-613,写真花嫁,1,花嫁,0.3154014278253016
tr-613,写真花嫁,2,写真,0.24106588891022115
tr-613,写真花嫁,3,移民,0.21172355128722495
tr-613,写真花嫁,4,女性,0.15414093451512242
tr-613,写真花嫁,5,渡航,0.12419180872358909
tr-613,写真花嫁,6,ハワイ,0.10869032998232908
tr-613,写真花嫁,7,日系,0.10652907490628707
tr-613,写真花嫁,8,男性,0.09122957688980124
tr-613,写真花嫁,9,結婚,0.08664343976609819
tr-613,写真花嫁,10,日本人,0.08186206115509381
tr-613,写真花嫁,11,米国,0.07512771174707981
tr-613,写真花嫁,12,排日,0.06555032304424355
tr-613,写真花嫁,13,習慣,0.04915175023617813
tr-613,写真花嫁,14,韓国,0.04724577897708041
tr-613,写真花嫁,15,渡米,0.04378081569056921
tr-613,写真花嫁,16,紳士,0.04322730820335782
tr-613,写真花嫁,17,禁止,0.04031367068415572
tr-613,写真花嫁,18,労働,0.040011748468214536
tr-613,写真花嫁,19,発給,0.038109313130421346
tr-613,写真花嫁,20,移住,0.03729610950140008
tr-614,ニューアーク方式,1,貸出,0.38315046544074766
tr-614,ニューアーク方式,2,ブック,0.34691050785507926
tr-614,ニューアーク方式,3,カード,0.31846043823928105
tr-614,ニューアーク方式,4,図書館,0.3178744707525065
tr-614,ニューアーク方式,5,方式,0.2804104171118624
tr-614,ニューアーク方式,6,図書,0.20052159151896448
tr-614,ニューアーク方式,7,アーク,0.1687439915443165
tr-614,ニューアーク方式,8,ニュー,0.1496157607112271
tr-614,ニューアーク方式,9,返却,0.12738417529571242
tr-614,ニューアーク方式,10,記入,0.12610854566858168
tr-614,ニューアーク方式,11,番号,0.08935883411629532
tr-614,ニューアーク方式,12,ポケット,0.0786880563586108
tr-614,ニューアーク方式,13,押印,0.06015476230329881
tr-614,ニューアーク方式,14,督促,0.05529909028536574
tr-614,ニューアーク方式,15,採用,0.050312834268781345
tr-614,ニューアーク方式,16,デートスリップ,0.04511607172747411
tr-614,ニューアーク方式,17,情報,0.04493477961552075
tr-614,ニューアーク方式,18,予約,0.044383891559995864
tr-614,ニューアーク方式,19,機械,0.04406080785732479
tr-614,ニューアーク方式,20,期限,0.043356896994728784
tr-615,芋焼酎,1,焼酎,0.5214833391981318
tr-615,芋焼酎,2,サツマイモ,0.21321388495607624
tr-615,芋焼酎,3,鹿児島,0.15390608551067392
tr-615,芋焼酎,4,麹菌,0.10765298961431236
tr-615,芋焼酎,5,宮崎,0.1075356516500956
tr-615,芋焼酎,6,キロリットル,0.09587787617290638
tr-615,芋焼酎,7,仕込み,0.09109099121211046
tr-615,芋焼酎,8,酵母,0.09095319874649144
tr-615,芋焼酎,9,蒸留,0.08337376551761715
tr-615,芋焼酎,10,酒造,0.08337376551761715
tr-615,芋焼酎,11,香り,0.08156222844406048
tr-615,芋焼酎,12,原料,0.06953309438704174
tr-615,芋焼酎,13,アルコール,0.06583236878852544
tr-615,芋焼酎,14,生産,0.05889459238799218
tr-615,芋焼酎,15,杜氏,0.05796699440770666
tr-615,芋焼酎,16,糖化,0.05796699440770666
tr-615,芋焼酎,17,薩摩,0.05649922596244376
tr-615,芋焼酎,18,数量,0.05305603260212
tr-615,芋焼酎,19,クエン,0.05305603260212
tr-615,芋焼酎,20,発酵,0.04757796659236861
tr-616,プランバナン寺院群,1,寺院,0.42902974169709596
tr-616,プランバナン寺院群,2,プランバナン,0.4084670940832647
tr-616,プランバナン寺院群,3,祠堂,0.24136691923102005
tr-616,プランバナン寺院群,4,ジャワ,0.14136707059955902
tr-616,プランバナン寺院群,5,修復,0.09467808881445242
tr-616,プランバナン寺院群,6,シヴァ,0.08355008742612231
tr-616,プランバナン寺院群,7,ヒンドゥー,0.08184409350500786
tr-616,プランバナン寺院群,8,インドネシア,0.07584327301453886
tr-616,プランバナン寺院群,9,マタラム,0.0742667443787754
tr-616,プランバナン寺院群,10,ジョグジャカルタ,0.06498340133142848
tr-616,プランバナン寺院群,11,ボロブドゥール,0.06498340133142848
tr-616,プランバナン寺院群,12,遺跡,0.06314532264199028
tr-616,プランバナン寺院群,13,複合,0.05720276165180082
tr-616,プランバナン寺院群,14,ロロ・ジョングラン,0.04641671523673463
tr-616,プランバナン寺院群,15,ラトゥボコ,0.04641671523673463
tr-616,プランバナン寺院群,16,世紀,0.04523968723422754
tr-616,プランバナン寺院群,17,中部,0.043768491192905885
tr-616,プランバナン寺院群,18,トリムルティ,0.0371333721893877
tr-616,プランバナン寺院群,19,サンジャヤ,0.0371333721893877
tr-616,プランバナン寺院群,20,周壁,0.0371333721893877
tr-617,大明東町,1,鳥羽,0.27135322691407016
tr-617,大明東町,2,干拓,0.21966689797805677
tr-617,大明東町,3,大明,0.12120929201018875
tr-617,大明東町,4,加茂川,0.11131415968809506
tr-617,大明東町,5,菊三郎,0.11131415968809506
tr-617,大明東町,6,加茂,0.10865673111556351
tr-617,大明東町,7,昭和,0.10699494568150553
tr-617,大明東町,8,盛土,0.10232891845861428
tr-617,大明東町,9,沈下,0.10067159777137556
tr-617,大明東町,10,事業,0.08383331255510314
tr-617,大明東町,11,大明東,0.07951011406292505
tr-617,大明東町,12,安楽島,0.07951011406292505
tr-617,大明東町,13,大明西,0.07951011406292505
tr-617,大明東町,14,平成,0.0753010927426349
tr-617,大明東町,15,粘性,0.06791045694722718
tr-617,大明東町,16,農林省,0.0646079111700167
tr-617,大明東町,17,地盤,0.0565017191574806
tr-617,大明東町,18,河口,0.05327665717351563
tr-617,大明東町,19,公園,0.05311588698917317
tr-617,大明東町,20,建設,0.04991899461631456
tr-618,五稜郭,1,五稜郭,0.3966849556697086
tr-618,五稜郭,2,奉行,0.19286157146097063
tr-618,五稜郭,3,函館,0.15359516412580387
tr-618,五稜郭,4,工事,0.10471387874758964
tr-618,五稜郭,5,台場,0.0956841834937692
tr-618,五稜郭,6,築造,0.07942327304680995
tr-618,五稜郭,7,復元,0.07448176101123273
tr-618,五稜郭,8,幕府,0.0743399741300012
tr-618,五稜郭,9,役所,0.06777132453063303
tr-618,五稜郭,10,弁天,0.06505372968784777
tr-618,五稜郭,11,建物,0.06232785406422976
tr-618,五稜郭,12,予算,0.05536147791161518
tr-618,五稜郭,13,陣屋,0.05455149967936374
tr-618,五稜郭,14,松前,0.0478420917468846
tr-618,五稜郭,15,安政,0.04724028076994263
tr-618,五稜郭,16,亀田,0.04648970658740454
tr-618,五稜郭,17,江戸,0.04147036934600687
tr-618,五稜郭,18,石垣,0.041183835451926366
tr-618,五稜郭,19,メートル,0.03990809428303724
tr-618,五稜郭,20,北海道,0.03967566842061591
tr-619,マリア・ニコラエヴナ(ニコライ2世皇女),1,血友病,0.20723960983435694
tr-619,マリア・ニコラエヴナ(ニコライ2世皇女),2,アレクサンドラ,0.19659494112507336
tr-619,マリア・ニコラエヴナ(ニコライ2世皇女),3,ニコライ,0.16425642545483243
tr-619,マリア・ニコラエヴナ(ニコライ2世皇女),4,マリア,0.15615366320044655
tr-619,マリア・ニコラエヴナ(ニコライ2世皇女),5,遺骨,0.08592837658324598
tr-619,マリア・ニコラエヴナ(ニコライ2世皇女),6,大公,0.08569550310288575
tr-619,マリア・ニコラエヴナ(ニコライ2世皇女),7,ロシア,0.0763602985353332
tr-619,マリア・ニコラエヴナ(ニコライ2世皇女),8,家族,0.06482075381741507
tr-619,マリア・ニコラエヴナ(ニコライ2世皇女),9,一家,0.06074683481300029
tr-619,マリア・ニコラエヴナ(ニコライ2世皇女),10,ベッド,0.059995295711712256
tr-619,マリア・ニコラエヴナ(ニコライ2世皇女),11,エカテリンブルク,0.05857966976626067
tr-619,マリア・ニコラエヴナ(ニコライ2世皇女),12,皇帝,0.05640050844576741
tr-619,マリア・ニコラエヴナ(ニコライ2世皇女),13,遺伝子,0.054929632217085335
tr-619,マリア・ニコラエヴナ(ニコライ2世皇女),14,アレクセイ,0.05155702594994759
tr-619,マリア・ニコラエヴナ(ニコライ2世皇女),15,皇室,0.049959339425024854
tr-619,マリア・ニコラエヴナ(ニコライ2世皇女),16,母親,0.04831247536209779
tr-619,マリア・ニコラエヴナ(ニコライ2世皇女),17,兵士,0.047766810313506394
tr-619,マリア・ニコラエヴナ(ニコライ2世皇女),18,簡易,0.04536372687486451
tr-619,マリア・ニコラエヴナ(ニコライ2世皇女),19,出血,0.0446471388661033
tr-619,マリア・ニコラエヴナ(ニコライ2世皇女),20,発症,0.04339878525886145
tr-620,イェーガン,1,イェーガン,0.567741640912126
tr-620,イェーガン,2,ヌンガー,0.283870820456063
tr-620,イェーガン,3,部族,0.27603309583396074
tr-620,イェーガン,4,オーストラリア,0.21035474203840598
tr-620,イェーガン,5,先住民,0.15028174399556155
tr-620,イェーガン,6,入植,0.14416124619560639
tr-620,イェーガン,7,リオン,0.1419354102280315
tr-620,イェーガン,8,パース,0.12377652942359992
tr-620,イェーガン,9,勇者,0.07096770511401575
tr-620,イェーガン,10,首級,0.07096770511401575
tr-620,イェーガン,11,デイジャ・ベイツ,0.07096770511401575
tr-620,イェーガン,12,マングルス,0.07096770511401575
tr-620,イェーガン,13,モンガー,0.07096770511401575
tr-620,イェーガン,14,ヘレーナ,0.07096770511401575
tr-620,イェーガン,15,ネヴィル・グリーン,0.07096770511401575
tr-620,イェーガン,16,入れ墨,0.07096770511401575
tr-620,イェーガン,17,力持ち,0.07096770511401575
tr-620,イェーガン,18,支配,0.06889672249585632
tr-620,イェーガン,19,珍品,0.0676167538073367
tr-620,イェーガン,20,右肩,0.0676167538073367
tr-621,石炭,1,石炭,0.4314893297389868
tr-621,石炭,2,燃料,0.18338709214536483
tr-621,石炭,3,石油,0.12136162418037118
tr-621,石炭,4,植物,0.09886692559658587
tr-621,石炭,5,リグニン,0.08046835003298633
tr-621,石炭,6,発電,0.0757790685028055
tr-621,石炭,7,分解,0.06298007786492175
tr-621,石炭,8,炭素,0.06138779777099254
tr-621,石炭,9,天然,0.06042060266431953
tr-621,石炭,10,無煙炭,0.0583806222984854
tr-621,石炭,11,水素,0.04821972411310399
tr-621,石炭,12,埋蔵,0.04791746278619795
tr-621,石炭,13,採掘,0.04520958577097438
tr-621,石炭,14,瀝青炭,0.04376703526399544
tr-621,石炭,15,エネルギー,0.04361601522227543
tr-621,石炭,16,二酸化炭素,0.04267678536001104
tr-621,石炭,17,産出,0.04195035150240149
tr-621,石炭,18,地中,0.04156166880469633
tr-621,石炭,19,生成,0.0402635814244712
tr-621,石炭,20,セルロース,0.040234175016493165
tr-622,アイユーブ朝,1,サラディン,0.48756790063691474
tr-622,アイユーブ朝,2,ザンギー,0.2140542002796211
tr-622,アイユーブ朝,3,ヌールッディーン,0.19969982136734662
tr-622,アイユーブ朝,4,アイユーブ,0.1902704002485521
tr-622,アイユーブ朝,5,シールクーフ,0.18721858253188747
tr-622,アイユーブ朝,6,エジプト,0.18269261272748719
tr-622,アイユーブ朝,7,ファーティマ,0.13379305093468166
tr-622,アイユーブ朝,8,ダマスカス,0.10660362427762407
tr-622,アイユーブ朝,9,シャー,0.09370677551307607
tr-622,アイユーブ朝,10,支配,0.07876057012062644
tr-622,アイユーブ朝,11,十字軍,0.07430078769139169
tr-622,アイユーブ朝,12,スンナ,0.07135140009320703
tr-622,アイユーブ朝,13,モースル,0.07135140009320703
tr-622,アイユーブ朝,14,宰相,0.0709556473140454
tr-622,アイユーブ朝,15,シリア,0.0669055694737173
tr-622,アイユーブ朝,16,アレッポ,0.06689652546734083
tr-622,アイユーブ朝,17,カイロ,0.05731560434523523
tr-622,アイユーブ朝,18,遠征,0.05090845009066652
tr-622,アイユーブ朝,19,ティクリート,0.049924955341836656
tr-622,アイユーブ朝,20,フスタート,0.049924955341836656
tr-623,シャープゲンゴロウモドキ,1,ゲンゴロウ,0.19423185006800261
tr-623,シャープゲンゴロウモドキ,2,個体,0.16563552153141722
tr-623,シャープゲンゴロウモドキ,3,生息,0.13662493016520424
tr-623,シャープゲンゴロウモドキ,4,幼虫,0.10278020024598535
tr-623,シャープゲンゴロウモドキ,5,成虫,0.09429616373147161
tr-623,シャープゲンゴロウモドキ,6,ゲンゴロウモドキ,0.09200456055852756
tr-623,シャープゲンゴロウモドキ,7,交尾,0.07476058292530505
tr-623,シャープゲンゴロウモドキ,8,水温,0.066811254231776
tr-623,シャープゲンゴロウモドキ,9,褐色,0.06263841744504325
tr-623,シャープゲンゴロウモドキ,10,アズマゲンゴロウモドキ,0.06133637370568504
tr-623,シャープゲンゴロウモドキ,11,吸盤,0.05479143990658392
tr-623,シャープゲンゴロウモドキ,12,水草,0.05479143990658392
tr-623,シャープゲンゴロウモドキ,13,水生,0.05476824415211366
tr-623,シャープゲンゴロウモドキ,14,コゲンゴロウモドキ,0.05111364475473753
tr-623,シャープゲンゴロウモドキ,15,昆虫,0.04927453057807814
tr-623,シャープゲンゴロウモドキ,16,採集,0.04927453057807814
tr-623,シャープゲンゴロウモドキ,17,千葉,0.04680564877688503
tr-623,シャープゲンゴロウモドキ,18,区別,0.041696444836164956
tr-623,シャープゲンゴロウモドキ,19,跗節,0.04089091580379003
tr-623,シャープゲンゴロウモドキ,20,移動,0.038614217387072845
tr-624,ハイチ革命,1,奴隷,0.2928843454016471
tr-624,ハイチ革命,2,黒人,0.14980455127697434
tr-624,ハイチ革命,3,白人,0.14980455127697434
tr-624,ハイチ革命,4,フランス,0.13290972069806806
tr-624,ハイチ革命,5,ハイチ,0.12554856798031885
tr-624,ハイチ革命,6,植民,0.12279686759955637
tr-624,ハイチ革命,7,サンドマング,0.11392493955284784
tr-624,ハイチ革命,8,アフリカ,0.09426755655892231
tr-624,ハイチ革命,9,砂糖,0.0930704039049616
tr-624,ハイチ革命,10,階級,0.09005103623967467
tr-624,ハイチ革命,11,カラード,0.08544370466463587
tr-624,ハイチ革命,12,プランテーション,0.08359135274250762
tr-624,ハイチ革命,13,革命,0.07803529885327475
tr-624,ハイチ革命,14,反乱,0.06638239973916808
tr-624,ハイチ革命,15,富裕,0.06204693593664107
tr-624,ハイチ革命,16,ムラート,0.05696246977642392
tr-624,ハイチ革命,17,マッカンダル,0.05696246977642392
tr-624,ハイチ革命,18,オジェ,0.05696246977642392
tr-624,ハイチ革命,19,生まれ,0.05361611145517635
tr-624,ハイチ革命,20,所有,0.053270715290028095
tr-625,エレウシスの秘儀,1,密儀,0.4241954817028685
tr-625,エレウシスの秘儀,2,エレウシス,0.3668717679592376
tr-625,エレウシスの秘儀,3,デーメーテール,0.2634828150279025
tr-625,エレウシスの秘儀,4,讃歌,0.1580896890167415
tr-625,エレウシスの秘儀,5,ペルセポネー,0.10923400815337436
tr-625,エレウシスの秘儀,6,入信,0.09217251573070193
tr-625,エレウシスの秘儀,7,ミュケナイ,0.08025319924108322
tr-625,エレウシスの秘儀,8,ギリシア,0.07498581378379485
tr-625,エレウシスの秘儀,9,古代,0.07266180033633005
tr-625,エレウシスの秘儀,10,穀物,0.07064269567322197
tr-625,エレウシスの秘儀,11,女神,0.06767210168426606
tr-625,エレウシスの秘儀,12,クレタ,0.06729717717454219
tr-625,エレウシスの秘儀,13,冥府,0.06554040489202462
tr-625,エレウシスの秘儀,14,神話,0.05894835122736755
tr-625,エレウシスの秘儀,15,生命,0.057998311323319535
tr-625,エレウシスの秘儀,16,トリプトレモス,0.05732371374363088
tr-625,エレウシスの秘儀,17,宗教,0.056056169349307496
tr-625,エレウシスの秘儀,18,紀元前,0.048010324980974926
tr-625,エレウシスの秘儀,19,儀式,0.046331631011129804
tr-625,エレウシスの秘儀,20,コレー,0.0458589709949047
tr-626,リチャード・ホルブルック,1,ホルブルック,0.2749869447067102
tr-626,リチャード・ホルブルック,2,外交,0.1231367756980765
tr-626,リチャード・ホルブルック,3,大使,0.12263488762502628
tr-626,リチャード・ホルブルック,4,国務,0.11019765137137158
tr-626,リチャード・ホルブルック,5,クリントン,0.10049085048369104
tr-626,リチャード・ホルブルック,6,大統領,0.0952149568340384
tr-626,リチャード・ホルブルック,7,政策,0.08409235618814678
tr-626,リチャード・ホルブルック,8,政権,0.08219263791882038
tr-626,リチャード・ホルブルック,9,カーター,0.07630183436811436
tr-626,リチャード・ホルブルック,10,次官補,0.07499643946546641
tr-626,リチャード・ホルブルック,11,ポスト,0.06735059025198685
tr-626,リチャード・ホルブルック,12,長官,0.060196397498486626
tr-626,リチャード・ホルブルック,13,担当,0.05949465281609373
tr-626,リチャード・ホルブルック,14,ボスニア,0.05337939847380303
tr-626,リチャード・ホルブルック,15,国連,0.050783510963331904
tr-626,リチャード・ホルブルック,16,ドイツ,0.049941214299834745
tr-626,リチャード・ホルブルック,17,ディーン,0.047636839654659334
tr-626,リチャード・ホルブルック,18,ラスク,0.047636839654659334
tr-626,リチャード・ホルブルック,19,アメリカ,0.04738793474960573
tr-626,リチャード・ホルブルック,20,編集,0.04573963520979301
tr-627,ピョウタンの滝,1,札内川,0.23019818646718143
tr-627,ピョウタンの滝,2,ピョウタン,0.18120476170964395
tr-627,ピョウタンの滝,3,発電,0.1680757149082071
tr-627,ピョウタンの滝,4,中札内,0.14093703688527864
tr-627,ピョウタンの滝,5,建設,0.08577606510858943
tr-627,ピョウタンの滝,6,昭和,0.08224866867829683
tr-627,ピョウタンの滝,7,北海道,0.07981646777230585
tr-627,ピョウタンの滝,8,工事,0.07561987023272594
tr-627,ピョウタンの滝,9,メートル,0.0720497833480391
tr-627,ピョウタンの滝,10,十勝,0.07194186716925438
tr-627,ピョウタンの滝,11,やまべ,0.07046851844263932
tr-627,ピョウタンの滝,12,施設,0.06943185098415988
tr-627,ピョウタンの滝,13,園地,0.06478032352596919
tr-627,ピョウタンの滝,14,水力,0.05723034625095338
tr-627,ピョウタンの滝,15,上流,0.05355207727981706
tr-627,ピョウタンの滝,16,事業,0.048246817414212606
tr-627,ピョウタンの滝,17,農協,0.047957955513996134
tr-627,ピョウタンの滝,18,放流,0.04534836686025534
tr-627,ピョウタンの滝,19,大岩,0.04389495914494604
tr-627,ピョウタンの滝,20,補助,0.04342179152349476
tr-628,ディートリヒ・ブクステフーデ,1,ブクステフーデ,0.4675118316077835
tr-628,ディートリヒ・ブクステフーデ,2,コラール,0.09170759083236858
tr-628,ディートリヒ・ブクステフーデ,3,声楽,0.08808241813811693
tr-628,ディートリヒ・ブクステフーデ,4,作品,0.08473946117644127
tr-628,ディートリヒ・ブクステフーデ,5,オルガン,0.08160928162011029
tr-628,ディートリヒ・ブクステフーデ,6,教会,0.08050889075817243
tr-628,ディートリヒ・ブクステフーデ,7,リューベック,0.07984020867092294
tr-628,ディートリヒ・ブクステフーデ,8,オルガニスト,0.0786065064277445
tr-628,ディートリヒ・ブクステフーデ,9,演奏,0.07680152664027293
tr-628,ディートリヒ・ブクステフーデ,10,マリア,0.06190909116040704
tr-628,ディートリヒ・ブクステフーデ,11,ヴィオラ・ダ・ガンバ,0.06187656594808899
tr-628,ディートリヒ・ブクステフーデ,12,鍵盤,0.058954879820808374
tr-628,ディートリヒ・ブクステフーデ,13,楽曲,0.05450854083744826
tr-628,ディートリヒ・ブクステフーデ,14,アーベント,0.04812621795962477
tr-628,ディートリヒ・ブクステフーデ,15,ムジーク,0.04812621795962477
tr-628,ディートリヒ・ブクステフーデ,16,音楽,0.046144781600105454
tr-628,ディートリヒ・ブクステフーデ,17,フーガ,0.04585379541618429
tr-628,ディートリヒ・ブクステフーデ,18,ドイツ,0.0457827785214658
tr-628,ディートリヒ・ブクステフーデ,19,聖母,0.04253759596311027
tr-628,ディートリヒ・ブクステフーデ,20,ヘルシンボリ,0.041251043965392656
tr-629,ギリシャ軍事政権,1,パパンドレウ,0.22982098906426235
tr-629,ギリシャ軍事政権,2,政権,0.1762370232529014
tr-629,ギリシャ軍事政権,3,選挙,0.13830142338950163
tr-629,ギリシャ軍事政権,4,コンスタンティノス,0.1330440191837521
tr-629,ギリシャ軍事政権,5,国会,0.11138642301836416
tr-629,ギリシャ軍事政権,6,ギリシャ,0.10682555113945925
tr-629,ギリシャ軍事政権,7,同盟,0.09735952937323669
tr-629,ギリシャ軍事政権,8,カネロプロス,0.09648418335725736
tr-629,ギリシャ軍事政権,9,中央,0.08653694090789683
tr-629,ギリシャ軍事政権,10,左翼,0.07179626675797399
tr-629,ギリシャ軍事政権,11,急進,0.06954153984266892
tr-629,ギリシャ軍事政権,12,内閣,0.06912049475442632
tr-629,ギリシャ軍事政権,13,国民,0.06847504566357328
tr-629,ギリシャ軍事政権,14,国王,0.06595919438416749
tr-629,ギリシャ軍事政権,15,組閣,0.06444142534229849
tr-629,ギリシャ軍事政権,16,ステファノプロス,0.06432278890483824
tr-629,ギリシャ軍事政権,17,クーデター,0.057951283202224105
tr-629,ギリシャ軍事政権,18,共産,0.056754341521419935
tr-629,ギリシャ軍事政権,19,支持,0.05545446525232995
tr-629,ギリシャ軍事政権,20,民主,0.05504721083982861
tr-630,水の江瀧子,1,瀧子,0.5513705294159129
tr-630,水の江瀧子,2,松竹,0.21678352310865814
tr-630,水の江瀧子,3,水の江,0.21343375332228887
tr-630,水の江瀧子,4,ウメ子,0.1422891688815259
tr-630,水の江瀧子,5,男性,0.0727456713112589
tr-630,水の江瀧子,6,ターキー,0.07114458444076295
tr-630,水の江瀧子,7,男役,0.06864300120205181
tr-630,水の江瀧子,8,楽劇,0.06670262249497173
tr-630,水の江瀧子,9,レビュー,0.06067525570749395
tr-630,水の江瀧子,10,断髪,0.053358438330572217
tr-630,水の江瀧子,11,東京,0.05316825407320506
tr-630,水の江瀧子,12,男装,0.05148225090153886
tr-630,水の江瀧子,13,試験,0.05103556544223128
tr-630,水の江瀧子,14,公演,0.04953670052956296
tr-630,水の江瀧子,15,歌劇,0.04696172581093052
tr-630,水の江瀧子,16,入団,0.04619357557838889
tr-630,水の江瀧子,17,浅草,0.04431738814935554
tr-630,水の江瀧子,18,三浦,0.04331205762874298
tr-630,水の江瀧子,19,プロデューサー,0.04244120072032218
tr-630,水の江瀧子,20,映画,0.041472869502947825
tr-631,フィンセント・ファン・ゴッホ,1,ゴッホ,0.3804908837072334
tr-631,フィンセント・ファン・ゴッホ,2,ファン,0.24286656285764271
tr-631,フィンセント・ファン・ゴッホ,3,アルル,0.08053434727946267
tr-631,フィンセント・ファン・ゴッホ,4,画家,0.0651470364105821
tr-631,フィンセント・ファン・ゴッホ,5,印象派,0.05712559177812471
tr-631,フィンセント・ファン・ゴッホ,6,作品,0.05618763370864084
tr-631,フィンセント・ファン・ゴッホ,7,ゴーギャン,0.055268669701592034
tr-631,フィンセント・ファン・ゴッホ,8,フィン,0.04756848353562197
tr-631,フィンセント・ファン・ゴッホ,9,セント,0.04336810294219589
tr-631,フィンセント・ファン・ゴッホ,10,時代,0.034246802453633325
tr-631,フィンセント・ファン・ゴッホ,11,ハーグ,0.03145790770807835
tr-631,フィンセント・ファン・ゴッホ,12,素描,0.03117149995687775
tr-631,フィンセント・ファン・ゴッホ,13,手紙,0.03113110885383166
tr-631,フィンセント・ファン・ゴッホ,14,ガシェ,0.030919716290923445
tr-631,フィンセント・ファン・ゴッホ,15,油絵,0.030689344216530304
tr-631,フィンセント・ファン・ゴッホ,16,模写,0.029227046956249846
tr-631,フィンセント・ファン・ゴッホ,17,サンレミ,0.02920195427476103
tr-631,フィンセント・ファン・ゴッホ,18,発作,0.02820986056806973
tr-631,フィンセント・ファン・ゴッホ,19,ひまわり,0.027620409794877274
tr-631,フィンセント・ファン・ゴッホ,20,表現,0.026210749831685122
tr-632,余部橋梁,1,橋梁,0.24251621026766196
tr-632,余部橋梁,2,橋脚,0.16779646484082408
tr-632,余部橋梁,3,余部,0.14575876260686776
tr-632,余部橋梁,4,建設,0.08810163098335327
tr-632,余部橋梁,5,鉄道,0.07155188819935014
tr-632,余部橋梁,6,トレッスル,0.06971071255111067
tr-632,余部橋梁,7,鉄橋,0.06038101262500177
tr-632,余部橋梁,8,工事,0.057805152253281956
tr-632,余部橋梁,9,橋桁,0.0552655352776959
tr-632,余部橋梁,10,香住,0.0506987000371714
tr-632,余部橋梁,11,開通,0.05058876906539035
tr-632,余部橋梁,12,山陰本線,0.04226670883750124
tr-632,余部橋梁,13,作業,0.04190302581332647
tr-632,余部橋梁,14,保守,0.0409045747680626
tr-632,余部橋梁,15,浜坂,0.03802402502787855
tr-632,余部橋梁,16,年度,0.036527720731140356
tr-632,余部橋梁,17,基礎,0.036431247804444025
tr-632,余部橋梁,18,米子,0.036228607575001064
tr-632,余部橋梁,19,出雲,0.034954738619495024
tr-632,余部橋梁,20,トンネル,0.03471021176498122
tr-633,きさらぎ駅,1,きさらぎ,0.5613837593401682
tr-633,きさらぎ駅,2,体験,0.30482390126021114
tr-633,きさらぎ駅,3,投稿,0.2068537514917934
tr-633,きさらぎ駅,4,伝説,0.15067975604262712
tr-633,きさらぎ駅,5,ネット,0.1418132130606407
tr-633,きさらぎ駅,6,架空,0.12377467780067188
tr-633,きさらぎ駅,7,都市,0.11253465553207936
tr-633,きさらぎ駅,8,遠州鉄道,0.10395995543336448
tr-633,きさらぎ駅,9,怪奇,0.09556834307791717
tr-633,きさらぎ駅,10,如月,0.08316796434669158
tr-633,きさらぎ駅,11,表記,0.08010784080941202
tr-633,きさらぎ駅,12,オカルト,0.07429347783943584
tr-633,きさらぎ駅,13,考察,0.07245039507689492
tr-633,きさらぎ駅,14,オリジナル,0.07201010882785285
tr-633,きさらぎ駅,15,実在,0.062440931286195
tr-633,きさらぎ駅,16,スレッド,0.06237597326001869
tr-633,きさらぎ駅,17,インターネット,0.05951327151018596
tr-633,きさらぎ駅,18,舞台,0.058009723118931114
tr-633,きさらぎ駅,19,生還,0.05327600012324845
tr-633,きさらぎ駅,20,実況,0.052306038433481944
tr-634,フランツ・フォン・パーペン,1,パーペン,0.3748333948680752
tr-634,フランツ・フォン・パーペン,2,議席,0.26353897498970597
tr-634,フランツ・フォン・パーペン,3,ーゼ,0.1703788158491251
tr-634,フランツ・フォン・パーペン,4,フ・ヘルマン・ミヒャエル・マリア・フォン・パーペン,0.1703788158491251
tr-634,フランツ・フォン・パーペン,5,シュライヒャー,0.13630305267930007
tr-634,フランツ・フォン・パーペン,6,改選,0.13630305267930007
tr-634,フランツ・フォン・パーペン,7,フランツ,0.1257103277815359
tr-634,フランツ・フォン・パーペン,8,大統領,0.09983619558147798
tr-634,フランツ・フォン・パーペン,9,首相,0.09955475441100266
tr-634,フランツ・フォン・パーペン,10,ヒンデンブルク,0.0913190665109732
tr-634,フランツ・フォン・パーペン,11,内閣,0.083696925621006
tr-634,フランツ・フォン・パーペン,12,ドイツ,0.07563847932977616
tr-634,フランツ・フォン・パーペン,13,ヒトラー,0.0721590913629482
tr-634,フランツ・フォン・パーペン,14,クルト・フォン・シュライヒャー,0.06815152633965003
tr-634,フランツ・フォン・パーペン,15,推薦,0.06489997741508041
tr-634,フランツ・フォン・パーペン,16,除名,0.06087937767398213
tr-634,フランツ・フォン・パーペン,17,馬術,0.05943238119149043
tr-634,フランツ・フォン・パーペン,18,瓦解,0.054621779575853006
tr-634,フランツ・フォン・パーペン,19,得票,0.054621779575853006
tr-634,フランツ・フォン・パーペン,20,パー,0.05393121309180833
tr-635,HY戦争,1,ホンダ,0.35598663808961795
tr-635,HY戦争,2,ヤマハ発動機,0.24311282601242198
tr-635,HY戦争,3,オートバイ,0.13629185090222476
tr-635,HY戦争,4,販売,0.09724463276524985
tr-635,HY戦争,5,小池,0.0853173078424057
tr-635,HY戦争,6,社長,0.07488105894003703
tr-635,HY戦争,7,ヤマハ,0.06618100878210507
tr-635,HY戦争,8,河島,0.06618100878210507
tr-635,HY戦争,9,バイク,0.06618100878210507
tr-635,HY戦争,10,市場,0.056248921337283854
tr-635,HY戦争,11,製造,0.0547165404435614
tr-635,HY戦争,12,スクーター,0.05209560557409043
tr-635,HY戦争,13,台数,0.04963575658657881
tr-635,HY戦争,14,在庫,0.04809639023961067
tr-635,HY戦争,15,開発,0.047380721031405684
tr-635,HY戦争,16,ファミリー,0.04522656642084712
tr-635,HY戦争,17,二輪車,0.04136313048881567
tr-635,HY戦争,18,楽器,0.03653473990698303
tr-635,HY戦争,19,国内,0.03646628864219305
tr-635,HY戦争,20,プジョー,0.03473040371606029
tr-636,リュウグウノツカイ,1,リュウグウノツカイ,0.37451492979172174
tr-636,リュウグウノツカイ,2,人魚,0.12743967617893676
tr-636,リュウグウノツカイ,3,孵化,0.08275616410891702
tr-636,リュウグウノツカイ,4,外洋,0.08109222152169555
tr-636,リュウグウノツカイ,5,個体,0.08026643480234825
tr-636,リュウグウノツカイ,6,深海魚,0.0716897344572126
tr-636,リュウグウノツカイ,7,魚類,0.07098717209843912
tr-636,リュウグウノツカイ,8,目撃,0.06998975518038883
tr-636,リュウグウノツカイ,9,背びれ,0.06998579467409154
tr-636,リュウグウノツカイ,10,伝説,0.06462174376490654
tr-636,リュウグウノツカイ,11,漂着,0.06432097407997643
tr-636,リュウグウノツカイ,12,人工,0.0642131478418786
tr-636,リュウグウノツカイ,13,外見,0.05742752601333364
tr-636,リュウグウノツカイ,14,尾端,0.0509758704715747
tr-636,リュウグウノツカイ,15,授精,0.0509758704715747
tr-636,リュウグウノツカイ,16,竜宮,0.04918345880520847
tr-636,リュウグウノツカイ,17,軟条,0.047793156304808404
tr-636,リュウグウノツカイ,18,前兆,0.04665719644939436
tr-636,リュウグウノツカイ,19,壱岐,0.04665719644939436
tr-636,リュウグウノツカイ,20,刺身,0.04569675607663885
tr-637,飛騨市図書館,1,飛騨,0.3578644336196763
tr-637,飛騨市図書館,2,図書館,0.3509995619985664
tr-637,飛騨市図書館,3,古川,0.18533989023570294
tr-637,飛騨市図書館,4,平成,0.11198255927408049
tr-637,飛騨市図書館,5,図書,0.08186212732888136
tr-637,飛騨市図書館,6,神岡,0.08043738556352645
tr-637,飛騨市図書館,7,企画,0.06290000899861153
tr-637,飛騨市図書館,8,貸出,0.056367432501138
tr-637,飛騨市図書館,9,開催,0.05211234880227484
tr-637,飛騨市図書館,10,蔵書,0.049622104328888784
tr-637,飛騨市図書館,11,公民館,0.04755551619929401
tr-637,飛騨市図書館,12,昭和,0.04721008089446792
tr-637,飛騨市図書館,13,ライブ,0.037985789340746944
tr-637,飛騨市図書館,14,絵本,0.036239087818051914
tr-637,飛騨市図書館,15,館内,0.035146302860400574
tr-637,飛騨市図書館,16,市役所,0.0340211724833974
tr-637,飛騨市図書館,17,移転,0.03338895487357346
tr-637,飛騨市図書館,18,宮川,0.031197815865348866
tr-637,飛騨市図書館,19,早船,0.031197815865348866
tr-637,飛騨市図書館,20,建物,0.030500443361586856
tr-638,エアバスA330,1,エンジン,0.18854841304142322
tr-638,エアバスA330,2,航空,0.14042428882570168
tr-638,エアバスA330,3,エアバス,0.13389480180928612
tr-638,エアバスA330,4,双発,0.11660335851740328
tr-638,エアバスA330,5,開発,0.11336983814530699
tr-638,エアバスA330,6,機体,0.09350123202512112
tr-638,エアバスA330,7,装備,0.08595154485120036
tr-638,エアバスA330,8,飛行,0.07792572329895053
tr-638,エアバスA330,9,胴体,0.06354655465188665
tr-638,エアバスA330,10,就航,0.05946527693638742
tr-638,エアバスA330,11,貨物,0.05861909724850394
tr-638,エアバスA330,12,主翼,0.05574966087404875
tr-638,エアバスA330,13,長距離,0.05540217520515906
tr-638,エアバスA330,14,仕様,0.05342223594732101
tr-638,エアバスA330,15,路線,0.053056059132529566
tr-638,エアバスA330,16,尾翼,0.04723294918874566
tr-638,エアバスA330,17,会社,0.04719776048503477
tr-638,エアバスA330,18,操縦,0.043435180403357816
tr-638,エアバスA330,19,両機,0.04330291218423568
tr-638,エアバスA330,20,トレント,0.03958851876139229
tr-639,ニュルンベルク,1,ニュルンベルク,0.45480574190021045
tr-639,ニュルンベルク,2,バイエルン,0.1048316124469122
tr-639,ニュルンベルク,3,都市,0.09148978884793066
tr-639,ニュルンベルク,4,ナチス,0.08108065142452525
tr-639,ニュルンベルク,5,フュルト,0.06761490014799926
tr-639,ニュルンベルク,6,ペグニッツ,0.053685217917898556
tr-639,ニュルンベルク,7,ホーエンツォレルン,0.04913700807170469
tr-639,ニュルンベルク,8,ドイツ,0.045025740451425815
tr-639,ニュルンベルク,9,帝国,0.042623450648582945
tr-639,ニュルンベルク,10,地域,0.04042094108116997
tr-639,ニュルンベルク,11,フラン,0.03795099696777802
tr-639,ニュルンベルク,12,市域,0.03775511138280635
tr-639,ニュルンベルク,13,皇帝,0.03721545360437251
tr-639,ニュルンベルク,14,政権,0.03705140567600368
tr-639,ニュルンベルク,15,市街,0.03668871420762411
tr-639,ニュルンベルク,16,ユダヤ,0.0350945791773722
tr-639,ニュルンベルク,17,人口,0.034448541109585985
tr-639,ニュルンベルク,18,大会,0.03413846493077513
tr-639,ニュルンベルク,19,辺境,0.03354261281606134
tr-639,ニュルンベルク,20,開催,0.03311075341828365
tr-640,北部諸島_(イギリス),1,諸島,0.38899405342821247
tr-640,北部諸島_(イギリス),2,オークニー,0.22973772058996372
tr-640,北部諸島_(イギリス),3,シェトランド,0.16303967267674843
tr-640,北部諸島_(イギリス),4,スコットランド,0.11648666760920653
tr-640,北部諸島_(イギリス),5,北部,0.06246994492434564
tr-640,北部諸島_(イギリス),6,空港,0.061920875661953693
tr-640,北部諸島_(イギリス),7,本土,0.04999129876505695
tr-640,北部諸島_(イギリス),8,石油,0.04108204048341758
tr-640,北部諸島_(イギリス),9,基地,0.04088879231615554
tr-640,北部諸島_(イギリス),10,フェリー,0.03913477150910877
tr-640,北部諸島_(イギリス),11,ピクト,0.035751563126068656
tr-640,北部諸島_(イギリス),12,世紀,0.034745910145551416
tr-640,北部諸島_(イギリス),13,ノルウェー,0.03252392735517131
tr-640,北部諸島_(イギリス),14,カークウォール,0.03111265332897067
tr-640,北部諸島_(イギリス),15,スカパ・フロー,0.03111265332897067
tr-640,北部諸島_(イギリス),16,海域,0.030387826332836487
tr-640,北部諸島_(イギリス),17,ラーウィック,0.029643576850317897
tr-640,北部諸島_(イギリス),18,エネルギー,0.029067466666475673
tr-640,北部諸島_(イギリス),19,遺跡,0.028858410792411568
tr-640,北部諸島_(イギリス),20,産業,0.028756477895786413
tr-641,温泉藻,1,温泉,0.5251952416195904
tr-641,温泉藻,2,イデユコゴメ,0.20300454654363842
tr-641,温泉藻,3,細胞,0.15120458525323252
tr-641,温泉藻,4,生育,0.1474291665575127
tr-641,温泉藻,5,生物,0.12346108763174593
tr-641,温泉藻,6,藻類,0.11389222124326798
tr-641,温泉藻,7,生息,0.10616553315335019
tr-641,温泉藻,8,シアニディオシゾン,0.10150227327181921
tr-641,温泉藻,9,ガルディエリア,0.08120181861745537
tr-641,温泉藻,10,球形,0.06598254757788939
tr-641,温泉藻,11,高温,0.054136089246963934
tr-641,温泉藻,12,ゲノム,0.05106948906153201
tr-641,温泉藻,13,繁殖,0.049861998242301454
tr-641,温泉藻,14,温度,0.04969161048341088
tr-641,温泉藻,15,耐熱,0.04948691068341705
tr-641,温泉藻,16,直径,0.049039195623014176
tr-641,温泉藻,17,岩盤,0.04819384999693511
tr-641,温泉藻,18,形成,0.04654734334977587
tr-641,温泉藻,19,湿潤,0.043895014510620806
tr-641,温泉藻,20,緑色,0.04271023376832885
tr-642,アトランタ,1,アトランタ,0.5119847353430723
tr-642,アトランタ,2,ジョージア,0.131177718774795
tr-642,アトランタ,3,大学,0.11798971514396026
tr-642,アトランタ,4,都市,0.06692754150383307
tr-642,アトランタ,5,市長,0.053246262462259816
tr-642,アトランタ,6,設立,0.04900054470057467
tr-642,アトランタ,7,ターナー,0.04500964706312724
tr-642,アトランタ,8,ミッドタウン,0.03870965733491768
tr-642,アトランタ,9,コカ・コーラ,0.03688186571309274
tr-642,アトランタ,10,犯罪,0.03553985676555598
tr-642,アトランタ,11,州立,0.03305150306582495
tr-642,アトランタ,12,エモリー,0.03225804777909807
tr-642,アトランタ,13,南部,0.032078168334031515
tr-642,アトランタ,14,全米,0.031281927065563125
tr-642,アトランタ,15,南北戦争,0.02993771075765856
tr-642,アトランタ,16,工科,0.02993771075765856
tr-642,アトランタ,17,アメリカ合衆国,0.02924095565423839
tr-642,アトランタ,18,州都,0.02790021207812562
tr-642,アトランタ,19,ダウン,0.02790021207812562
tr-642,アトランタ,20,歴史,0.027606592284446677
tr-643,サウスウエスト航空,1,航空,0.48228020060950555
tr-643,サウスウエスト航空,2,ウエスト,0.3412902597092373
tr-643,サウスウエスト航空,3,サウス,0.3335481627851776
tr-643,サウスウエスト航空,4,テキサス,0.17283016891803535
tr-643,サウスウエスト航空,5,空港,0.11751082771362692
tr-643,サウスウエスト航空,6,路線,0.10893054982987788
tr-643,サウスウエスト航空,7,会社,0.10872719199499362
tr-643,サウスウエスト航空,8,運航,0.09124201324392453
tr-643,サウスウエスト航空,9,ライバル,0.07067060786398156
tr-643,サウスウエスト航空,10,ブラニフ,0.06931285279745575
tr-643,サウスウエスト航空,11,ホビー,0.06931285279745575
tr-643,サウスウエスト航空,12,運賃,0.0688378461614169
tr-643,サウスウエスト航空,13,ケレハー,0.061611424708849546
tr-643,サウスウエスト航空,14,ヒューストン,0.052622990854174254
tr-643,サウスウエスト航空,15,ダラス,0.049558399970988085
tr-643,サウスウエスト航空,16,サンアントニオ,0.0440266935104273
tr-643,サウスウエスト航空,17,裁判所,0.042424707941663684
tr-643,サウスウエスト航空,18,開設,0.0413383029093862
tr-643,サウスウエスト航空,19,発着,0.039467243140630694
tr-643,サウスウエスト航空,20,リオグランデバレー,0.03850714044303097
tr-644,鉄道車両,1,機関,0.29414817558488005
tr-644,鉄道車両,2,動力,0.24456108926619663
tr-644,鉄道車両,3,車両,0.23457198454903694
tr-644,鉄道車両,4,走行,0.154981620328458
tr-644,鉄道車両,5,方式,0.14256505035894634
tr-644,鉄道車両,6,電車,0.11946060474811417
tr-644,鉄道車両,7,搭載,0.11886218826276228
tr-644,鉄道車両,8,蒸気,0.11306058915011225
tr-644,鉄道車両,9,鉄道,0.1103279508606051
tr-644,鉄道車両,10,気動車,0.10157649994053623
tr-644,鉄道車両,11,内燃,0.0894763238893946
tr-644,鉄道車両,12,旅客,0.08645650173078963
tr-644,鉄道車両,13,貨車,0.08463161211971985
tr-644,鉄道車両,14,電気,0.07558731629477396
tr-644,鉄道車両,15,列車,0.07401033769201797
tr-644,鉄道車両,16,分類,0.07201630942608052
tr-644,鉄道車両,17,電力,0.06566971346570648
tr-644,鉄道車両,18,集中,0.06516124918780297
tr-644,鉄道車両,19,分散,0.06413055437378078
tr-644,鉄道車両,20,運転,0.05468697001188194
tr-645,レンブラント・ファン・レイン,1,レンブラント,0.5079142976956244
tr-645,レンブラント・ファン・レイン,2,絵画,0.10158160598928871
tr-645,レンブラント・ファン・レイン,3,画家,0.09889221215131812
tr-645,レンブラント・ファン・レイン,4,サスキア,0.08960444158743554
tr-645,レンブラント・ファン・レイン,5,弟子,0.07965066348335911
tr-645,レンブラント・ファン・レイン,6,美術,0.059938634275937056
tr-645,レンブラント・ファン・レイン,7,オランダ,0.05779735659724897
tr-645,レンブラント・ファン・レイン,8,夜警,0.05691566755261036
tr-645,レンブラント・ファン・レイン,9,ライデン,0.054914400961641456
tr-645,レンブラント・ファン・レイン,10,肖像,0.04978166467709944
tr-645,レンブラント・ファン・レイン,11,息子,0.045886305148898916
tr-645,レンブラント・ファン・レイン,12,スヴァーネンブルフ,0.04480222079371777
tr-645,レンブラント・ファン・レイン,13,アイレンブルフ,0.04480222079371777
tr-645,レンブラント・ファン・レイン,14,製作,0.04270253605990286
tr-645,レンブラント・ファン・レイン,15,解剖,0.040897684296999616
tr-645,レンブラント・ファン・レイン,16,フェンス,0.03826606617548106
tr-645,レンブラント・ファン・レイン,17,エッチング,0.03695486046271112
tr-645,レンブラント・ファン・レイン,18,製粉,0.03695486046271112
tr-645,レンブラント・ファン・レイン,19,組合,0.036432613784496
tr-645,レンブラント・ファン・レイン,20,デッサン,0.03545391051948444
tr-646,バビロニア,1,バビロニア,0.34587023485824386
tr-646,バビロニア,2,シュメール,0.1607653027199169
tr-646,バビロニア,3,アッカド,0.15362468083393335
tr-646,バビロニア,4,バビロン,0.1401352895954913
tr-646,バビロニア,5,王朝,0.11923534998062264
tr-646,バビロニア,6,都市,0.09276808929091572
tr-646,バビロニア,7,メソポタミア,0.09155388569777044
tr-646,バビロニア,8,在位,0.07435831504934219
tr-646,バビロニア,9,時代,0.06989647474103687
tr-646,バビロニア,10,ティグリス,0.06889941545139296
tr-646,バビロニア,11,地域,0.06660177018464233
tr-646,バビロニア,12,砂漠,0.06485685527242924
tr-646,バビロニア,13,ユーフラテス,0.06361989450915836
tr-646,バビロニア,14,国家,0.061438469562605104
tr-646,バビロニア,15,灌漑,0.052805767524194865
tr-646,バビロニア,16,シリア,0.05168154767730259
tr-646,バビロニア,17,バグダード,0.04311855064476655
tr-646,バビロニア,18,シート,0.04121164207519449
tr-646,バビロニア,19,ウルク,0.03856478586285586
tr-646,バビロニア,20,南部,0.03834973837059516
tr-647,指宿市立図書館,1,図書館,0.44658849195000655
tr-647,指宿市立図書館,2,指宿,0.38104239206190704
tr-647,指宿市立図書館,3,読書,0.09916789700579025
tr-647,指宿市立図書館,4,昭和,0.09066230019459734
tr-647,指宿市立図書館,5,図書,0.08049056503151403
tr-647,指宿市立図書館,6,指定,0.07487217058121536
tr-647,指宿市立図書館,7,山川,0.06960349519721981
tr-647,指宿市立図書館,8,管理,0.06778364658284095
tr-647,指宿市立図書館,9,鹿児島,0.06680984731306935
tr-647,指宿市立図書館,10,蔵書,0.06098838598828862
tr-647,指宿市立図書館,11,グループ,0.05751403373211653
tr-647,指宿市立図書館,12,平成,0.05558252891371995
tr-647,指宿市立図書館,13,町立,0.0536220181810888
tr-647,指宿市立図書館,14,和泉,0.052643093357664636
tr-647,指宿市立図書館,15,県立,0.05208489561836331
tr-647,指宿市立図書館,16,久保田,0.05032635366855376
tr-647,指宿市立図書館,17,活動,0.04915872501969929
tr-647,指宿市立図書館,18,貸出,0.04676317488956449
tr-647,指宿市立図書館,19,市立,0.046334853375425124
tr-647,指宿市立図書館,20,村立,0.04292054555758579
tr-648,梶井基次郎,1,基次郎,0.3594240855562244
tr-648,梶井基次郎,2,大阪,0.08629204172517363
tr-648,梶井基次郎,3,梶井,0.08512675710542157
tr-648,梶井基次郎,4,順三,0.0694909204989264
tr-648,梶井基次郎,5,安田,0.060600416428779835
tr-648,梶井基次郎,6,宗太郎,0.05956364614193692
tr-648,梶井基次郎,7,漱石,0.05320787227922601
tr-648,梶井基次郎,8,一家,0.047080552668942656
tr-648,梶井基次郎,9,番地,0.04011837182351008
tr-648,梶井基次郎,10,秀吉,0.03978233656969641
tr-648,梶井基次郎,11,謙一,0.039709097427957946
tr-648,梶井基次郎,12,宇治山田,0.039709097427957946
tr-648,梶井基次郎,13,小学校,0.03877597908366008
tr-648,梶井基次郎,14,学校,0.037801458020491466
tr-648,梶井基次郎,15,祖母,0.03551875886373815
tr-648,梶井基次郎,16,レモン,0.034628809387874195
tr-648,梶井基次郎,17,異母弟,0.033915973874222134
tr-648,梶井基次郎,18,高等,0.03347439678452492
tr-648,梶井基次郎,19,同月,0.03017223403936087
tr-648,梶井基次郎,20,社宅,0.02978182307096846
tr-649,死の勝利(ブリューゲル),1,ブリューゲル,0.3180404562517002
tr-649,死の勝利(ブリューゲル),2,舞踏,0.24102410285615067
tr-649,死の勝利(ブリューゲル),3,作例,0.21927625383988775
tr-649,死の勝利(ブリューゲル),4,様式,0.18283089175933948
tr-649,死の勝利(ブリューゲル),5,勝利,0.1660907019910781
tr-649,死の勝利(ブリューゲル),6,イタリア,0.1593891021087139
tr-649,死の勝利(ブリューゲル),7,骸骨,0.14618416922659183
tr-649,死の勝利(ブリューゲル),8,生者,0.14618416922659183
tr-649,死の勝利(ブリューゲル),9,階級,0.09141544587966974
tr-649,死の勝利(ブリューゲル),10,旅行,0.0885264783152886
tr-649,死の勝利(ブリューゲル),11,メメント・モリ,0.07951011406292505
tr-649,死の勝利(ブリューゲル),12,警句,0.07951011406292505
tr-649,死の勝利(ブリューゲル),13,ホルバイン,0.07951011406292505
tr-649,死の勝利(ブリューゲル),14,凄絶,0.07951011406292505
tr-649,死の勝利(ブリューゲル),15,ドゥオモ,0.07951011406292505
tr-649,死の勝利(ブリューゲル),16,カンポサント,0.07951011406292505
tr-649,死の勝利(ブリューゲル),17,スクラファーニ,0.07951011406292505
tr-649,死の勝利(ブリューゲル),18,クルゾーネ,0.07951011406292505
tr-649,死の勝利(ブリューゲル),19,ヒエロニムス・ボス,0.07575580750636796
tr-649,死の勝利(ブリューゲル),20,悪女,0.07575580750636796
tr-650,激おこぷんぷん丸,1,ギャル,0.19723003559071867
tr-650,激おこぷんぷん丸,2,言葉,0.17830667211824835
tr-650,激おこぷんぷん丸,3,流行,0.17264276836337142
tr-650,激おこぷんぷん丸,4,怒り,0.1130027200744123
tr-650,激おこぷんぷん丸,5,表現,0.09259896707321126
tr-650,激おこぷんぷん丸,6,投稿,0.08624997412025306
tr-650,激おこぷんぷん丸,7,ファミコン,0.07585770599643027
tr-650,激おこぷんぷん丸,8,若者,0.07356227018421292
tr-650,激おこぷんぷん丸,9,インターネット,0.06513864258049507
tr-650,激おこぷんぷん丸,10,着火,0.060686164797144206
tr-650,激おこぷんぷん丸,11,チョベリバ,0.060686164797144206
tr-650,激おこぷんぷん丸,12,調査,0.06055074104445119
tr-650,激おこぷんぷん丸,13,分析,0.05982882985876101
tr-650,激おこぷんぷん丸,14,感情,0.057562811635821116
tr-650,激おこぷんぷん丸,15,アンケート,0.04599046485594394
tr-650,激おこぷんぷん丸,16,ユーキャン,0.045514623597858156
tr-650,激おこぷんぷん丸,17,新語,0.04184069861255809
tr-650,激おこぷんぷん丸,18,響き,0.04184069861255809
tr-650,激おこぷんぷん丸,19,派生,0.04087443065646198
tr-650,激おこぷんぷん丸,20,リサーチ,0.04065795894128136
tr-651,エドヴァルド・ムンク,1,ムンク,0.6545039877131026
tr-651,エドヴァルド・ムンク,2,クリスチャニア,0.12471992699219116
tr-651,エドヴァルド・ムンク,3,作品,0.10342361144599665
tr-651,エドヴァルド・ムンク,4,フリーズ,0.08575083074810899
tr-651,エドヴァルド・ムンク,5,ノルウェー,0.0851439399054078
tr-651,エドヴァルド・ムンク,6,画家,0.06304104433149438
tr-651,エドヴァルド・ムンク,7,制作,0.06272288626080663
tr-651,エドヴァルド・ムンク,8,ベルリン,0.06195962265426555
tr-651,エドヴァルド・ムンク,9,トゥラ,0.0610870388532229
tr-651,エドヴァルド・ムンク,10,生命,0.06070224682327612
tr-651,エドヴァルド・ムンク,11,油絵,0.05456871047606935
tr-651,エドヴァルド・ムンク,12,オースゴールストラン,0.052360319017048206
tr-651,エドヴァルド・ムンク,13,展覧,0.04995727872704635
tr-651,エドヴァルド・ムンク,14,秋季,0.04318911537816848
tr-651,エドヴァルド・ムンク,15,出品,0.0425719699527039
tr-651,エドヴァルド・ムンク,16,奨学,0.041965513576569996
tr-651,エドヴァルド・ムンク,17,ボヘミアン,0.04157330899739705
tr-651,エドヴァルド・ムンク,18,同年,0.03947084517065402
tr-651,エドヴァルド・ムンク,19,友人,0.038598699237419466
tr-651,エドヴァルド・ムンク,20,版画,0.03802266500995383
tr-652,第三次イタリア戦争,1,フランソワ,0.22544566268158636
tr-652,第三次イタリア戦争,2,カール,0.16439353738905488
tr-652,第三次イタリア戦争,3,フランス,0.1592121001315683
tr-652,第三次イタリア戦争,4,教皇,0.1048476176852713
tr-652,第三次イタリア戦争,5,シャルル,0.08783332337211872
tr-652,第三次イタリア戦争,6,皇帝,0.0869882688543922
tr-652,第三次イタリア戦争,7,同盟,0.08118905093076606
tr-652,第三次イタリア戦争,8,攻撃,0.07933299754196042
tr-652,第三次イタリア戦争,9,イングランド,0.07846374155741481
tr-652,第三次イタリア戦争,10,ブルボン,0.06451228759021978
tr-652,第三次イタリア戦争,11,スペイン,0.06437199990334846
tr-652,第三次イタリア戦争,12,ロートレック,0.06321785756168764
tr-652,第三次イタリア戦争,13,帝国,0.05977742833292062
tr-652,第三次イタリア戦争,14,神聖,0.05973171336936397
tr-652,第三次イタリア戦争,15,戦争,0.05855212288861543
tr-652,第三次イタリア戦争,16,ヘンリー,0.05677282883817787
tr-652,第三次イタリア戦争,17,傭兵,0.05002699030356699
tr-652,第三次イタリア戦争,18,侵攻,0.048584109536878715
tr-652,第三次イタリア戦争,19,イタリア,0.04752337645695397
tr-652,第三次イタリア戦争,20,戦い,0.04752337645695397
tr-653,埴輪挂甲武人,1,埴輪,0.5333746715024297
tr-653,埴輪挂甲武人,2,武人,0.33168758962247596
tr-653,埴輪挂甲武人,3,国宝,0.24327020127283833
tr-653,埴輪挂甲武人,4,挂甲,0.2211250597483173
tr-653,埴輪挂甲武人,5,武装,0.18567736031883747
tr-653,埴輪挂甲武人,6,博物館,0.1352317129821566
tr-653,埴輪挂甲武人,7,古墳,0.13191184007667706
tr-653,埴輪挂甲武人,8,指定,0.1212013230745705
tr-653,埴輪挂甲武人,9,修理,0.1205682768077158
tr-653,埴輪挂甲武人,10,出土,0.11916977265595328
tr-653,埴輪挂甲武人,11,大刀,0.11056252987415865
tr-653,埴輪挂甲武人,12,立像,0.10365948090434797
tr-653,埴輪挂甲武人,13,甲冑,0.10119567608280804
tr-653,埴輪挂甲武人,14,国立,0.10114419036907012
tr-653,埴輪挂甲武人,15,東京,0.0826263407894403
tr-653,埴輪挂甲武人,16,人物,0.07859923211115347
tr-653,埴輪挂甲武人,17,センチメートル,0.07736339780900589
tr-653,埴輪挂甲武人,18,文化財,0.07590105207062438
tr-653,埴輪挂甲武人,19,資料,0.061287937445845944
tr-653,埴輪挂甲武人,20,購入,0.059021413697564834
tr-654,黄砂,1,黄砂,0.6275585129448895
tr-654,黄砂,2,砂塵,0.30331994792336325
tr-654,黄砂,3,発生,0.2053177173520074
tr-654,黄砂,4,大気,0.09622064160147686
tr-654,黄砂,5,上空,0.08232910854773898
tr-654,黄砂,6,タクラマカン,0.07321515984357045
tr-654,黄砂,7,観測,0.06948214897499543
tr-654,黄砂,8,飛来,0.06621518002014957
tr-654,黄砂,9,気流,0.06384818539694831
tr-654,黄砂,10,粒子,0.05946100530092964
tr-654,黄砂,11,バックグラウンド,0.057690220255074
tr-654,黄砂,12,黄土,0.05360045810207456
tr-654,黄砂,13,頻度,0.04984624368342866
tr-654,黄砂,14,浮遊,0.04966138501511218
tr-654,黄砂,15,高度,0.04889217658771775
tr-654,黄砂,16,降下,0.04557162286211274
tr-654,黄砂,17,高原,0.044906786480584895
tr-654,黄砂,18,乾燥,0.04290159537289334
tr-654,黄砂,19,中国,0.04147487433383262
tr-654,黄砂,20,降水,0.04033402716440161
tr-655,テイルズオブレジェンディア,1,シャーリィ,0.19725097048827886
tr-655,テイルズオブレジェンディア,2,滄我,0.18002289976511332
tr-655,テイルズオブレジェンディア,3,キャラクター,0.11135832375219745
tr-655,テイルズオブレジェンディア,4,遺跡,0.08905572470949649
tr-655,テイルズオブレジェンディア,5,戦闘,0.08441096456022995
tr-655,テイルズオブレジェンディア,6,グリューネ,0.07200915990604533
tr-655,テイルズオブレジェンディア,7,メルネス,0.06300801491778966
tr-655,テイルズオブレジェンディア,8,マウリッツ,0.06300801491778966
tr-655,テイルズオブレジェンディア,9,シュヴァルツ,0.06300801491778966
tr-655,テイルズオブレジェンディア,10,クエスト,0.060032904061650086
tr-655,テイルズオブレジェンディア,11,ヴァーツラフ,0.060032904061650086
tr-655,テイルズオブレジェンディア,12,シリーズ,0.05648238156441534
tr-655,テイルズオブレジェンディア,13,仲間,0.051475803426507635
tr-655,テイルズオブレジェンディア,14,奥義,0.051456774909985785
tr-655,テイルズオブレジェンディア,15,ダメージ,0.04986093285846431
tr-655,テイルズオブレジェンディア,16,ダクト,0.04824403513787264
tr-655,テイルズオブレジェンディア,17,ストーリー,0.045754737349504186
tr-655,テイルズオブレジェンディア,18,システム,0.045203803109657645
tr-655,テイルズオブレジェンディア,19,ダンジョン,0.04500572494127833
tr-655,テイルズオブレジェンディア,20,ゲーム,0.04447541480232028
tr-656,陪審制,1,陪審,0.8096890441860841
tr-656,陪審制,2,評決,0.2412988678464335
tr-656,陪審制,3,審理,0.19713530324570774
tr-656,陪審制,4,裁判官,0.11436820213779864
tr-656,陪審制,5,訴訟,0.07993693937811497
tr-656,陪審制,6,刑事,0.07887069281722
tr-656,陪審制,7,被告,0.075676356797822
tr-656,陪審制,8,民事,0.07355604989269013
tr-656,陪審制,9,無罪,0.07147211475349857
tr-656,陪審制,10,有罪,0.06973728308625737
tr-656,陪審制,11,事件,0.06620314263041051
tr-656,陪審制,12,権利,0.06492081104323434
tr-656,陪審制,13,憲法,0.06327450455373754
tr-656,陪審制,14,評議,0.06301308398582416
tr-656,陪審制,15,手続,0.054894172487192146
tr-656,陪審制,16,連邦,0.05369535970358474
tr-656,陪審制,17,報道,0.05286496082748945
tr-656,陪審制,18,コモン・ロー,0.05245627561878989
tr-656,陪審制,19,法廷,0.05150274982204102
tr-656,陪審制,20,裁判所,0.05056885239533981
tr-657,豊田市中央図書館,1,図書館,0.3901192040904766
tr-657,豊田市中央図書館,2,豊田,0.3789874351899061
tr-657,豊田市中央図書館,3,挙母,0.1782016564211861
tr-657,豊田市中央図書館,4,昭和,0.11775986239543132
tr-657,豊田市中央図書館,5,開館,0.11268673198746129
tr-657,豊田市中央図書館,6,市立,0.09574667755866058
tr-657,豊田市中央図書館,7,蔵書,0.09001917413057385
tr-657,豊田市中央図書館,8,年度,0.08987430120229996
tr-657,豊田市中央図書館,9,図書,0.08910336868274608
tr-657,豊田市中央図書館,10,平成,0.08204010104255942
tr-657,豊田市中央図書館,11,貸出,0.06902268874750245
tr-657,豊田市中央図書館,12,中央,0.06493076564879159
tr-657,豊田市中央図書館,13,資料,0.06470607144088016
tr-657,豊田市中央図書館,14,センター,0.04948773014618937
tr-657,豊田市中央図書館,15,新館,0.048906671017913295
tr-657,豊田市中央図書館,16,冊数,0.048526981024376865
tr-657,豊田市中央図書館,17,ボドリアン,0.042446833777887105
tr-657,豊田市中央図書館,18,建物,0.04149800919105657
tr-657,豊田市中央図書館,19,愛知,0.03676602844819472
tr-657,豊田市中央図書館,20,業務,0.03321242811930077
tr-658,昭和28年西日本水害,1,筑後川,0.1287672105372652
tr-658,昭和28年西日本水害,2,水害,0.11426587020022026
tr-658,昭和28年西日本水害,3,豪雨,0.10699085905260607
tr-658,昭和28年西日本水害,4,浸水,0.10232971820525703
tr-658,昭和28年西日本水害,5,堤防,0.0970846291621592
tr-658,昭和28年西日本水害,6,被害,0.09533648535983667
tr-658,昭和28年西日本水害,7,白川,0.08457577445791392
tr-658,昭和28年西日本水害,8,熊本,0.07689279429216392
tr-658,昭和28年西日本水害,9,決壊,0.07666322033244777
tr-658,昭和28年西日本水害,10,流域,0.0749639659172291
tr-658,昭和28年西日本水害,11,大分,0.0735494849600285
tr-658,昭和28年西日本水害,12,濁流,0.07058115653010975
tr-658,昭和28年西日本水害,13,河川,0.0696908340353247
tr-658,昭和28年西日本水害,14,支流,0.06314947815802632
tr-658,昭和28年西日本水害,15,日田,0.06160284017459004
tr-658,昭和28年西日本水害,16,流失,0.060042594209878564
tr-658,昭和28年西日本水害,17,洪水,0.0595695705620109
tr-658,昭和28年西日本水害,18,市内,0.05807489461043526
tr-658,昭和28年西日本水害,19,上流,0.05493533093609051
tr-658,昭和28年西日本水害,20,佐賀,0.0543626627965428
tr-659,ジュゼッペ・ヴェルディ,1,ヴェルディ,0.4491108015413318
tr-659,ジュゼッペ・ヴェルディ,2,音楽,0.08023942432969809
tr-659,ジュゼッペ・ヴェルディ,3,スカラ座,0.06831417914714324
tr-659,ジュゼッペ・ヴェルディ,4,オペラ,0.0582547557900516
tr-659,ジュゼッペ・ヴェルディ,5,メレッリ,0.054651343317714596
tr-659,ジュゼッペ・ヴェルディ,6,リハーサル,0.05155702594994759
tr-659,ジュゼッペ・ヴェルディ,7,台本,0.05155702594994759
tr-659,ジュゼッペ・ヴェルディ,8,作曲,0.04488984359291539
tr-659,ジュゼッペ・ヴェルディ,9,イタリア,0.0445072194432447
tr-659,ジュゼッペ・ヴェルディ,10,ファル,0.043959917237590865
tr-659,ジュゼッペ・ヴェルディ,11,バレッツィ,0.04098850748828595
tr-659,ジュゼッペ・ヴェルディ,12,ジュゼッピーナ,0.04098850748828595
tr-659,ジュゼッペ・ヴェルディ,13,公演,0.04078797537637045
tr-659,ジュゼッペ・ヴェルディ,14,ミラノ,0.0391073685500506
tr-659,ジュゼッペ・ヴェルディ,15,オテロ,0.039053113177507114
tr-659,ジュゼッペ・ヴェルディ,16,作品,0.038861607126629394
tr-659,ジュゼッペ・ヴェルディ,17,ナブッコ,0.03415708957357162
tr-659,ジュゼッペ・ヴェルディ,18,ブッセート,0.03415708957357162
tr-659,ジュゼッペ・ヴェルディ,19,ボーイト,0.03415708957357162
tr-659,ジュゼッペ・ヴェルディ,20,上演,0.03353619787537039
tr-660,南オセチア紛争(2008年),1,グルジア,0.6500679310950634
tr-660,南オセチア紛争(2008年),2,オセチア,0.46223882546258416
tr-660,南オセチア紛争(2008年),3,ロシア,0.41317146197003535
tr-660,南オセチア紛争(2008年),4,アブハジア,0.14554393760671025
tr-660,南オセチア紛争(2008年),5,オセット,0.08085774311483902
tr-660,南オセチア紛争(2008年),6,領内,0.08044312558014187
tr-660,南オセチア紛争(2008年),7,戦争,0.07604226882463239
tr-660,南オセチア紛争(2008年),8,ジョージア,0.07587898465417303
tr-660,南オセチア紛争(2008年),9,独立,0.07575789317002012
tr-660,南オセチア紛争(2008年),10,軍事,0.07505439382095311
tr-660,南オセチア紛争(2008年),11,大統領,0.05685586731419763
tr-660,南オセチア紛争(2008年),12,連邦,0.05227434066890765
tr-660,南オセチア紛争(2008年),13,支配,0.04709888938982268
tr-660,南オセチア紛争(2008年),14,地域,0.04511514955575656
tr-660,南オセチア紛争(2008年),15,プーチン,0.04459856010302802
tr-660,南オセチア紛争(2008年),16,政府,0.04331640822248068
tr-660,南オセチア紛争(2008年),17,ソ連,0.04250586319871536
tr-660,南オセチア紛争(2008年),18,紛争,0.040904647063245134
tr-660,南オセチア紛争(2008年),19,主張,0.037781368552660274
tr-660,南オセチア紛争(2008年),20,国内,0.037732956127985905
tr-661,地球の秘密,1,地球,0.18575146342282967
tr-661,地球の秘密,2,坪田,0.1298048838887753
tr-661,地球の秘密,3,愛華,0.11981989282040797
tr-661,地球の秘密,4,作者,0.10374479632291823
tr-661,地球の秘密,5,子供,0.08936380894729383
tr-661,地球の秘密,6,平成,0.08931059836917161
tr-661,地球の秘密,7,漫画,0.06761050693669911
tr-661,地球の秘密,8,モンゴル,0.06477066676043931
tr-661,地球の秘密,9,増刷,0.05507403584815786
tr-661,地球の秘密,10,斐川,0.049924955341836656
tr-661,地球の秘密,11,揚子,0.049924955341836656
tr-661,地球の秘密,12,秘密,0.04194387883741315
tr-661,地球の秘密,13,白書,0.039939964273469325
tr-661,地球の秘密,14,アース,0.03805408004971042
tr-661,地球の秘密,15,粟津,0.03805408004971042
tr-661,地球の秘密,16,評価,0.03558063613021534
tr-661,地球の秘密,17,受賞,0.03462384687781074
tr-661,地球の秘密,18,委員,0.03412616528937705
tr-661,地球の秘密,19,作品,0.033134038866977904
tr-661,地球の秘密,20,島根,0.032454206541217695
tr-662,深海魚,1,深海魚,0.3926448883513358
tr-662,深海魚,2,発光,0.2174046625127565
tr-662,深海魚,3,深海,0.20932946089677792
tr-662,深海魚,4,生物,0.09157169151429335
tr-662,深海魚,5,遊泳,0.06825715888393988
tr-662,深海魚,6,浅海,0.06529076572967837
tr-662,深海魚,7,調査,0.0621478591728904
tr-662,深海魚,8,深層,0.06110777472656213
tr-662,深海魚,9,浮き袋,0.06069456387750549
tr-662,深海魚,10,魚類,0.05071264594272766
tr-662,深海魚,11,捕食,0.04583342461831472
tr-662,深海魚,12,水深,0.03841610591443412
tr-662,深海魚,13,深度,0.03739286773273894
tr-662,深海魚,14,捕獲,0.034507439742172845
tr-662,深海魚,15,以深,0.03414303376968138
tr-662,深海魚,16,ハダカイワシ,0.03185123263648333
tr-662,深海魚,17,チョウチンアンコウ,0.03185123263648333
tr-662,深海魚,18,食用,0.03035887690214757
tr-662,深海魚,19,ワックス,0.030347281938752746
tr-662,深海魚,20,脂質,0.02925306809311709
tr-663,カラハン朝,1,カラハン,0.4229020218459947
tr-663,カラハン朝,2,ウイグル,0.16428405375614952
tr-663,カラハン朝,3,カシュガル,0.15561452307537885
tr-663,カラハン朝,4,支配,0.1304724588286439
tr-663,カラハン朝,5,サトゥク,0.12732097342530996
tr-663,カラハン朝,6,ベラサグン,0.12732097342530996
tr-663,カラハン朝,7,于闐,0.12732097342530996
tr-663,カラハン朝,8,マー・ワラー・アンナフル,0.10874623418897006
tr-663,カラハン朝,9,カルルク,0.09902742377524108
tr-663,カラハン朝,10,サーマーン,0.0966633192790845
tr-663,カラハン朝,11,ナスル,0.0966633192790845
tr-663,カラハン朝,12,アリー,0.08846064433023434
tr-663,カラハン朝,13,オグウルチャク,0.08488064895020664
tr-663,カラハン朝,14,ブハラ,0.08304050363053064
tr-663,カラハン朝,15,イスラム教,0.07658694429684372
tr-663,カラハン朝,16,天山,0.07582340942591514
tr-663,カラハン朝,17,ムード,0.07249748945931336
tr-663,カラハン朝,18,王朝,0.06998283473876413
tr-663,カラハン朝,19,ガズナ,0.06502425978777561
tr-663,カラハン朝,20,サマルカンド,0.059314645450379025
tr-664,クラウス・フォン・シュタウフェンベルク,1,クラウス,0.13985492375889097
tr-664,クラウス・フォン・シュタウフェンベルク,2,フォン・シュタウフェンベルク,0.13985492375889097
tr-664,クラウス・フォン・シュタウフェンベルク,3,連隊,0.10473741896348167
tr-664,クラウス・フォン・シュタウフェンベルク,4,騎兵,0.10406950718989716
tr-664,クラウス・フォン・シュタウフェンベルク,5,参謀,0.10155890979857374
tr-664,クラウス・フォン・シュタウフェンベルク,6,ヴュルテンベルク,0.08209378779109462
tr-664,クラウス・フォン・シュタウフェンベルク,7,師団,0.07109123685900161
tr-664,クラウス・フォン・シュタウフェンベルク,8,シュトゥットガルト,0.07036610382093823
tr-664,クラウス・フォン・シュタウフェンベルク,9,シュタウフェンベルク,0.06992746187944548
tr-664,クラウス・フォン・シュタウフェンベルク,10,将校,0.06781147381802038
tr-664,クラウス・フォン・シュタウフェンベルク,11,アルフレート,0.06428294086511367
tr-664,クラウス・フォン・シュタウフェンベルク,12,伯爵,0.06374514709559186
tr-664,クラウス・フォン・シュタウフェンベルク,13,ドイツ,0.06208761169740584
tr-664,クラウス・フォン・シュタウフェンベルク,14,イェティンゲン,0.05594196950355639
tr-664,クラウス・フォン・シュタウフェンベルク,15,クラウス・フォン・シュタウフェンベルク,0.05594196950355639
tr-664,クラウス・フォン・シュタウフェンベルク,16,ソ連,0.045949945762454925
tr-664,クラウス・フォン・シュタウフェンベルク,17,貴族,0.044932654126041985
tr-664,クラウス・フォン・シュタウフェンベルク,18,装甲,0.04483611873978814
tr-664,クラウス・フォン・シュタウフェンベルク,19,バイエルン,0.04003091389854528
tr-664,クラウス・フォン・シュタウフェンベルク,20,ベルトルト,0.03997537725091729
tr-665,桂正和,1,ヒーロー,0.16577370816530304
tr-665,桂正和,2,連載,0.16460046535740921
tr-665,桂正和,3,バットマン,0.16073923793099684
tr-665,桂正和,4,作品,0.15995101558013472
tr-665,桂正和,5,鳥山,0.13496412288873721
tr-665,桂正和,6,ウイング,0.12024908180794916
tr-665,桂正和,7,漫画,0.10852216928739328
tr-665,桂正和,8,特撮,0.10549235974155648
tr-665,桂正和,9,恋愛,0.08180008825985172
tr-665,桂正和,10,鳥嶋,0.06748206144436861
tr-665,桂正和,11,戦隊,0.06366127860420837
tr-665,桂正和,12,少女,0.05550899067053781
tr-665,桂正和,13,ジャンプ,0.054085219855068596
tr-665,桂正和,14,週刊,0.053587694568161925
tr-665,桂正和,15,平成,0.05325814025019364
tr-665,桂正和,16,映画,0.051535540197670926
tr-665,桂正和,17,デンジマン,0.050611546083276455
tr-665,桂正和,18,変身,0.04951432780327318
tr-665,桂正和,19,編集,0.04630127120205471
tr-665,桂正和,20,グッズ,0.04244085240280558
tr-666,エストニアとロシアの領有権問題,1,エストニア,0.3884224266514303
tr-666,エストニアとロシアの領有権問題,2,ソ連,0.24609703038882397
tr-666,エストニアとロシアの領有権問題,3,ロシア,0.22782351641338397
tr-666,エストニアとロシアの領有権問題,4,条約,0.18774464736071092
tr-666,エストニアとロシアの領有権問題,5,バルト,0.17945913913211248
tr-666,エストニアとロシアの領有権問題,6,国境,0.1453989234710397
tr-666,エストニアとロシアの領有権問題,7,ソビエト,0.14414285203462604
tr-666,エストニアとロシアの領有権問題,8,タルトゥ,0.12743967617893676
tr-666,エストニアとロシアの領有権問題,9,独立,0.10025530535397055
tr-666,エストニアとロシアの領有権問題,10,イヴァンゴロド,0.08025319924108322
tr-666,エストニアとロシアの領有権問題,11,ペチョールィ,0.08025319924108322
tr-666,エストニアとロシアの領有権問題,12,領有,0.07831161652089544
tr-666,エストニアとロシアの領有権問題,13,自国,0.07712395072894122
tr-666,エストニアとロシアの領有権問題,14,締結,0.07669050892003518
tr-666,エストニアとロシアの領有権問題,15,プスコフ,0.07646380570736205
tr-666,エストニアとロシアの領有権問題,16,レニングラード,0.0737751882078127
tr-666,エストニアとロシアの領有権問題,17,加盟,0.07325909180926722
tr-666,エストニアとロシアの領有権問題,18,周辺,0.07281765301993945
tr-666,エストニアとロシアの領有権問題,19,連邦,0.07206042288470914
tr-666,エストニアとロシアの領有権問題,20,回復,0.07133581204927467
tr-667,華僑虐殺事件(バタヴィア),1,中国人,0.398314502924463
tr-667,華僑虐殺事件(バタヴィア),2,バタヴィア,0.2551578226500512
tr-667,華僑虐殺事件(バタヴィア),3,オランダ,0.2397797982930603
tr-667,華僑虐殺事件(バタヴィア),4,華僑,0.2313995574739967
tr-667,華僑虐殺事件(バタヴィア),5,砂糖,0.13857149025849838
tr-667,華僑虐殺事件(バタヴィア),6,総督,0.09911996550666827
tr-667,華僑虐殺事件(バタヴィア),7,ファルケニール,0.08673830625046369
tr-667,華僑虐殺事件(バタヴィア),8,インド,0.08593386559555106
tr-667,華僑虐殺事件(バタヴィア),9,工場,0.0767295354537793
tr-667,華僑虐殺事件(バタヴィア),10,暴動,0.07253821373759418
tr-667,華僑虐殺事件(バタヴィア),11,追放,0.06413642973080698
tr-667,華僑虐殺事件(バタヴィア),12,労働,0.06353380665861945
tr-667,華僑虐殺事件(バタヴィア),13,先住民,0.06122589570189545
tr-667,華僑虐殺事件(バタヴィア),14,殺害,0.05967915966868192
tr-667,華僑虐殺事件(バタヴィア),15,インドネシア,0.059053053483542464
tr-667,華僑虐殺事件(バタヴィア),16,ジャワ島,0.05638508611201458
tr-667,華僑虐殺事件(バタヴィア),17,ジャワ,0.05561490284086852
tr-667,華僑虐殺事件(バタヴィア),18,中国,0.05159223004254029
tr-667,華僑虐殺事件(バタヴィア),19,城壁,0.05001371350301038
tr-667,華僑虐殺事件(バタヴィア),20,虐殺,0.04724244278683397
tr-668,女神湖,1,河太郎,0.3504935640324859
tr-668,女神湖,2,女神湖,0.29207797002707164
tr-668,女神湖,3,赤沼,0.29207797002707164
tr-668,女神湖,4,湖面,0.21480122825131862
tr-668,女神湖,5,立科,0.17524678201624294
tr-668,女神湖,6,河童,0.16697198389158652
tr-668,女神湖,7,蓼科山,0.11683118801082865
tr-668,女神湖,8,温水,0.10740061412565931
tr-668,女神湖,9,悪事,0.10740061412565931
tr-668,女神湖,10,開発,0.10625744467133837
tr-668,女神湖,11,引き,0.09493407355594291
tr-668,女神湖,12,建設,0.07858967082451855
tr-668,女神湖,13,別名,0.07713362703009013
tr-668,女神湖,14,キロメートル,0.06664235190043495
tr-668,女神湖,15,観光,0.06614148151781295
tr-668,女神湖,16,農業,0.06360638521588786
tr-668,女神湖,17,安全,0.06347100656482435
tr-668,女神湖,18,メートル,0.05972639960726661
tr-668,女神湖,19,北佐久,0.05841559400541432
tr-668,女神湖,20,女神山,0.05841559400541432
tr-669,ワラキア蜂起,1,ワラキア,0.44182706929521304
tr-669,ワラキア蜂起,2,オスマン,0.39123164687310036
tr-669,ワラキア蜂起,3,帝国,0.30979032052720074
tr-669,ワラキア蜂起,4,モルダヴィア,0.22191813641627195
tr-669,ワラキア蜂起,5,ロシア,0.19274075353195547
tr-669,ワラキア蜂起,6,セルビア,0.14516883992126514
tr-669,ワラキア蜂起,7,オーストリア,0.13841250887013576
tr-669,ワラキア蜂起,8,公国,0.13218560033507376
tr-669,ワラキア蜂起,9,ファナリオティス,0.09857382181551494
tr-669,ワラキア蜂起,10,ボイエール,0.08621578633329222
tr-669,ワラキア蜂起,11,オルテニア,0.08621578633329222
tr-669,ワラキア蜂起,12,ギリシャ,0.0833075491909036
tr-669,ワラキア蜂起,13,蜂起,0.08007438539417305
tr-669,ワラキア蜂起,14,自治,0.07662888899611904
tr-669,ワラキア蜂起,15,ルーマニア,0.06533785920799265
tr-669,ワラキア蜂起,16,戦争,0.05896815589029542
tr-669,ワラキア蜂起,17,条約,0.05585359759294552
tr-669,ワラキア蜂起,18,ナポレオン,0.055412042004641435
tr-669,ワラキア蜂起,19,発生,0.05041275406400011
tr-669,ワラキア蜂起,20,改革,0.046544664660787924
tr-670,トラジャ族,1,トンコナン,0.10114360799524034
tr-670,トラジャ族,2,スラウェシ,0.09938612185646555
tr-670,トラジャ族,3,階級,0.09303055976446954
tr-670,トラジャ族,4,オランダ,0.0894726031793186
tr-670,トラジャ族,5,アルク,0.08091488639619226
tr-670,トラジャ族,6,儀式,0.07493645620351364
tr-670,トラジャ族,7,民族,0.07302937562651002
tr-670,トラジャ族,8,アニミズム,0.07080052559666825
tr-670,トラジャ族,9,インドネシア,0.06886045105854775
tr-670,トラジャ族,10,大地,0.058758229084875636
tr-670,トラジャ族,11,奴隷,0.05850571784801011
tr-670,トラジャ族,12,ブギス,0.05782068700132678
tr-670,トラジャ族,13,高地,0.05674575228583621
tr-670,トラジャ族,14,一般人,0.051832716256540894
tr-670,トラジャ族,15,マカッサル,0.05057180399762017
tr-670,トラジャ族,16,親族,0.041316270635128646
tr-670,トラジャ族,17,貴族,0.03791137562499577
tr-670,トラジャ族,18,水牛,0.03719173210005163
tr-670,トラジャ族,19,政府,0.036122517104259504
tr-670,トラジャ族,20,コーヒー,0.035243831762965375
tr-671,小林ハル,1,瞽女,0.32816913320239127
tr-671,小林ハル,2,弟子,0.18232138337154255
tr-671,小林ハル,3,母親,0.1772867825986534
tr-671,小林ハル,4,三味線,0.17100513091863773
tr-671,小林ハル,5,お前,0.13150976229090725
tr-671,小林ハル,6,稽古,0.11278686181559922
tr-671,小林ハル,7,巡業,0.1111091465981179
tr-671,小林ハル,8,家族,0.10091256419664457
tr-671,小林ハル,9,大叔父,0.09343094713758646
tr-671,小林ハル,10,鍼医,0.08204228330059782
tr-671,小林ハル,11,発声,0.06767211708935952
tr-671,小林ハル,12,修行,0.06104969179738553
tr-671,小林ハル,13,寝間,0.054694855533731886
tr-671,小林ハル,14,大叔母,0.054694855533731886
tr-671,小林ハル,15,縁切り,0.054694855533731886
tr-671,小林ハル,16,寒稽古,0.054694855533731886
tr-671,小林ハル,17,年季,0.05211227522731045
tr-671,小林ハル,18,下手,0.050279905339082547
tr-671,小林ハル,19,樋口,0.0488586088338965
tr-671,小林ハル,20,入り,0.04878202767000203
tr-672,レオナルド・ダ・ヴィンチ,1,レオナルド,0.8126812663517063
tr-672,レオナルド・ダ・ヴィンチ,2,ヴェロッキオ,0.1006861745922468
tr-672,レオナルド・ダ・ヴィンチ,3,ミラノ,0.09263435100643266
tr-672,レオナルド・ダ・ヴィンチ,4,フィレンツェ,0.09179182968182058
tr-672,レオナルド・ダ・ヴィンチ,5,絵画,0.07560226880960082
tr-672,レオナルド・ダ・ヴィンチ,6,制作,0.07554871031645669
tr-672,レオナルド・ダ・ヴィンチ,7,作品,0.07159616438593217
tr-672,レオナルド・ダ・ヴィンチ,8,ピエロ,0.05950209903192934
tr-672,レオナルド・ダ・ヴィンチ,9,ヴィンチ,0.057534956909855314
tr-672,レオナルド・ダ・ヴィンチ,10,騎馬,0.054818272768427066
tr-672,レオナルド・ダ・ヴィンチ,11,ヴァザーリ,0.0503430872961234
tr-672,レオナルド・ダ・ヴィンチ,12,彫刻,0.049832012875148705
tr-672,レオナルド・ダ・ヴィンチ,13,弟子,0.04794716447124318
tr-672,レオナルド・ダ・ヴィンチ,14,芸術,0.04678659986001587
tr-672,レオナルド・ダ・ヴィンチ,15,工房,0.04499356878991164
tr-672,レオナルド・ダ・ヴィンチ,16,画家,0.0432945195576427
tr-672,レオナルド・ダ・ヴィンチ,17,父親,0.0415640819582876
tr-672,レオナルド・ダ・ヴィンチ,18,分野,0.039672903828189665
tr-672,レオナルド・ダ・ヴィンチ,19,キリスト,0.029499338191914096
tr-672,レオナルド・ダ・ヴィンチ,20,ルネサンス,0.02906397958738377
tr-673,佐野文子,1,佐野,0.3743883637868533
tr-673,佐野文子,2,旭川,0.22847648409609908
tr-673,佐野文子,3,婦人,0.15022699361246256
tr-673,佐野文子,4,矯風,0.12423295113842554
tr-673,佐野文子,5,女性,0.08322273015360948
tr-673,佐野文子,6,北海道,0.0738432180149424
tr-673,佐野文子,7,支部,0.07331041010595846
tr-673,佐野文子,8,活動,0.06825971551677876
tr-673,佐野文子,9,国防,0.06712795060734852
tr-673,佐野文子,10,運動,0.062147453046866946
tr-673,佐野文子,11,東條,0.0568539698599724
tr-673,佐野文子,12,会員,0.05387348639149738
tr-673,佐野文子,13,娼妓,0.05324269334503952
tr-673,佐野文子,14,文子,0.051370575736893444
tr-673,佐野文子,15,相談,0.05095246030291201
tr-673,佐野文子,16,団体,0.0508147467377577
tr-673,佐野文子,17,更生,0.04772882440542648
tr-673,佐野文子,18,保護司,0.04656774576353528
tr-673,佐野文子,19,愛児,0.04656774576353528
tr-673,佐野文子,20,養女,0.04370036968694781
tr-674,コーヒー,1,コーヒー,0.5472255631904087
tr-674,コーヒー,2,抽出,0.18418837121341908
tr-674,コーヒー,3,アラビカ,0.08632431992519303
tr-674,コーヒー,4,ドリップ,0.07046851844263932
tr-674,コーヒー,5,粉砕,0.06373114044143352
tr-674,コーヒー,6,フィルタ,0.05267395097393525
tr-674,コーヒー,7,ブレンド,0.05158965545346216
tr-674,コーヒー,8,珈琲,0.050334656030456656
tr-674,コーヒー,9,メリタ,0.050334656030456656
tr-674,コーヒー,10,ペーパー,0.04627165966140656
tr-674,コーヒー,11,生産,0.04385284839340366
tr-674,コーヒー,12,ハウス,0.04292275968821504
tr-674,コーヒー,13,品種,0.04235973947011279
tr-674,コーヒー,14,嗜好,0.04151825862848553
tr-674,コーヒー,15,ロブスタ,0.040267724824365324
tr-674,コーヒー,16,カリタ,0.040267724824365324
tr-674,コーヒー,17,ドリッパー,0.040267724824365324
tr-674,コーヒー,18,香り,0.03936277926081074
tr-674,コーヒー,19,円錐,0.03936277926081074
tr-674,コーヒー,20,果実,0.03814566692330638
tr-675,2009年バラク・オバマ大統領就任式,1,オバマ,0.32811018911983203
tr-675,2009年バラク・オバマ大統領就任式,2,大統領,0.20504255327247312
tr-675,2009年バラク・オバマ大統領就任式,3,就任,0.16962170665485166
tr-675,2009年バラク・オバマ大統領就任式,4,宣誓,0.12910966183282177
tr-675,2009年バラク・オバマ大統領就任式,5,バイデン,0.10497667871388638
tr-675,2009年バラク・オバマ大統領就任式,6,ホワイトハウス,0.06575193386577498
tr-675,2009年バラク・オバマ大統領就任式,7,奉仕,0.06465233390146924
tr-675,2009年バラク・オバマ大統領就任式,8,デラウェア,0.06001193553071692
tr-675,2009年バラク・オバマ大統領就任式,9,パレード,0.059537900462222085
tr-675,2009年バラク・オバマ大統領就任式,10,ワシントン,0.05872323427379158
tr-675,2009年バラク・オバマ大統領就任式,11,昼食,0.0520771617070879
tr-675,2009年バラク・オバマ大統領就任式,12,祝賀,0.04925640690876024
tr-675,2009年バラク・オバマ大統領就任式,13,記念,0.04643129265873203
tr-675,2009年バラク・オバマ大統領就任式,14,連邦,0.04524478385524036
tr-675,2009年バラク・オバマ大統領就任式,15,演説,0.044759308085632554
tr-675,2009年バラク・オバマ大統領就任式,16,議事堂,0.043783472807786876
tr-675,2009年バラク・オバマ大統領就任式,17,バーツ,0.04199067148555455
tr-675,2009年バラク・オバマ大統領就任式,18,リンカーン,0.04108034694680693
tr-675,2009年バラク・オバマ大統領就任式,19,列車,0.03937567110460418
tr-675,2009年バラク・オバマ大統領就任式,20,式典,0.038552199963288514
tr-676,沼田鈴子,1,被爆,0.7231028936916022
tr-676,沼田鈴子,2,アオギリ,0.42330736782796713
tr-676,沼田鈴子,3,鈴子,0.2880854651650613
tr-676,沼田鈴子,4,広島,0.28663045898516104
tr-676,沼田鈴子,5,沼田,0.15212953431709889
tr-676,沼田鈴子,6,教師,0.14133970767083195
tr-676,沼田鈴子,7,切断,0.12722837242255708
tr-676,沼田鈴子,8,省内,0.11523418606602451
tr-676,沼田鈴子,9,無残,0.11523418606602451
tr-676,沼田鈴子,10,逓信,0.09976077354957227
tr-676,沼田鈴子,11,投下,0.09165705319881787
tr-676,沼田鈴子,12,原子,0.08428736103312001
tr-676,沼田鈴子,13,爆弾,0.08428736103312001
tr-676,沼田鈴子,14,体験,0.07709263393782437
tr-676,沼田鈴子,15,生徒,0.07351826040576663
tr-676,沼田鈴子,16,証言,0.07304077376244718
tr-676,沼田鈴子,17,戦時,0.07191341168253822
tr-676,沼田鈴子,18,平和,0.07066985383541598
tr-676,沼田鈴子,19,真夏,0.060472481118281025
tr-676,沼田鈴子,20,安田学園,0.060472481118281025
tr-677,元禄文化,1,近松,0.09375432250597104
tr-677,元禄文化,2,歌舞伎,0.08801586502888939
tr-677,元禄文化,3,浄瑠璃,0.07500345800477684
tr-677,元禄文化,4,俳諧,0.07032056458599006
tr-677,元禄文化,5,放下,0.06560039968522464
tr-677,元禄文化,6,心中,0.06292840361451928
tr-677,元禄文化,7,江戸,0.06272828976706922
tr-677,元禄文化,8,町人,0.057834825433256125
tr-677,元禄文化,9,西鶴,0.057207639649562984
tr-677,元禄文化,10,元禄,0.05556635912440931
tr-677,元禄文化,11,義太夫,0.05000230533651789
tr-677,元禄文化,12,祭文,0.04592027977965724
tr-677,元禄文化,13,歌祭文,0.03936023981113479
tr-677,元禄文化,14,上方,0.03872146994768165
tr-677,元禄文化,15,芸能,0.03731365992706847
tr-677,元禄文化,16,大橋,0.035514343153693
tr-677,元禄文化,17,三味線,0.03516028229299503
tr-677,元禄文化,18,芭蕉,0.033618010772958916
tr-677,元禄文化,19,作品,0.031098192104770273
tr-677,元禄文化,20,連歌,0.030152578832070127
tr-678,ロイヒ,1,ロイヒ,0.46661935619117373
tr-678,ロイヒ,2,火山,0.3123475289282631
tr-678,ロイヒ,3,地震,0.21963701879512199
tr-678,ロイヒ,4,ハワイ,0.1611898101247371
tr-678,ロイヒ,5,海山,0.15631067384670735
tr-678,ロイヒ,6,海底,0.12836199818969715
tr-678,ロイヒ,7,群発,0.10420711589780489
tr-678,ロイヒ,8,噴出,0.10353643423087804
tr-678,ロイヒ,9,火口,0.09622208950668178
tr-678,ロイヒ,10,山頂,0.09606689597301178
tr-678,ロイヒ,11,活動,0.06860888471145579
tr-678,ロイヒ,12,リフト,0.05557331690278465
tr-678,ロイヒ,13,調査,0.051730897254580195
tr-678,ロイヒ,14,記録,0.05162360069165047
tr-678,ロイヒ,15,観測,0.05088047862848207
tr-678,ロイヒ,16,ゾーン,0.04739538842057074
tr-678,ロイヒ,17,噴火,0.04671092110186818
tr-678,ロイヒ,18,サンプル,0.04420291093890159
tr-678,ロイヒ,19,研究,0.039722245768594344
tr-678,ロイヒ,20,海面,0.0350854907080635
tr-679,アマミサソリモドキ,1,サソリモドキ,0.1242505319439922
tr-679,アマミサソリモドキ,2,大島,0.11622842810416405
tr-679,アマミサソリモドキ,3,奄美,0.11576845591118992
tr-679,アマミサソリモドキ,4,腹部,0.11114080302865023
tr-679,アマミサソリモドキ,5,分布,0.10862136791548681
tr-679,アマミサソリモドキ,6,牛深,0.09663930262310505
tr-679,アマミサソリモドキ,7,サソリ,0.09207619047397778
tr-679,アマミサソリモドキ,8,タイワンサソリモドキ,0.08283368796266147
tr-679,アマミサソリモドキ,9,アマミサソリモドキ,0.06902807330221788
tr-679,アマミサソリモドキ,10,酢酸,0.06345615062890642
tr-679,アマミサソリモドキ,11,八丈島,0.05895763143328405
tr-679,アマミサソリモドキ,12,伊平屋島,0.05522245864177431
tr-679,アマミサソリモドキ,13,共食い,0.05261496598513016
tr-679,アマミサソリモドキ,14,個体,0.04970840946280475
tr-679,アマミサソリモドキ,15,発見,0.04936105194641873
tr-679,アマミサソリモドキ,16,突起,0.04905293946147833
tr-679,アマミサソリモドキ,17,佐藤,0.04872478838012579
tr-679,アマミサソリモドキ,18,移入,0.04725918101039947
tr-679,アマミサソリモドキ,19,沖縄,0.04699559722564874
tr-679,アマミサソリモドキ,20,先端,0.04418046515625071
tr-680,https://ja.wikipedia.org/wiki/%E5%9C%B0%E6%96%B9%E7%97%85_(%E6%97%A5%E6%9C%AC%E4%BD%8F%E8%A1%80%E5%90%B8%E8%99%AB%E7%97%87),1,吸虫,0.16882689722909042
tr-680,https://ja.wikipedia.org/wiki/%E5%9C%B0%E6%96%B9%E7%97%85_(%E6%97%A5%E6%9C%AC%E4%BD%8F%E8%A1%80%E5%90%B8%E8%99%AB%E7%97%87),2,寄生虫,0.12742674592053052
tr-680,https://ja.wikipedia.org/wiki/%E5%9C%B0%E6%96%B9%E7%97%85_(%E6%97%A5%E6%9C%AC%E4%BD%8F%E8%A1%80%E5%90%B8%E8%99%AB%E7%97%87),3,肝臓,0.09548471794865564
tr-680,https://ja.wikipedia.org/wiki/%E5%9C%B0%E6%96%B9%E7%97%85_(%E6%97%A5%E6%9C%AC%E4%BD%8F%E8%A1%80%E5%90%B8%E8%99%AB%E7%97%87),4,山梨,0.08716234382819932
tr-680,https://ja.wikipedia.org/wiki/%E5%9C%B0%E6%96%B9%E7%97%85_(%E6%97%A5%E6%9C%AC%E4%BD%8F%E8%A1%80%E5%90%B8%E8%99%AB%E7%97%87),5,三神,0.08018680162993638
tr-680,https://ja.wikipedia.org/wiki/%E5%9C%B0%E6%96%B9%E7%97%85_(%E6%97%A5%E6%9C%AC%E4%BD%8F%E8%A1%80%E5%90%B8%E8%99%AB%E7%97%87),6,桂田,0.07753582229161088
tr-680,https://ja.wikipedia.org/wiki/%E5%9C%B0%E6%96%B9%E7%97%85_(%E6%97%A5%E6%9C%AC%E4%BD%8F%E8%A1%80%E5%90%B8%E8%99%AB%E7%97%87),7,解剖,0.07630810875110326
tr-680,https://ja.wikipedia.org/wiki/%E5%9C%B0%E6%96%B9%E7%97%85_(%E6%97%A5%E6%9C%AC%E4%BD%8F%E8%A1%80%E5%90%B8%E8%99%AB%E7%97%87),8,感染,0.07572948142539838
tr-680,https://ja.wikipedia.org/wiki/%E5%9C%B0%E6%96%B9%E7%97%85_(%E6%97%A5%E6%9C%AC%E4%BD%8F%E8%A1%80%E5%90%B8%E8%99%AB%E7%97%87),9,奇病,0.07387473779402022
tr-680,https://ja.wikipedia.org/wiki/%E5%9C%B0%E6%96%B9%E7%97%85_(%E6%97%A5%E6%9C%AC%E4%BD%8F%E8%A1%80%E5%90%B8%E8%99%AB%E7%97%87),10,甲府盆地,0.07127715700438789
tr-680,https://ja.wikipedia.org/wiki/%E5%9C%B0%E6%96%B9%E7%97%85_(%E6%97%A5%E6%9C%AC%E4%BD%8F%E8%A1%80%E5%90%B8%E8%99%AB%E7%97%87),11,原因,0.06792318439534453
tr-680,https://ja.wikipedia.org/wiki/%E5%9C%B0%E6%96%B9%E7%97%85_(%E6%97%A5%E6%9C%AC%E4%BD%8F%E8%A1%80%E5%90%B8%E8%99%AB%E7%97%87),12,疾患,0.056087070548985304
tr-680,https://ja.wikipedia.org/wiki/%E5%9C%B0%E6%96%B9%E7%97%85_(%E6%97%A5%E6%9C%AC%E4%BD%8F%E8%A1%80%E5%90%B8%E8%99%AB%E7%97%87),13,解明,0.05465251102443317
tr-680,https://ja.wikipedia.org/wiki/%E5%9C%B0%E6%96%B9%E7%97%85_(%E6%97%A5%E6%9C%AC%E4%BD%8F%E8%A1%80%E5%90%B8%E8%99%AB%E7%97%87),14,地方,0.051892221761796684
tr-680,https://ja.wikipedia.org/wiki/%E5%9C%B0%E6%96%B9%E7%97%85_(%E6%97%A5%E6%9C%AC%E4%BD%8F%E8%A1%80%E5%90%B8%E8%99%AB%E7%97%87),15,患者,0.046917916600500695
tr-680,https://ja.wikipedia.org/wiki/%E5%9C%B0%E6%96%B9%E7%97%85_(%E6%97%A5%E6%9C%AC%E4%BD%8F%E8%A1%80%E5%90%B8%E8%99%AB%E7%97%87),16,明治,0.045497997201976406
tr-680,https://ja.wikipedia.org/wiki/%E5%9C%B0%E6%96%B9%E7%97%85_(%E6%97%A5%E6%9C%AC%E4%BD%8F%E8%A1%80%E5%90%B8%E8%99%AB%E7%97%87),17,寄生,0.045476005475582254
tr-680,https://ja.wikipedia.org/wiki/%E5%9C%B0%E6%96%B9%E7%97%85_(%E6%97%A5%E6%9C%AC%E4%BD%8F%E8%A1%80%E5%90%B8%E8%99%AB%E7%97%87),18,吉岡,0.04328894800745908
tr-680,https://ja.wikipedia.org/wiki/%E5%9C%B0%E6%96%B9%E7%97%85_(%E6%97%A5%E6%9C%AC%E4%BD%8F%E8%A1%80%E5%90%B8%E8%99%AB%E7%97%87),19,発見,0.04115045936108751
tr-680,https://ja.wikipedia.org/wiki/%E5%9C%B0%E6%96%B9%E7%97%85_(%E6%97%A5%E6%9C%AC%E4%BD%8F%E8%A1%80%E5%90%B8%E8%99%AB%E7%97%87),20,罹患,0.041047609533776404
tr-681,ウォルト・ディズニー,1,ウォルト,0.3011058345551811
tr-681,ウォルト・ディズニー,2,ディズニー,0.18576872120833374
tr-681,ウォルト・ディズニー,3,ディズニーランド,0.07969117413007538
tr-681,ウォルト・ディズニー,4,アニメ,0.06529358156677256
tr-681,ウォルト・ディズニー,5,映画,0.061939999907000005
tr-681,ウォルト・ディズニー,6,制作,0.061657662418215506
tr-681,ウォルト・ディズニー,7,ミッキーマウス,0.05835179244255424
tr-681,ウォルト・ディズニー,8,テーマパーク,0.056385322415971134
tr-681,ウォルト・ディズニー,9,アニメーター,0.04613344561306729
tr-681,ウォルト・ディズニー,10,アイワークス,0.04460827178595275
tr-681,ウォルト・ディズニー,11,オズワルド,0.04460827178595275
tr-681,ウォルト・ディズニー,12,カンザス,0.03984831993206103
tr-681,ウォルト・ディズニー,13,イライアス,0.03903223781270866
tr-681,ウォルト・ディズニー,14,赤狩り,0.03903223781270866
tr-681,ウォルト・ディズニー,15,仕事,0.03731529365904176
tr-681,ウォルト・ディズニー,16,キャラクター,0.03267677948518002
tr-681,ウォルト・ディズニー,17,建設,0.032507545659232674
tr-681,ウォルト・ディズニー,18,成功,0.03239719691872904
tr-681,ウォルト・ディズニー,19,製作,0.03188825744733006
tr-681,ウォルト・ディズニー,20,ミッキー,0.03075563040871153
tr-682,アレッポ城,1,城塞,0.38786690940513285
tr-682,アレッポ城,2,アレッポ,0.30180202964938035
tr-682,アレッポ城,3,モスク,0.10774080816809245
tr-682,アレッポ城,4,都市,0.10158866171529786
tr-682,アレッポ城,5,紀元前,0.10105779881241281
tr-682,アレッポ城,6,ローマ帝国,0.08800354908078203
tr-682,アレッポ城,7,ハダド,0.08446320313569744
tr-682,アレッポ城,8,ヌール・アッディーン,0.08446320313569744
tr-682,アレッポ城,9,再建,0.0665645492454411
tr-682,アレッポ城,10,十字軍,0.06285115811271823
tr-682,アレッポ城,11,中頃,0.05961997056873098
tr-682,アレッポ城,12,入口,0.05886297672149037
tr-682,アレッポ城,13,世紀,0.05716763755691322
tr-682,アレッポ城,14,シリア,0.05659553089907891
tr-682,アレッポ城,15,アイユーブ,0.05365001449631305
tr-682,アレッポ城,16,アブラハム,0.05365001449631305
tr-682,アレッポ城,17,ミフラーブ,0.05365001449631305
tr-682,アレッポ城,18,ガーズィー,0.05176357467695711
tr-682,アレッポ城,19,時代,0.05102824604045097
tr-682,アレッポ城,20,ゼウス,0.04910478708280521
tr-683,ヘリコバクター・ピロリ,1,ヘリコバクター・ピロリ,0.2850183833472683
tr-683,ヘリコバクター・ピロリ,2,感染,0.20937858892820788
tr-683,ヘリコバクター・ピロリ,3,細胞,0.12866135617911423
tr-683,ヘリコバクター・ピロリ,4,ウレアーゼ,0.08355704385383224
tr-683,ヘリコバクター・ピロリ,5,食道,0.07966840293598994
tr-683,ヘリコバクター・ピロリ,6,菌株,0.07308163675570983
tr-683,ヘリコバクター・ピロリ,7,リスク,0.07130352073780535
tr-683,ヘリコバクター・ピロリ,8,療法,0.07069640905444759
tr-683,ヘリコバクター・ピロリ,9,粘膜,0.07010491943098361
tr-683,ヘリコバクター・ピロリ,10,細菌,0.06584196924561328
tr-683,ヘリコバクター・ピロリ,11,アンモニア,0.06443045658904875
tr-683,ヘリコバクター・ピロリ,12,陰性,0.062419824257876906
tr-683,ヘリコバクター・ピロリ,13,検査,0.061588660956995785
tr-683,ヘリコバクター・ピロリ,14,粘液,0.061283386873838414
tr-683,ヘリコバクター・ピロリ,15,尿素,0.060464260633296706
tr-683,ヘリコバクター・ピロリ,16,抗体,0.05875507598493255
tr-683,ヘリコバクター・ピロリ,17,胃炎,0.05570469590255482
tr-683,ヘリコバクター・ピロリ,18,併用,0.05392170655480349
tr-683,ヘリコバクター・ピロリ,19,分泌,0.053485167879164755
tr-683,ヘリコバクター・ピロリ,20,上皮,0.05222673420882893
tr-684,10.8決戦,1,巨人,0.28684430159995944
tr-684,10.8決戦,2,試合,0.24228682677588564
tr-684,10.8決戦,3,中日,0.2268071221953168
tr-684,10.8決戦,4,先発,0.09306906347195157
tr-684,10.8決戦,5,ヤクルト,0.08209457283743696
tr-684,10.8決戦,6,桑田,0.07821823337177572
tr-684,10.8決戦,7,チーム,0.07535689974121462
tr-684,10.8決戦,8,優勝,0.06744598987793914
tr-684,10.8決戦,9,槙原,0.06567565826994956
tr-684,10.8決戦,10,二塁,0.06567565826994956
tr-684,10.8決戦,11,今中,0.06257458669742057
tr-684,10.8決戦,12,球場,0.05727326982889326
tr-684,10.8決戦,13,投手,0.05727326982889326
tr-684,10.8決戦,14,落合,0.05727326982889326
tr-684,10.8決戦,15,実況,0.05507302453289494
tr-684,10.8決戦,16,斎藤,0.0549797415613166
tr-684,10.8決戦,17,登板,0.054752763360243005
tr-684,10.8決戦,18,リーグ,0.05451453602457427
tr-684,10.8決戦,19,走者,0.05282754872624447
tr-684,10.8決戦,20,吉村,0.05282754872624447
tr-685,夏のない年,1,噴火,0.305156365099752
tr-685,夏のない年,2,異常,0.08578679437992742
tr-685,夏のない年,3,農作物,0.0720887543384383
tr-685,夏のない年,4,火山,0.07167283927574747
tr-685,夏のない年,5,タンボラ,0.06513597207683366
tr-685,夏のない年,6,飢饉,0.06356012364907064
tr-685,夏のない年,7,気温,0.06063332746772415
tr-685,夏のない年,8,不作,0.05462046491283955
tr-685,夏のない年,9,発生,0.05440971975554716
tr-685,夏のない年,10,爆発,0.05370364182860914
tr-685,夏のない年,11,火山灰,0.05154487622933893
tr-685,夏のない年,12,気象,0.050919282962298126
tr-685,夏のない年,13,年間,0.044759122467466696
tr-685,夏のない年,14,ヨーロッパ,0.03872769704971074
tr-685,夏のない年,15,気候,0.037745949983451425
tr-685,夏のない年,16,インドネシア,0.036954818551647936
tr-685,夏のない年,17,洪水,0.036370916401641515
tr-685,夏のない年,18,過去,0.034739007334235905
tr-685,夏のない年,19,壊滅,0.03459909614150145
tr-685,夏のない年,20,最大,0.03281491563874411
tr-686,境界性パーソナリティ障害,1,障害,0.46315934975211087
tr-686,境界性パーソナリティ障害,2,パーソナリティ,0.3339746020022906
tr-686,境界性パーソナリティ障害,3,うつ病,0.3036132745475369
tr-686,境界性パーソナリティ障害,4,双極,0.2732519470927832
tr-686,境界性パーソナリティ障害,5,自殺,0.19816931900306894
tr-686,境界性パーソナリティ障害,6,患者,0.19185818819097053
tr-686,境界性パーソナリティ障害,7,境界,0.15956599806565383
tr-686,境界性パーソナリティ障害,8,精神療法,0.1321091125968601
tr-686,境界性パーソナリティ障害,9,併存,0.11801233210648845
tr-686,境界性パーソナリティ障害,10,企図,0.11581044156412247
tr-686,境界性パーソナリティ障害,11,症状,0.11065151874499402
tr-686,境界性パーソナリティ障害,12,対人,0.08850924907986635
tr-686,境界性パーソナリティ障害,13,情緒,0.08462687711885235
tr-686,境界性パーソナリティ障害,14,鑑別,0.08308613028087708
tr-686,境界性パーソナリティ障害,15,不安定,0.08084442782493385
tr-686,境界性パーソナリティ障害,16,薬物,0.07748411702185747
tr-686,境界性パーソナリティ障害,17,気分,0.07662902503546837
tr-686,境界性パーソナリティ障害,18,疾患,0.06745675724850812
tr-686,境界性パーソナリティ障害,19,入院,0.06510753853418613
tr-686,境界性パーソナリティ障害,20,服薬,0.06293559392836723
tr-687,皇太子裕仁親王の欧州訪問,1,裕仁,0.30132085232869954
tr-687,皇太子裕仁親王の欧州訪問,2,親王,0.2802920746697932
tr-687,皇太子裕仁親王の欧州訪問,3,洋行,0.08576371853978433
tr-687,皇太子裕仁親王の欧州訪問,4,外遊,0.07504325372231128
tr-687,皇太子裕仁親王の欧州訪問,5,皇太子,0.06432158705760926
tr-687,皇太子裕仁親王の欧州訪問,6,訪問,0.05324501471869356
tr-687,皇太子裕仁親王の欧州訪問,7,元老,0.04791148468787756
tr-687,皇太子裕仁親王の欧州訪問,8,午前,0.047664651285856036
tr-687,皇太子裕仁親王の欧州訪問,9,一行,0.04707496049289782
tr-687,皇太子裕仁親王の欧州訪問,10,香取,0.04578233052622058
tr-687,皇太子裕仁親王の欧州訪問,11,午後,0.04489354982615509
tr-687,皇太子裕仁親王の欧州訪問,12,アソール,0.042881859269892166
tr-687,皇太子裕仁親王の欧州訪問,13,大正天皇,0.0404539211105394
tr-687,皇太子裕仁親王の欧州訪問,14,歓迎,0.038927926001141
tr-687,皇太子裕仁親王の欧州訪問,15,節子,0.03752162686115564
tr-687,皇太子裕仁親王の欧州訪問,16,イギリス,0.03726505282857059
tr-687,皇太子裕仁親王の欧州訪問,17,東宮,0.03449289386245426
tr-687,皇太子裕仁親王の欧州訪問,18,祈願,0.03393424643978951
tr-687,皇太子裕仁親王の欧州訪問,19,鹿島,0.032721198633517204
tr-687,皇太子裕仁親王の欧州訪問,20,首相,0.03132059689334915
tr-688,ノストラダムス,1,ノストラダムス,0.5907888877342199
tr-688,ノストラダムス,2,予言,0.2596942490280707
tr-688,ノストラダムス,3,アンリ,0.09022948945247938
tr-688,ノストラダムス,4,カトリーヌ,0.08175207874538815
tr-688,ノストラダムス,5,エクス,0.06514034403413806
tr-688,ノストラダムス,6,国王,0.06409865295931835
tr-688,ノストラダムス,7,シャルル,0.06217500742467581
tr-688,ノストラダムス,8,サロン,0.061595791292671655
tr-688,ノストラダムス,9,書簡,0.05525858539384748
tr-688,ノストラダムス,10,ミシェル,0.04586495514443321
tr-688,ノストラダムス,11,フランソワ,0.040355417326047194
tr-688,ノストラダムス,12,遺言,0.04002870844459783
tr-688,ノストラダムス,13,ペスト,0.03942163723565308
tr-688,ノストラダムス,14,長椅子,0.03908420642048283
tr-688,ノストラダムス,15,指摘,0.03884048160904647
tr-688,ノストラダムス,16,予兆,0.03770992900431191
tr-688,ノストラダムス,17,会見,0.03664891066713177
tr-688,ノストラダムス,18,フランス,0.0364624938948749
tr-688,ノストラダムス,19,大使,0.03577501817341531
tr-688,ノストラダムス,20,占星術,0.03503660517659492
tr-689,芥川龍之介,1,芥川,0.33548194189071856
tr-689,芥川龍之介,2,龍之介,0.1181148269736245
tr-689,芥川龍之介,3,鵠沼,0.09481016755768351
tr-689,芥川龍之介,4,東京,0.06429389293815543
tr-689,芥川龍之介,5,菊池,0.0550288202394464
tr-689,芥川龍之介,6,河童,0.0516190991210583
tr-689,芥川龍之介,7,自警,0.04839622452316561
tr-689,芥川龍之介,8,英文,0.04236776114759819
tr-689,芥川龍之介,9,大本,0.04063292895329293
tr-689,芥川龍之介,10,井川,0.03871432434079372
tr-689,芥川龍之介,11,田端,0.03871432434079372
tr-689,芥川龍之介,12,物語,0.038531469595295034
tr-689,芥川龍之介,13,小説,0.03843470230356148
tr-689,芥川龍之介,14,文学,0.03702895915366938
tr-689,芥川龍之介,15,思潮,0.03629716839237421
tr-689,芥川龍之介,16,漱石,0.03629716839237421
tr-689,芥川龍之介,17,回忌,0.03629716839237421
tr-689,芥川龍之介,18,震災,0.03543444809208736
tr-689,芥川龍之介,19,成績,0.03282461864637306
tr-689,芥川龍之介,20,大学,0.032592626360744455
tr-690,ジョゼフ・プリーストリー,1,プリーストリー,0.2034106212601924
tr-690,ジョゼフ・プリーストリー,2,哲学,0.0958629602965089
tr-690,ジョゼフ・プリーストリー,3,電気,0.09354452403331141
tr-690,ジョゼフ・プリーストリー,4,ウォリントン,0.08302437324802671
tr-690,ジョゼフ・プリーストリー,5,著作,0.07957053942919101
tr-690,ジョゼフ・プリーストリー,6,国教,0.07604800250339756
tr-690,ジョゼフ・プリーストリー,7,実験,0.07386103288280631
tr-690,ジョゼフ・プリーストリー,8,歴史,0.07105265754535627
tr-690,ジョゼフ・プリーストリー,9,神学,0.06742746595588844
tr-690,ジョゼフ・プリーストリー,10,出版,0.061271442167089206
tr-690,ジョゼフ・プリーストリー,11,聖職,0.057508625586000714
tr-690,ジョゼフ・プリーストリー,12,自然,0.05607574135742438
tr-690,ジョゼフ・プリーストリー,13,教育,0.05600128212213602
tr-690,ジョゼフ・プリーストリー,14,リーズ,0.05171602230751239
tr-690,ジョゼフ・プリーストリー,15,主義,0.05144638602994296
tr-690,ジョゼフ・プリーストリー,16,発見,0.04770772941920788
tr-690,ジョゼフ・プリーストリー,17,フロギストン,0.04361295656483955
tr-690,ジョゼフ・プリーストリー,18,科学,0.042738936001324924
tr-690,ジョゼフ・プリーストリー,19,酸素,0.041077589704286224
tr-690,ジョゼフ・プリーストリー,20,友人,0.039345082924330886
de-000,東大寺の仏像,1,東大寺,0.39012390161173066
de-000,東大寺の仏像,2,大仏,0.3447190511653411
de-000,東大寺の仏像,3,奈良,0.2814435056342726
de-000,東大寺の仏像,4,戒壇,0.26111576204322573
de-000,東大寺の仏像,5,四天王,0.25193441930540295
de-000,東大寺の仏像,6,那仏,0.1740771746954838
de-000,東大寺の仏像,7,造立,0.1679562795369353
de-000,東大寺の仏像,8,安置,0.15070244514935385
de-000,東大寺の仏像,9,天平,0.14846073205025115
de-000,東大寺の仏像,10,守護,0.13717076926169433
de-000,東大寺の仏像,11,塑造,0.13702806891695593
de-000,東大寺の仏像,12,壇上,0.12596720965270147
de-000,東大寺の仏像,13,センチ,0.12580731211424204
de-000,東大寺の仏像,14,仏像,0.11490635038844701
de-000,東大寺の仏像,15,兵火,0.09135204594463729
de-000,東大寺の仏像,16,持国天,0.09135204594463729
de-000,東大寺の仏像,17,増長天,0.09135204594463729
de-000,東大寺の仏像,18,広目天,0.09135204594463729
de-000,東大寺の仏像,19,多聞天,0.09135204594463729
de-000,東大寺の仏像,20,多宝塔,0.09135204594463729
de-001,イタセンパラ,1,生息,0.22110402653134847
de-001,イタセンパラ,2,ワンド,0.15425914345142344
de-001,イタセンパラ,3,淀川,0.14660307219220628
de-001,イタセンパラ,4,産卵,0.11859539249815633
de-001,イタセンパラ,5,個体,0.11108490066777683
de-001,イタセンパラ,6,確認,0.10362742911382561
de-001,イタセンパラ,7,タナゴ,0.10283942896761564
de-001,イタセンパラ,8,繁殖,0.07577829433470724
de-001,イタセンパラ,9,万尾,0.07198760027733093
de-001,イタセンパラ,10,イタセンパラ,0.06170365738056938
de-001,イタセンパラ,11,稚魚,0.05089591560732669
de-001,イタセンパラ,12,二枚貝,0.048991779704717006
de-001,イタセンパラ,13,飼育,0.04646465768563757
de-001,イタセンパラ,14,保護,0.04539163793319828
de-001,イタセンパラ,15,琵琶湖,0.043918139822158905
de-001,イタセンパラ,16,河川,0.04138327969163492
de-001,イタセンパラ,17,藻類,0.04121164207519449
de-001,イタセンパラ,18,濃尾平野,0.04113577158704625
de-001,イタセンパラ,19,オオタナゴ,0.04113577158704625
de-001,イタセンパラ,20,仏生寺,0.04113577158704625
de-002,マルセル・プルースト,1,プルースト,0.40675703462225976
de-002,マルセル・プルースト,2,マルセル・プルースト,0.05606495126588039
de-002,マルセル・プルースト,3,モデル,0.05370866599721942
de-002,マルセル・プルースト,4,文学,0.05335536387142361
de-002,マルセル・プルースト,5,作家,0.05323999601387796
de-002,マルセル・プルースト,6,喘息,0.051142030949403505
de-002,マルセル・プルースト,7,ユダヤ,0.04558307272697321
de-002,マルセル・プルースト,8,ジャンヌ,0.04485196101270431
de-002,マルセル・プルースト,9,社交,0.0427709017140225
de-002,マルセル・プルースト,10,ロベール,0.04254818198936247
de-002,マルセル・プルースト,11,病弱,0.038155057624399503
de-002,マルセル・プルースト,12,フランス,0.037947235597033634
de-002,マルセル・プルースト,13,イリエ,0.03659272294941437
de-002,マルセル・プルースト,14,アパルトマン,0.03486488868190798
de-002,マルセル・プルースト,15,哲学,0.03286211328346233
de-002,マルセル・プルースト,16,番地,0.03286211328346233
de-002,マルセル・プルースト,17,大伯父,0.03191113649202185
de-002,マルセル・プルースト,18,夫人,0.03176909116614724
de-002,マルセル・プルースト,19,出版,0.03150605406887257
de-002,マルセル・プルースト,20,息子,0.03123180097137414
de-003,斎藤智恵子,1,斎藤,0.2255247438162242
de-003,斎藤智恵子,2,ストリップ,0.19443570374171534
de-003,斎藤智恵子,3,一座,0.17619953012065398
de-003,斎藤智恵子,4,智恵子,0.16042406295466158
de-003,斎藤智恵子,5,劇場,0.14628615868792533
de-003,斎藤智恵子,6,浅草,0.13324182057976175
de-003,斎藤智恵子,7,踊り子,0.12382659040370132
de-003,斎藤智恵子,8,舞台,0.11274360304996965
de-003,斎藤智恵子,9,奥山,0.10102461551524594
de-003,斎藤智恵子,10,白石,0.08809976506032699
de-003,斎藤智恵子,11,舞踊,0.07656059737783609
de-003,斎藤智恵子,12,専門,0.06874352469654806
de-003,斎藤智恵子,13,八千代,0.06734974367683062
de-003,斎藤智恵子,14,男勝り,0.06734974367683062
de-003,斎藤智恵子,15,社長,0.06702024189293812
de-003,斎藤智恵子,16,ビートたけし,0.06416962518186463
de-003,斎藤智恵子,17,座長,0.06191329520185066
de-003,斎藤智恵子,18,北海道,0.06161397919436823
de-003,斎藤智恵子,19,名取,0.05873317670688466
de-003,斎藤智恵子,20,芸名,0.057524151767063034
de-004,北陸線列車雪崩直撃事故,1,不知,0.40738392750312397
de-004,北陸線列車雪崩直撃事故,2,雪崩,0.3275495907981726
de-004,北陸線列車雪崩直撃事故,3,北陸線,0.24941761921813835
de-004,北陸線列車雪崩直撃事故,4,鉄道,0.22988217785446222
de-004,北陸線列車雪崩直撃事故,5,事故,0.19882170662339047
de-004,北陸線列車雪崩直撃事故,6,列車,0.15592330065350177
de-004,北陸線列車雪崩直撃事故,7,市振,0.1357946425010413
de-004,北陸線列車雪崩直撃事故,8,発生,0.13393595952273177
de-004,北陸線列車雪崩直撃事故,9,青海,0.12429012498137418
de-004,北陸線列車雪崩直撃事故,10,直撃,0.11022708995420068
de-004,北陸線列車雪崩直撃事故,11,勝山,0.10689326537920213
de-004,北陸線列車雪崩直撃事故,12,応援,0.09550006597078321
de-004,北陸線列車雪崩直撃事故,13,除雪,0.09548715668367322
de-004,北陸線列車雪崩直撃事故,14,作業,0.09061378866431115
de-004,北陸線列車雪崩直撃事故,15,海岸,0.08214947981858123
de-004,北陸線列車雪崩直撃事故,16,復旧,0.07954192209285915
de-004,北陸線列車雪崩直撃事故,17,団体,0.0777613219787761
de-004,北陸線列車雪崩直撃事故,18,断崖絶壁,0.06789732125052066
de-004,北陸線列車雪崩直撃事故,19,山脈,0.06497671977771076
de-004,北陸線列車雪崩直撃事故,20,糸魚川,0.06365810445578216
de-005,アポロ計画,1,アポロ,0.258976779598524
de-005,アポロ計画,2,飛行,0.1717436721092044
de-005,アポロ計画,3,計画,0.15331590141639898
de-005,アポロ計画,4,サターン,0.13709776748307426
de-005,アポロ計画,5,宇宙,0.1334859453234747
de-005,アポロ計画,6,ロケット,0.11801766374935023
de-005,アポロ計画,7,着陸,0.11155732484475146
de-005,アポロ計画,8,周回,0.10813474165316773
de-005,アポロ計画,9,有人,0.08410479906357492
de-005,アポロ計画,10,軌道,0.07609070647824688
de-005,アポロ計画,11,月面,0.07215671972793382
de-005,アポロ計画,12,方式,0.06860475384378145
de-005,アポロ計画,13,開発,0.06068038259453259
de-005,アポロ計画,14,搭載,0.05910514663157466
de-005,アポロ計画,15,司令,0.05345726053482555
de-005,アポロ計画,16,発射,0.05303769231964964
de-005,アポロ計画,17,宇宙船,0.05265665782578438
de-005,アポロ計画,18,地球,0.05181367116765845
de-005,アポロ計画,19,ケネディ,0.050327928530584855
de-005,アポロ計画,20,試験,0.04291839141394221
de-006,バヤズィト1世,1,バヤズィト,0.37257558174565
de-006,バヤズィト1世,2,オスマン,0.2463127182589178
de-006,バヤズィト1世,3,マヌエル,0.16894215479296218
de-006,バヤズィト1世,4,セルビア,0.15509591264315373
de-006,バヤズィト1世,5,ムラト,0.14480756125111044
de-006,バヤズィト1世,6,アナトリア,0.13866380823970556
de-006,バヤズィト1世,7,ビザンツ,0.13713355512738684
de-006,バヤズィト1世,8,ヨハネス,0.12027137786845753
de-006,バヤズィト1世,9,ゲルミヤン,0.10132262323063015
de-006,バヤズィト1世,10,ヤクブ,0.10132262323063015
de-006,バヤズィト1世,11,包囲,0.09537025134947297
de-006,バヤズィト1世,12,バルカン半島,0.09000273848094255
de-006,バヤズィト1世,13,臣従,0.08018091857897168
de-006,バヤズィト1世,14,帝位,0.07836203150136391
de-006,バヤズィト1世,15,コンスタンティノープル,0.0767864398479772
de-006,バヤズィト1世,16,十字軍,0.0753966695157485
de-006,バヤズィト1世,17,即位,0.07170204854807155
de-006,バヤズィト1世,18,西欧,0.06657998040860724
de-006,バヤズィト1世,19,皇子,0.06174915403860003
de-006,バヤズィト1世,20,帝国,0.05988029018108445
de-007,アルトン・エリス,1,エリス,0.3308863269126235
de-007,アルトン・エリス,2,ジャマイカ,0.19206542027602266
de-007,アルトン・エリス,3,楽曲,0.11514785201855876
de-007,アルトン・エリス,4,ロックステディ,0.11416224014913125
de-007,アルトン・エリス,5,音楽,0.11169541127622426
de-007,アルトン・エリス,6,ヒット,0.09867336214282219
de-007,アルトン・エリス,7,歌手,0.08701000551115015
de-007,アルトン・エリス,8,アルトンエディ,0.07987992854693865
de-007,アルトン・エリス,9,ミュリエル,0.07987992854693865
de-007,アルトン・エリス,10,デュオ,0.07610816009942084
de-007,アルトン・エリス,11,録音,0.07145052655147326
de-007,アルトン・エリス,12,レーベル,0.069660279350026
de-007,アルトン・エリス,13,テンポ,0.06698416704814897
de-007,アルトン・エリス,14,発表,0.061651735795597934
de-007,アルトン・エリス,15,ランディーズ,0.05990994641020399
de-007,アルトン・エリス,16,ガール・アイヴ・ガット・ア・デート,0.05990994641020399
de-007,アルトン・エリス,17,ホルト,0.057081120074565624
de-007,アルトン・エリス,18,印刷,0.05533055803888973
de-007,アルトン・エリス,19,チャート,0.04740929895047337
de-007,アルトン・エリス,20,結成,0.04616512917041432
de-008,オーストラリアの歴史,1,オーストラリア,0.290677606933891
de-008,オーストラリアの歴史,2,大陸,0.06935497389583963
de-008,オーストラリアの歴史,3,イギリス,0.060091943717521135
de-008,オーストラリアの歴史,4,労働党,0.053692015741585185
de-008,オーストラリアの歴史,5,ニューギニア,0.051852232225619556
de-008,オーストラリアの歴史,6,航海,0.04770212501592203
de-008,オーストラリアの歴史,7,上陸,0.04681401857195686
de-008,オーストラリアの歴史,8,ヨーロッパ,0.04485154958465768
de-008,オーストラリアの歴史,9,発見,0.03933345903636661
de-008,オーストラリアの歴史,10,アボリジナル,0.037717828633071326
de-008,オーストラリアの歴史,11,モンゴロイド,0.037717828633071326
de-008,オーストラリアの歴史,12,首相,0.036731768830999524
de-008,オーストラリアの歴史,13,ヒューズ,0.035936869153826094
de-008,オーストラリアの歴史,14,オランダ,0.03475578335433817
de-008,オーストラリアの歴史,15,ニュージーランド,0.03423866644140969
de-008,オーストラリアの歴史,16,海峡,0.03320246902905784
de-008,オーストラリアの歴史,17,派遣,0.0327090420496591
de-008,オーストラリアの歴史,18,タスマニア,0.03221520944495111
de-008,オーストラリアの歴史,19,アメリカ,0.03177697527865216
de-008,オーストラリアの歴史,20,クック,0.029170639105741983
de-009,飛騨川流域一貫開発計画,1,発電,0.33015218150074993
de-009,飛騨川流域一貫開発計画,2,飛騨川,0.2967429558280527
de-009,飛騨川流域一貫開発計画,3,電力,0.21832322436107862
de-009,飛騨川流域一貫開発計画,4,水力,0.18970525395879495
de-009,飛騨川流域一貫開発計画,5,開発,0.14163071316943934
de-009,飛騨川流域一貫開発計画,6,流域,0.12839251502806942
de-009,飛騨川流域一貫開発計画,7,計画,0.12231143069818727
de-009,飛騨川流域一貫開発計画,8,送電,0.10854071201730325
de-009,飛騨川流域一貫開発計画,9,高根,0.10598689584693263
de-009,飛騨川流域一貫開発計画,10,流木,0.0978654911505303
de-009,飛騨川流域一貫開発計画,11,岐阜,0.07107650228645228
de-009,飛騨川流域一貫開発計画,12,建設,0.06650939327118151
de-009,飛騨川流域一貫開発計画,13,河川,0.05968055015978439
de-009,飛騨川流域一貫開発計画,14,上麻生,0.05932360842000625
de-009,飛騨川流域一貫開発計画,15,救助,0.05735045051589457
de-009,飛騨川流域一貫開発計画,16,キロワット,0.05675465715244939
de-009,飛騨川流域一貫開発計画,17,瀬戸,0.052993447923466316
de-009,飛騨川流域一貫開発計画,18,庄川,0.05173388621849944
de-009,飛騨川流域一貫開発計画,19,事故,0.04965391844169648
de-009,飛騨川流域一貫開発計画,20,転落,0.044957863745188724
de-010,エアバスA320,1,エアバス,0.22875977333875017
de-010,エアバスA320,2,操縦,0.1417188998210263
de-010,エアバスA320,3,開発,0.1303054831451262
de-010,エアバスA320,4,エンジン,0.09587371251068316
de-010,エアバスA320,5,航空,0.09371696347893976
de-010,エアバスA320,6,旅客機,0.08941687905164253
de-010,エアバスA320,7,機体,0.07882263512173827
de-010,エアバスA320,8,メーカー,0.06960283144773162
de-010,エアバスA320,9,ワイヤ,0.06583207281605022
de-010,エアバスA320,10,主翼,0.06088327775265525
de-010,エアバスA320,11,フライ,0.05995992832505684
de-010,エアバスA320,12,ファミリー,0.04814755025857675
de-010,エアバスA320,13,米国,0.046227913833607776
de-010,エアバスA320,14,通路,0.04537674997776166
de-010,エアバスA320,15,ワイド,0.044450016533202234
de-010,エアバスA320,16,ボディ,0.04388804854403348
de-010,エアバスA320,17,スティック,0.041285261501193486
de-010,エアバスA320,18,配置,0.04052123591692113
de-010,エアバスA320,19,コンピュータ,0.036974541041118
de-010,エアバスA320,20,イギリス,0.03614690067830535
de-011,キャプテン翼,1,サッカー,0.32522481404689946
de-011,キャプテン翼,2,キャプテン,0.18133539086408113
de-011,キャプテン翼,3,漫画,0.10429602863777801
de-011,キャプテン翼,4,連載,0.09124201324392453
de-011,キャプテン翼,5,作品,0.08031979697158513
de-011,キャプテン翼,6,高橋,0.07468384739778389
de-011,キャプテン翼,7,スポーツ,0.06872652747461652
de-011,キャプテン翼,8,小学生,0.0625056553561287
de-011,キャプテン翼,9,プレー,0.06191678410968229
de-011,キャプテン翼,10,野球,0.0559257135572415
de-011,キャプテン翼,11,主人公,0.0533627115452265
de-011,キャプテン翼,12,ワールドカップ,0.05081983800552201
de-011,キャプテン翼,13,原作,0.04925531033279923
de-011,キャプテン翼,14,中学生,0.047649737540739666
de-011,キャプテン翼,15,大会,0.04666100498161552
de-011,キャプテン翼,16,アニメ,0.04509063480395952
de-011,キャプテン翼,17,ユース,0.04446735825483176
de-011,キャプテン翼,18,少年,0.0405004812563505
de-011,キャプテン翼,19,競技,0.0401157616055765
de-011,キャプテン翼,20,スタジアム,0.03874868856148528
de-012,ジョゼフ・フーリエ,1,フーリエ,0.5178245070055532
de-012,ジョゼフ・フーリエ,2,数学,0.22080393404643509
de-012,ジョゼフ・フーリエ,3,ベネディクト,0.19419750852966453
de-012,ジョゼフ・フーリエ,4,エコール・ノルマル・シュペリュール,0.1630460566859982
de-012,ジョゼフ・フーリエ,5,学校,0.12934438760967215
de-012,ジョゼフ・フーリエ,6,革命,0.11912730432537891
de-012,ジョゼフ・フーリエ,7,修道院,0.11162738198152586
de-012,ジョゼフ・フーリエ,8,エコール・ポリテクニーク,0.1086973711239988
de-012,ジョゼフ・フーリエ,9,モンジュ,0.1086973711239988
de-012,ジョゼフ・フーリエ,10,オセール,0.10356490140111063
de-012,ジョゼフ・フーリエ,11,方程式,0.09709875426483226
de-012,ジョゼフ・フーリエ,12,フランス,0.09661791631215796
de-012,ジョゼフ・フーリエ,13,幼年,0.08500367268220649
de-012,ジョゼフ・フーリエ,14,僧侶,0.08237532629260846
de-012,ジョゼフ・フーリエ,15,司教,0.07724285656972031
de-012,ジョゼフ・フーリエ,16,政治,0.07628258184400566
de-012,ジョゼフ・フーリエ,17,身分,0.07283391107265429
de-012,ジョゼフ・フーリエ,18,ナポレオン,0.06986125802104161
de-012,ジョゼフ・フーリエ,19,入学,0.06079623651743852
de-012,ジョゼフ・フーリエ,20,科学,0.05595477335435668
de-013,粘着式鉄道,1,粘着,0.479492387368613
de-013,粘着式鉄道,2,レール,0.22582620199837058
de-013,粘着式鉄道,3,車輪,0.2094765404006962
de-013,粘着式鉄道,4,係数,0.1874837048438335
de-013,粘着式鉄道,5,クリープ,0.18160153855498487
de-013,粘着式鉄道,6,理論,0.1556365590179446
de-013,粘着式鉄道,7,領域,0.13596512244427672
de-013,粘着式鉄道,8,摩擦,0.13556830700396424
de-013,粘着式鉄道,9,鉄道,0.12944300201618084
de-013,粘着式鉄道,10,接触,0.10400957936432487
de-013,粘着式鉄道,11,制御,0.0951534795148211
de-013,粘着式鉄道,12,空転,0.07022154933594782
de-013,粘着式鉄道,13,速度,0.06815045175083063
de-013,粘着式鉄道,14,カルカー,0.06018989943081242
de-013,粘着式鉄道,15,鉄輪,0.05734785428052154
de-013,粘着式鉄道,16,接線,0.05734785428052154
de-013,粘着式鉄道,17,踏面,0.05734785428052154
de-013,粘着式鉄道,18,駆動,0.05272100827931943
de-013,粘着式鉄道,19,カーター,0.052489346005568656
de-013,粘着式鉄道,20,車両,0.05074852240790459
de-014,日本語訳聖書,1,聖書,0.3278552356721901
de-014,日本語訳聖書,2,翻訳,0.17852702385190217
de-014,日本語訳聖書,3,福音,0.16915131739618997
de-014,日本語訳聖書,4,新約,0.14646126198756831
de-014,日本語訳聖書,5,改訳,0.13196172920464097
de-014,日本語訳聖書,6,出版,0.07495633877399362
de-014,日本語訳聖書,7,刊行,0.07016885087509057
de-014,日本語訳聖書,8,ギュツラフ,0.06912281053576431
de-014,日本語訳聖書,9,協会,0.06356831712762623
de-014,日本語訳聖書,10,宣教師,0.062261383871905954
de-014,日本語訳聖書,11,ヘボン,0.05935778100550165
de-014,日本語訳聖書,12,日本語,0.054901636875916274
de-014,日本語訳聖書,13,旧約,0.049516329917815925
de-014,日本語訳聖書,14,マタイ,0.046012166083734526
de-014,日本語訳聖書,15,日本人,0.04561756828635501
de-014,日本語訳聖書,16,委員,0.04186202852043399
de-014,日本語訳聖書,17,ヨハネ,0.04175319723236774
de-014,日本語訳聖書,18,ベッテルハイム,0.039571854003667764
de-014,日本語訳聖書,19,ゴーブル,0.039571854003667764
de-014,日本語訳聖書,20,方言,0.038929649893636925
de-015,芥川龍之介賞,1,芥川賞,0.32457808180120473
de-015,芥川龍之介賞,2,受賞,0.20742149754973307
de-015,芥川龍之介賞,3,直木賞,0.18997586402525712
de-015,芥川龍之介賞,4,文藝春秋,0.18329593974232103
de-015,芥川龍之介賞,5,選考,0.1831260175983986
de-015,芥川龍之介賞,6,作家,0.13779763674180176
de-015,芥川龍之介賞,7,菊池,0.11881454871513907
de-015,芥川龍之介賞,8,委員,0.11033271484535437
de-015,芥川龍之介賞,9,文学,0.10175512119132181
de-015,芥川龍之介賞,10,作品,0.10082361229757099
de-015,芥川龍之介賞,11,新人,0.1007376281287317
de-015,芥川龍之介賞,12,候補,0.09075771538111599
de-015,芥川龍之介賞,13,芥川,0.07947415704660024
de-015,芥川龍之介賞,14,下半期,0.07599034561010284
de-015,芥川龍之介賞,15,上半期,0.056767255033285884
de-015,芥川龍之介賞,16,直木,0.05317085027118208
de-015,芥川龍之介賞,17,話題,0.0486426151534486
de-015,芥川龍之介賞,18,授賞,0.04541380402662871
de-015,芥川龍之介賞,19,設立,0.04416970539621267
de-015,芥川龍之介賞,20,川崎,0.04320529044186876
de-016,津島市立図書館,1,津島,0.42902750172607157
de-016,津島市立図書館,2,図書館,0.4267559375349648
de-016,津島市立図書館,3,昭和,0.1332660260943752
de-016,津島市立図書館,4,海部,0.09360600037659744
de-016,津島市立図書館,5,小学校,0.07986005216039517
de-016,津島市立図書館,6,愛知,0.0767720631533866
de-016,津島市立図書館,7,蔵書,0.07229664922361713
de-016,津島市立図書館,8,明治,0.0663013577647222
de-016,津島市立図書館,9,市立,0.06591132892654224
de-016,津島市立図書館,10,念書,0.06261421482455348
de-016,津島市立図書館,11,高等,0.060323652538779284
de-016,津島市立図書館,12,移転,0.057332611649726806
de-016,津島市立図書館,13,町村,0.05576282802356855
de-016,津島市立図書館,14,文庫,0.054808615264412844
de-016,津島市立図書館,15,図書,0.053670857229997836
de-016,津島市立図書館,16,西郡,0.05366932699247441
de-016,津島市立図書館,17,設置,0.053390748391155124
de-016,津島市立図書館,18,公共,0.050765835959287464
de-016,津島市立図書館,19,改称,0.048935592082588415
de-016,津島市立図書館,20,教育,0.04645773029382201
de-017,エリザベス1世,1,エリザベス,0.4191296008565485
de-017,エリザベス1世,2,彼女,0.26592457092247535
de-017,エリザベス1世,3,王位,0.10022808987915802
de-017,エリザベス1世,4,メアリー,0.09856209988188129
de-017,エリザベス1世,5,継承,0.08397525883592998
de-017,エリザベス1世,6,キャサリン,0.076684548845562
de-017,エリザベス1世,7,結婚,0.06675394962561691
de-017,エリザベス1世,8,ヘンリー,0.060472178588835836
de-017,エリザベス1世,9,女王,0.05192634821972353
de-017,エリザベス1世,10,求婚,0.04012122564238574
de-017,エリザベス1世,11,治世,0.039798325472549835
de-017,エリザベス1世,12,イングランド,0.039798325472549835
de-017,エリザベス1世,13,死去,0.03894636803189089
de-017,エリザベス1世,14,シーモア,0.03847838230976507
de-017,エリザベス1世,15,エドワード,0.03664255632994831
de-017,エリザベス1世,16,パー,0.03552451825763626
de-017,エリザベス1世,17,王妃,0.03512497157696009
de-017,エリザベス1世,18,トマス・シーモア,0.032065318591470895
de-017,エリザベス1世,19,議会,0.031224491859698226
de-017,エリザベス1世,20,フェリペ,0.0300909192317893
de-018,条約改正,1,条約,0.19516202008674935
de-018,条約改正,2,改正,0.09571669641114593
de-018,条約改正,3,交渉,0.09454384721369442
de-018,条約改正,4,明治,0.07695079864921124
de-018,条約改正,5,公使,0.06601683467844413
de-018,条約改正,6,関税,0.062014535060637525
de-018,条約改正,7,外国,0.060175006620805875
de-018,条約改正,8,領事,0.05596475096639389
de-018,条約改正,9,アメリカ,0.04685594584481741
de-018,条約改正,10,裁判,0.0457196856667068
de-018,条約改正,11,幕府,0.0423699334419696
de-018,条約改正,12,政府,0.04220824881523457
de-018,条約改正,13,不平等,0.04128700407912997
de-018,条約改正,14,イギリス,0.041081462464916264
de-018,条約改正,15,パーセント,0.037696768122219775
de-018,条約改正,16,通商,0.0348831759716086
de-018,条約改正,17,岩倉,0.03395036283089026
de-018,条約改正,18,寺島,0.03336952973625352
de-018,条約改正,19,外交,0.03222910884813264
de-018,条約改正,20,貿易,0.03125577851750222
de-019,ジャンヌ・ダルク,1,ジャンヌ,0.7393529427017118
de-019,ジャンヌ・ダルク,2,フランス,0.17000559689192388
de-019,ジャンヌ・ダルク,3,イングランド,0.14608326526394763
de-019,ジャンヌ・ダルク,4,シャルル,0.13751175257184153
de-019,ジャンヌ・ダルク,5,オルレアン,0.11398514138787373
de-019,ジャンヌ・ダルク,6,異端,0.09291334633232536
de-019,ジャンヌ・ダルク,7,ブルゴーニュ,0.07506783892922489
de-019,ジャンヌ・ダルク,8,裁判,0.055820476389277125
de-019,ジャンヌ・ダルク,9,戦い,0.05407031790552602
de-019,ジャンヌ・ダルク,10,審問,0.05045078643311368
de-019,ジャンヌ・ダルク,11,ランス,0.05026382193238517
de-019,ジャンヌ・ダルク,12,ジャン,0.0466582489636917
de-019,ジャンヌ・ダルク,13,男装,0.045082496506201934
de-019,ジャンヌ・ダルク,14,太子,0.037165338532930144
de-019,ジャンヌ・ダルク,15,包囲,0.036928058489401866
de-019,ジャンヌ・ダルク,16,公国,0.03417705672959178
de-019,ジャンヌ・ダルク,17,王位,0.03372380435934023
de-019,ジャンヌ・ダルク,18,作戦,0.03170043571807224
de-019,ジャンヌ・ダルク,19,指揮,0.028224000755175237
de-019,ジャンヌ・ダルク,20,証言,0.026655085342206595
de-020,大西洋横断電信ケーブル,1,ケーブル,0.7219202638467072
de-020,大西洋横断電信ケーブル,2,敷設,0.23652690416295702
de-020,大西洋横断電信ケーブル,3,大西洋,0.15215574291899364
de-020,大西洋横断電信ケーブル,4,電信,0.13857068912531836
de-020,大西洋横断電信ケーブル,5,トムソン,0.11075329555822959
de-020,大西洋横断電信ケーブル,6,英国,0.10209637199178376
de-020,大西洋横断電信ケーブル,7,横断,0.10061674350928575
de-020,大西洋横断電信ケーブル,8,海底,0.09036670314389336
de-020,大西洋横断電信ケーブル,9,通信,0.08076463892564383
de-020,大西洋横断電信ケーブル,10,ヴァレンティア,0.05042755556339878
de-020,大西洋横断電信ケーブル,11,アガメムノン,0.05042755556339878
de-020,大西洋横断電信ケーブル,12,ナイアガラ,0.05042755556339878
de-020,大西洋横断電信ケーブル,13,ホワイトハウス,0.0492236869147687
de-020,大西洋横断電信ケーブル,14,接続,0.04711978064787083
de-020,大西洋横断電信ケーブル,15,信号,0.04546920021141721
de-020,大西洋横断電信ケーブル,16,モールス,0.04118268730211949
de-020,大西洋横断電信ケーブル,17,工事,0.038652774034345166
de-020,大西洋横断電信ケーブル,18,ポンド,0.03736018411175531
de-020,大西洋横断電信ケーブル,19,ガタパーチャ,0.036019682545284835
de-020,大西洋横断電信ケーブル,20,鉄線,0.036019682545284835
de-021,アレクサンドル・ゴルチャコフ,1,ロシア,0.2840553801043993
de-021,アレクサンドル・ゴルチャコフ,2,大使館,0.14852405193793536
de-021,アレクサンドル・ゴルチャコフ,3,帝国,0.13762317539923816
de-021,アレクサンドル・ゴルチャコフ,4,連邦,0.13068585167226912
de-021,アレクサンドル・ゴルチャコフ,5,クリミア,0.11256240965662019
de-021,アレクサンドル・ゴルチャコフ,6,ドイツ,0.10768868243561353
de-021,アレクサンドル・ゴルチャコフ,7,アレクサンドル,0.10651707162376031
de-021,アレクサンドル・ゴルチャコフ,8,ゴルチャコフ,0.09702929173780685
de-021,アレクサンドル・ゴルチャコフ,9,アレクサンドル・ゴルチャコフ,0.09702929173780685
de-021,アレクサンドル・ゴルチャコフ,10,大使,0.09519792971569836
de-021,アレクサンドル・ゴルチャコフ,11,プロイセン,0.09354304040105571
de-021,アレクサンドル・ゴルチャコフ,12,入省,0.08919712020605604
de-021,アレクサンドル・ゴルチャコフ,13,勤務,0.08847112692897341
de-021,アレクサンドル・ゴルチャコフ,14,オーストリア,0.08344967241807218
de-021,アレクサンドル・ゴルチャコフ,15,戦争,0.08295520235414441
de-021,アレクサンドル・ゴルチャコフ,16,エストニア,0.08287377796949759
de-021,アレクサンドル・ゴルチャコフ,17,シュトゥットガルト,0.08136494867430524
de-021,アレクサンドル・ゴルチャコフ,18,皇帝,0.08010784080941202
de-021,アレクサンドル・ゴルチャコフ,19,議会,0.07873746629027481
de-021,アレクサンドル・ゴルチャコフ,20,全権,0.07776660143002802
de-022,神戸外国人居留地,1,居留,0.503794935623139
de-022,神戸外国人居留地,2,神戸,0.18475033493029164
de-022,神戸外国人居留地,3,兵庫,0.17123423643768043
de-022,神戸外国人居留地,4,外国,0.1558070603908174
de-022,神戸外国人居留地,5,明治,0.13108123688700593
de-022,神戸外国人居留地,6,開港,0.08297798939675233
de-022,神戸外国人居留地,7,借地,0.08124414743429921
de-022,神戸外国人居留地,8,領事,0.06991065978326226
de-022,神戸外国人居留地,9,警察,0.06801109584683562
de-022,神戸外国人居留地,10,条約,0.06546652921750365
de-022,神戸外国人居留地,11,永代,0.06473371006443544
de-022,神戸外国人居留地,12,慶応,0.06008929170871392
de-022,神戸外国人居留地,13,返還,0.05821058992519953
de-022,神戸外国人居留地,14,江戸,0.04831499341282354
de-022,神戸外国人居留地,15,幕府,0.048116488110033134
de-022,神戸外国人居留地,16,政府,0.047368958329791315
de-022,神戸外国人居留地,17,会議,0.04247538563997495
de-022,神戸外国人居留地,18,自治,0.03849319048802651
de-022,神戸外国人居留地,19,行事,0.03804709056483829
de-022,神戸外国人居留地,20,裁判,0.033548670153151404
de-023,LED照明,1,照明,0.23908320709523537
de-023,LED照明,2,素子,0.22709609961281493
de-023,LED照明,3,発光,0.1950988896515636
de-023,LED照明,4,チップ,0.15727089053826482
de-023,LED照明,5,蛍光,0.1301759187588997
de-023,LED照明,6,電流,0.10376847140219674
de-023,LED照明,7,実装,0.10253585440387263
de-023,LED照明,8,回路,0.09319756476341619
de-023,LED照明,9,光源,0.08444129186201275
de-023,LED照明,10,電圧,0.08283663826349892
de-023,LED照明,11,器具,0.07780189038643916
de-023,LED照明,12,電源,0.07752270426564793
de-023,LED照明,13,パッケージ,0.06312022900491764
de-023,LED照明,14,マルチ,0.06158289498460357
de-023,LED照明,15,方式,0.05760693036575421
de-023,LED照明,16,放熱,0.05677402490320373
de-023,LED照明,17,直列,0.05428368762557963
de-023,LED照明,18,白色,0.053488799640676925
de-023,LED照明,19,青色,0.052103622698926065
de-023,LED照明,20,基板,0.047098182956261656
de-024,小林一茶,1,一茶,0.7730671380177392
de-024,小林一茶,2,柏原,0.262946833908886
de-024,小林一茶,3,俳諧,0.16106669998785825
de-024,小林一茶,4,江戸,0.1396858460036102
de-024,小林一茶,5,奉公,0.12819837492003314
de-024,小林一茶,6,継母,0.07827688096697046
de-024,小林一茶,7,中村,0.07580818778999604
de-024,小林一茶,8,小林,0.07526372175675748
de-024,小林一茶,9,左衛門,0.06972369732011119
de-024,小林一茶,10,北信濃,0.06761490014799926
de-024,小林一茶,11,葛飾,0.06715152972001735
de-024,小林一茶,12,兵衛,0.06391338921010192
de-024,小林一茶,13,北国,0.05241280860981833
de-024,小林一茶,14,時代,0.05174255219674773
de-024,小林一茶,15,宿場,0.051333888716014256
de-024,小林一茶,16,街道,0.04712128057757103
de-024,小林一茶,17,俳句,0.04409937506888197
de-024,小林一茶,18,故郷,0.04151894735530219
de-024,小林一茶,19,祖母,0.03763186087837874
de-024,小林一茶,20,天明,0.03662810712000947
de-025,チェーザレ・ボルジア,1,チェーザレ,0.7568906230151653
de-025,チェーザレ・ボルジア,2,アレクサンデル,0.14192672539679008
de-025,チェーザレ・ボルジア,3,フランス,0.10087421218494026
de-025,チェーザレ・ボルジア,4,フィレンツェ,0.08520298883655904
de-025,チェーザレ・ボルジア,5,反乱,0.07935182453402317
de-025,チェーザレ・ボルジア,6,ウルビーノ,0.07917335714672558
de-025,チェーザレ・ボルジア,7,教皇,0.07026791881286024
de-025,チェーザレ・ボルジア,8,オルシーニ,0.06052576083732797
de-025,チェーザレ・ボルジア,9,イーモラ,0.05766785699163165
de-025,チェーザレ・ボルジア,10,ヴィテロッツォ,0.05296004073266197
de-025,チェーザレ・ボルジア,11,ローマ,0.05099122018211113
de-025,チェーザレ・ボルジア,12,ナポリ,0.04944621458563159
de-025,チェーザレ・ボルジア,13,枢機卿,0.04681009458847994
de-025,チェーザレ・ボルジア,14,ボルジア,0.04539432062799598
de-025,チェーザレ・ボルジア,15,ファエンツァ,0.04539432062799598
de-025,チェーザレ・ボルジア,16,グイドバルド,0.04539432062799598
de-025,チェーザレ・ボルジア,17,攻撃,0.04177505568068576
de-025,チェーザレ・ボルジア,18,フアン,0.04173010645763502
de-025,チェーザレ・ボルジア,19,進軍,0.04055597515235023
de-025,チェーザレ・ボルジア,20,イタリア,0.03791635028136807
de-026,天洋丸級貨客船,1,貨客船,0.3499145548408023
de-026,天洋丸級貨客船,2,浅野,0.18191218219975716
de-026,天洋丸級貨客船,3,汽船,0.1649444940556783
de-026,天洋丸級貨客船,4,総一郎,0.16219084778896403
de-026,天洋丸級貨客船,5,春洋,0.15131440209331992
de-026,天洋丸級貨客船,6,建造,0.1357825050122727
de-026,天洋丸級貨客船,7,東洋,0.12015919178499745
de-026,天洋丸級貨客船,8,タービン,0.10758497983377231
de-026,天洋丸級貨客船,9,航路,0.09227052518383402
de-026,天洋丸級貨客船,10,船舶,0.08280673479357027
de-026,天洋丸級貨客船,11,三菱,0.0713735480386389
de-026,天洋丸級貨客船,12,機関,0.06866093920626527
de-026,天洋丸級貨客船,13,日本郵船,0.06620005091582747
de-026,天洋丸級貨客船,14,メイル,0.06620005091582747
de-026,天洋丸級貨客船,15,パシフィック,0.06461964185286817
de-026,天洋丸級貨客船,16,経営,0.04938820433655406
de-026,天洋丸級貨客船,17,船内,0.047582365359092604
de-026,天洋丸級貨客船,18,就航,0.04737138434359791
de-026,天洋丸級貨客船,19,長崎造船所,0.047285750654162476
de-026,天洋丸級貨客船,20,石炭,0.03884829593189666
de-027,松阪市図書館,1,松阪,0.5631714185682244
de-027,松阪市図書館,2,図書館,0.35743169457874696
de-027,松阪市図書館,3,平成,0.19121196464272464
de-027,松阪市図書館,4,嬉野,0.15575137216679394
de-027,松阪市図書館,5,昭和,0.07485395232511616
de-027,松阪市図書館,6,飯南,0.07268397367783717
de-027,松阪市図書館,7,開館,0.07222613164946035
de-027,松阪市図書館,8,三重,0.06993629912804558
de-027,松阪市図書館,9,設置,0.061977168628184906
de-027,松阪市図書館,10,管理,0.058910041222890334
de-027,松阪市図書館,11,公民館,0.05278116013473639
de-027,松阪市図書館,12,市立,0.051007558056816234
de-027,松阪市図書館,13,貸出,0.050049099982570296
de-027,松阪市図書館,14,学習,0.04821891647678136
de-027,松阪市図書館,15,三雲,0.04772639140408681
de-027,松阪市図書館,16,導入,0.0456273137570873
de-027,松阪市図書館,17,蔵書,0.04196177947682735
de-027,松阪市図書館,18,建設,0.041908155784295874
de-027,松阪市図書館,19,貸し出し,0.041084237300893896
de-027,松阪市図書館,20,山中,0.0393449261010645
de-028,はつゆきさくら,1,初雪,0.7012628334087166
de-028,はつゆきさくら,2,復讐,0.2210784969657988
de-028,はつゆきさくら,3,学園,0.16929302878725158
de-028,はつゆきさくら,4,幽霊,0.16110092118848895
de-028,はつゆきさくら,5,シロクマ,0.1443208793074942
de-028,はつゆきさくら,6,卒業,0.12108158029103303
de-028,はつゆきさくら,7,物語,0.11730589062865332
de-028,はつゆきさくら,8,アキラ,0.11339497659874545
de-028,はつゆきさくら,9,さくら,0.08287780826205972
de-028,はつゆきさくら,10,ゲーム,0.08004201731016103
de-028,はつゆきさくら,11,彼女,0.07409282122525056
de-028,はつゆきさくら,12,川邊,0.06185180541749752
de-028,はつゆきさくら,13,内田,0.058635751313964736
de-028,はつゆきさくら,14,主人公,0.05844099207206679
de-028,はつゆきさくら,15,バレンタイン,0.05154317118124793
de-028,はつゆきさくら,16,ナイトメア,0.05154317118124793
de-028,はつゆきさくら,17,美少女,0.051018114684415104
de-028,はつゆきさくら,18,少女,0.04933594019653606
de-028,はつゆきさくら,19,ヒロイン,0.04783564588048445
de-028,はつゆきさくら,20,発売,0.04581174876358617
de-029,ヴェルトハイム,1,ヴェルトハイム,0.4812721888639847
de-029,ヴェルトハイム,2,教会,0.10543735404944674
de-029,ヴェルトハイム,3,マイン,0.09732274216394377
de-029,ヴェルトハイム,4,教区,0.08731924624236709
de-029,ヴェルトハイム,5,バードン,0.07923499256097721
de-029,ヴェルトハイム,6,ユダヤ,0.06785761537825462
de-029,ヴェルトハイム,7,マインタウバー,0.05942624442073291
de-029,ヴェルトハイム,8,都市,0.05807367988770992
de-029,ヴェルトハイム,9,バイエルン,0.04961155361474844
de-029,ヴェルトハイム,10,ラインハルツホーフ,0.04952187035061076
de-029,ヴェルトハイム,11,バーデンヴュルテンベルク,0.04552448176606666
de-029,ヴェルトハイム,12,ヒトラー,0.04194715345666193
de-029,ヴェルトハイム,13,ナッシヒ,0.03961749628048861
de-029,ヴェルトハイム,14,ベシュテンハイト,0.03961749628048861
de-029,ヴェルトハイム,15,ヴァルトベルク,0.03961749628048861
de-029,ヴェルトハイム,16,ミルテンベルク,0.03774683834227331
de-029,ヴェルトハイム,17,ヴュルツブルク,0.035390088059615916
de-029,ヴェルトハイム,18,市議会,0.034100021161299746
de-029,ヴェルトハイム,19,バーデン,0.03267826953642275
de-029,ヴェルトハイム,20,市長,0.031439435425990515
de-030,アレクサンダー・グラハム・ベル,1,アレック,0.22262831937619013
de-030,アレクサンダー・グラハム・ベル,2,グラハム,0.12120929201018875
de-030,アレクサンダー・グラハム・ベル,3,ブラント,0.11694733538127347
de-030,アレクサンダー・グラハム・ベル,4,アレクサンダー,0.09640964114246027
de-030,アレクサンダー・グラハム・ベル,5,メルヴィル,0.09541213687551006
de-030,アレクサンダー・グラハム・ベル,6,オートマタ,0.09541213687551006
de-030,アレクサンダー・グラハム・ベル,7,フォード,0.09386371141021348
de-030,アレクサンダー・グラハム・ベル,8,実験,0.09002590539924539
de-030,アレクサンダー・グラハム・ベル,9,製粉,0.07870016580021812
de-030,アレクサンダー・グラハム・ベル,10,大学,0.07653231523226661
de-030,アレクサンダー・グラハム・ベル,11,エディンバラ,0.07647049140619422
de-030,アレクサンダー・グラハム・ベル,12,ミドル,0.07647049140619422
de-030,アレクサンダー・グラハム・ベル,13,ネーム,0.07550369832853167
de-030,アレクサンダー・グラハム・ベル,14,入学,0.07115411385003916
de-030,アレクサンダー・グラハム・ベル,15,ロンドン,0.06940917998846312
de-030,アレクサンダー・グラハム・ベル,16,ボストン,0.06876885606663927
de-030,アレクサンダー・グラハム・ベル,17,脱穀,0.06360809125034005
de-030,アレクサンダー・グラハム・ベル,18,ウェストンハウス,0.06360809125034005
de-030,アレクサンダー・グラハム・ベル,19,フォノトグラフ,0.06360809125034005
de-030,アレクサンダー・グラハム・ベル,20,スコットランド,0.06212622272491016
de-031,ヒトに由来する生薬,1,本草,0.2160239387302804
de-031,ヒトに由来する生薬,2,生薬,0.1717418463759181
de-031,ヒトに由来する生薬,3,収載,0.12784669311536248
de-031,ヒトに由来する生薬,4,綱目,0.12480800050212991
de-031,ヒトに由来する生薬,5,薬効,0.11449456425061208
de-031,ヒトに由来する生薬,6,識編,0.11449456425061208
de-031,ヒトに由来する生薬,7,見地,0.10392861769387379
de-031,ヒトに由来する生薬,8,成分,0.09198398972770479
de-031,ヒトに由来する生薬,9,乱髪,0.08587092318795905
de-031,ヒトに由来する生薬,10,加美,0.0818162721068774
de-031,ヒトに由来する生薬,11,和名,0.07838722823591594
de-031,ヒトに由来する生薬,12,記載,0.06301816810340413
de-031,ヒトに由来する生薬,13,人体,0.06235717061632427
de-031,ヒトに由来する生薬,14,古代,0.060470764946568
de-031,ヒトに由来する生薬,15,世紀,0.0581204315161951
de-031,ヒトに由来する生薬,16,医学,0.054735770095855306
de-031,ヒトに由来する生薬,17,医療,0.05430091897645792
de-031,ヒトに由来する生薬,18,紀元前,0.051371047729643175
de-031,ヒトに由来する生薬,19,呪術,0.04992320020085197
de-031,ヒトに由来する生薬,20,胎盤,0.04889552900200358
de-032,君沢形,1,君沢,0.37656024819064915
de-032,君沢形,2,建造,0.19344746006978603
de-032,君沢形,3,スクーナー,0.179646282819998
de-032,君沢形,4,安政,0.14784824274442296
de-032,君沢形,5,戸田,0.14320866234896446
de-032,君沢形,6,洋式,0.12552008273021636
de-032,君沢形,7,ディアナ,0.0770678046968643
de-032,君沢形,8,幕府,0.06843010170962453
de-032,君沢形,9,ロシア,0.06374768895458181
de-032,君沢形,10,航海,0.053013449488871045
de-032,君沢形,11,習得,0.05179244389956095
de-032,君沢形,12,同型,0.05021476957933064
de-032,君沢形,13,プチャーチン,0.045643666447351405
de-032,君沢形,14,作業,0.04264029608833833
de-032,君沢形,15,鳳凰,0.041776736569750596
de-032,君沢形,16,小型,0.04175548165863982
de-032,君沢形,17,江川,0.0409167606711327
de-032,君沢形,18,船体,0.03951472759843588
de-032,君沢形,19,技術,0.038729755428449704
de-032,君沢形,20,造船,0.035346167476649426
de-033,姫路城,1,姫路城,0.2245936881365262
de-033,姫路城,2,姫路,0.17542100307191022
de-033,姫路城,3,赤松,0.13903418789404
de-033,姫路城,4,播磨,0.11746635341376932
de-033,姫路城,5,城代,0.10694937530310772
de-033,姫路城,6,小寺,0.09625443777279694
de-033,姫路城,7,天守,0.09286994280277598
de-033,姫路城,8,城郭,0.08809976506032699
de-033,姫路城,9,天正,0.07197222720582984
de-033,姫路城,10,秀吉,0.07197222720582984
de-033,姫路城,11,輝政,0.06734974367683062
de-033,姫路城,12,山名,0.06416962518186463
de-033,姫路城,13,池田,0.060768987174096914
de-033,姫路城,14,本多,0.057524151767063034
de-033,姫路城,15,黒田,0.05472670122636709
de-033,姫路城,16,築城,0.053296728231904705
de-033,姫路城,17,城主,0.05154658273140109
de-033,姫路城,18,時代,0.04882702758380406
de-033,姫路城,19,父子,0.04560558435530591
de-033,姫路城,20,龍野,0.044899829117887084
de-034,ワルシャワ・ゲットー蜂起,1,ゲットー,0.46743974377494985
de-034,ワルシャワ・ゲットー蜂起,2,ユダヤ,0.31412631674188235
de-034,ワルシャワ・ゲットー蜂起,3,移送,0.15628530883473105
de-034,ワルシャワ・ゲットー蜂起,4,ワルシャワ,0.14703965980517758
de-034,ワルシャワ・ゲットー蜂起,5,シュトロープ,0.11944950675295696
de-034,ワルシャワ・ゲットー蜂起,6,作戦,0.1169891729851296
de-034,ワルシャワ・ゲットー蜂起,7,ドイツ,0.10605754010505863
de-034,ワルシャワ・ゲットー蜂起,8,部隊,0.09841849650829304
de-034,ワルシャワ・ゲットー蜂起,9,戦闘,0.09517817824129211
de-034,ワルシャワ・ゲットー蜂起,10,警察,0.07939883729465715
de-034,ワルシャワ・ゲットー蜂起,11,武装,0.07645200740175935
de-034,ワルシャワ・ゲットー蜂起,12,ポーランド,0.0761394019880522
de-034,ワルシャワ・ゲットー蜂起,13,組織,0.07138668698313022
de-034,ワルシャワ・ゲットー蜂起,14,レジスタンス,0.06382390318291326
de-034,ワルシャワ・ゲットー蜂起,15,収容,0.05491318108153661
de-034,ワルシャワ・ゲットー蜂起,16,地下,0.05428580735116188
de-034,ワルシャワ・ゲットー蜂起,17,トレブリンカ,0.05308866966798087
de-034,ワルシャワ・ゲットー蜂起,18,抵抗,0.04984833795093912
de-034,ワルシャワ・ゲットー蜂起,19,労働,0.04860778098302415
de-034,ワルシャワ・ゲットー蜂起,20,少将,0.04856651642814419
de-035,アメリカ合衆国における東アジア人のステレオタイプ,1,アメリカ,0.20795693146932243
de-035,アメリカ合衆国における東アジア人のステレオタイプ,2,アジア,0.1976956640288538
de-035,アメリカ合衆国における東アジア人のステレオタイプ,3,東アジア,0.1828185180188603
de-035,アメリカ合衆国における東アジア人のステレオタイプ,4,ステレオ,0.13065202081507027
de-035,アメリカ合衆国における東アジア人のステレオタイプ,5,白人,0.11702949884374482
de-035,アメリカ合衆国における東アジア人のステレオタイプ,6,タイプ,0.09238031466958906
de-035,アメリカ合衆国における東アジア人のステレオタイプ,7,フー・マンチュー,0.07648422308239268
de-035,アメリカ合衆国における東アジア人のステレオタイプ,8,チャーリー・チャン,0.07648422308239268
de-035,アメリカ合衆国における東アジア人のステレオタイプ,9,男性,0.06967428090887492
de-035,アメリカ合衆国における東アジア人のステレオタイプ,10,差別,0.06791125561022568
de-035,アメリカ合衆国における東アジア人のステレオタイプ,11,中国人,0.06385932921380055
de-035,アメリカ合衆国における東アジア人のステレオタイプ,12,女性,0.05559058480407735
de-035,アメリカ合衆国における東アジア人のステレオタイプ,13,映画,0.05406584607266883
de-035,アメリカ合衆国における東アジア人のステレオタイプ,14,チャン,0.04789449691035041
de-035,アメリカ合衆国における東アジア人のステレオタイプ,15,モデル・マイノリティ,0.041718667135850554
de-035,アメリカ合衆国における東アジア人のステレオタイプ,16,メディア,0.035456369292861736
de-035,アメリカ合衆国における東アジア人のステレオタイプ,17,移民,0.03477387202544261
de-035,アメリカ合衆国における東アジア人のステレオタイプ,18,黄禍,0.034765555946542126
de-035,アメリカ合衆国における東アジア人のステレオタイプ,19,民族,0.03475661533242996
de-035,アメリカ合衆国における東アジア人のステレオタイプ,20,西洋,0.0330743464256532
de-036,オーストラリアワイン,1,ワイン,0.5719001669766909
de-036,オーストラリアワイン,2,オーストラリア,0.3300058154623054
de-036,オーストラリアワイン,3,ブドウ,0.20460638263642386
de-036,オーストラリアワイン,4,生産,0.13605266464543142
de-036,オーストラリアワイン,5,品種,0.11209380351649338
de-036,オーストラリアワイン,6,栽培,0.11207408853794736
de-036,オーストラリアワイン,7,リットル,0.0991345784746914
de-036,オーストラリアワイン,8,シラーズ,0.07165096286543439
de-036,オーストラリアワイン,9,年代,0.06584313111469803
de-036,オーストラリアワイン,10,輸出,0.06365605474157843
de-036,オーストラリアワイン,11,ブレンド,0.06119787006027405
de-036,オーストラリアワイン,12,消費,0.050965354411497195
de-036,オーストラリアワイン,13,フランス,0.04409200160330187
de-036,オーストラリアワイン,14,産地,0.0434607445927815
de-036,オーストラリアワイン,15,ビクトリア,0.039756802335697894
de-036,オーストラリアワイン,16,地方,0.03541194491472544
de-036,オーストラリアワイン,17,ハンター・ヴァレー,0.03306967516866202
de-036,オーストラリアワイン,18,赤ワイン,0.03235275077261367
de-036,オーストラリアワイン,19,気候,0.03193950196503004
de-036,オーストラリアワイン,20,シドニー,0.029838430801145146
de-037,日立鉱山の鉱害問題,1,鉱山,0.3881847371786918
de-037,日立鉱山の鉱害問題,2,日立,0.2870745778264606
de-037,日立鉱山の鉱害問題,3,煙害,0.22591367484219588
de-037,日立鉱山の鉱害問題,4,被害,0.147081136150991
de-037,日立鉱山の鉱害問題,5,赤沢,0.13508465400144865
de-037,日立鉱山の鉱害問題,6,宮田,0.11951894379400442
de-037,日立鉱山の鉱害問題,7,鉱害,0.10356490140111063
de-037,日立鉱山の鉱害問題,8,銅山,0.10303838574550157
de-037,日立鉱山の鉱害問題,9,鉱毒,0.09992335618020201
de-037,日立鉱山の鉱害問題,10,入四間,0.09906207960106235
de-037,日立鉱山の鉱害問題,11,毒水,0.0868898749393061
de-037,日立鉱山の鉱害問題,12,明治,0.07706574991694731
de-037,日立鉱山の鉱害問題,13,補償,0.05634366006752023
de-037,日立鉱山の鉱害問題,14,経営,0.05429712547204204
de-037,日立鉱山の鉱害問題,15,解決,0.051619288647518524
de-037,日立鉱山の鉱害問題,16,水田,0.04768781433349779
de-037,日立鉱山の鉱害問題,17,発生,0.04737268940741641
de-037,日立鉱山の鉱害問題,18,交渉,0.042680016883342234
de-037,日立鉱山の鉱害問題,19,流域,0.037990819271022824
de-037,日立鉱山の鉱害問題,20,鉱業,0.03739863978848569
de-038,サフランの取引と利用,1,サフラン,0.8656329130761773
de-038,サフランの取引と利用,2,料理,0.20386010537236762
de-038,サフランの取引と利用,3,イラン,0.07193686131286789
de-038,サフランの取引と利用,4,モロッコ,0.06875723694772333
de-038,サフランの取引と利用,5,柱頭,0.067354480701672
de-038,サフランの取引と利用,6,香辛料,0.06389488080313818
de-038,サフランの取引と利用,7,生産,0.06383358307094424
de-038,サフランの取引と利用,8,香り,0.05729769745643612
de-038,サフランの取引と利用,9,収穫,0.05674986226354077
de-038,サフランの取引と利用,10,染色,0.05452105581450244
de-038,サフランの取引と利用,11,乾燥,0.051519565774469187
de-038,サフランの取引と利用,12,医薬,0.05111590464251054
de-038,サフランの取引と利用,13,染料,0.049152204489256064
de-038,サフランの取引と利用,14,インド,0.04839279120568576
de-038,サフランの取引と利用,15,オレンジ,0.04638452457042901
de-038,サフランの取引と利用,16,マウス,0.04638452457042901
de-038,サフランの取引と利用,17,防止,0.04546924727623228
de-038,サフランの取引と利用,18,干草,0.043961223475064364
de-038,サフランの取引と利用,19,カシミール,0.043961223475064364
de-038,サフランの取引と利用,20,クロシン,0.043961223475064364
de-039,ブルゴーニュのブドウ畑のクリマ,1,ブルゴーニュ,0.34852519005890514
de-039,ブルゴーニュのブドウ畑のクリマ,2,ブドウ,0.3270279098735897
de-039,ブルゴーニュのブドウ畑のクリマ,3,栽培,0.3206821486540349
de-039,ブルゴーニュのブドウ畑のクリマ,4,クリマ,0.19516118906354332
de-039,ブルゴーニュのブドウ畑のクリマ,5,ワイン,0.18367768710568633
de-039,ブルゴーニュのブドウ畑のクリマ,6,コート,0.16534098269479922
de-039,ブルゴーニュのブドウ畑のクリマ,7,保有,0.08259997125555689
de-039,ブルゴーニュのブドウ畑のクリマ,8,ドール,0.08182724951904562
de-039,ブルゴーニュのブドウ畑のクリマ,9,細分,0.07721969147236193
de-039,ブルゴーニュのブドウ畑のクリマ,10,フランス,0.07228044875625454
de-039,ブルゴーニュのブドウ畑のクリマ,11,区画,0.06887913266463237
de-039,ブルゴーニュのブドウ畑のクリマ,12,世紀,0.06604594490476716
de-039,ブルゴーニュのブドウ畑のクリマ,13,ド・ニュイ,0.06505372968784777
de-039,ブルゴーニュのブドウ畑のクリマ,14,土地,0.06499707443298658
de-039,ブルゴーニュのブドウ畑のクリマ,15,シトー,0.05980261468360575
de-039,ブルゴーニュのブドウ畑のクリマ,16,遺産,0.05639490211158568
de-039,ブルゴーニュのブドウ畑のクリマ,17,赤ワイン,0.05455149967936374
de-039,ブルゴーニュのブドウ畑のクリマ,18,ピノ・ノワール,0.05455149967936374
de-039,ブルゴーニュのブドウ畑のクリマ,19,収量,0.05286101823001367
de-039,ブルゴーニュのブドウ畑のクリマ,20,ボルドー,0.05286101823001367
de-040,ヘンリー・キャヴェンディッシュ,1,キャヴェンディッシュ,0.41238040376450297
de-040,ヘンリー・キャヴェンディッシュ,2,ヘンリー,0.13992899849732346
de-040,ヘンリー・キャヴェンディッシュ,3,気体,0.12488124604640588
de-040,ヘンリー・キャヴェンディッシュ,4,実験,0.11761448931191737
de-040,ヘンリー・キャヴェンディッシュ,5,測定,0.08595154485120036
de-040,ヘンリー・キャヴェンディッシュ,6,デヴォンシャー,0.07957605986124959
de-040,ヘンリー・キャヴェンディッシュ,7,発表,0.06871895666156798
de-040,ヘンリー・キャヴェンディッシュ,8,万有引力,0.06598086460232049
de-040,ヘンリー・キャヴェンディッシュ,9,協会,0.0648926570677851
de-040,ヘンリー・キャヴェンディッシュ,10,フロギストン,0.06366084788899967
de-040,ヘンリー・キャヴェンディッシュ,11,ドルトン,0.06366084788899967
de-040,ヘンリー・キャヴェンディッシュ,12,父親,0.0600332828929783
de-040,ヘンリー・キャヴェンディッシュ,13,原稿,0.05926453747675096
de-040,ヘンリー・キャヴェンディッシュ,14,遺稿,0.059147817341133356
de-040,ヘンリー・キャヴェンディッシュ,15,研究所,0.05910230255665416
de-040,ヘンリー・キャヴェンディッシュ,16,膨張,0.054155565660438006
de-040,ヘンリー・キャヴェンディッシュ,17,マクスウェル,0.05193805837981394
de-040,ヘンリー・キャヴェンディッシュ,18,論文,0.051626576774155025
de-040,ヘンリー・キャヴェンディッシュ,19,研究,0.049519331922542015
de-040,ヘンリー・キャヴェンディッシュ,20,法則,0.048881965116835874
de-041,コウイカ,1,吸盤,0.3897765034004954
de-041,コウイカ,2,外套,0.34300332299243597
de-041,コウイカ,3,交接,0.1764906433345438
de-041,コウイカ,4,基部,0.1405072753736188
de-041,コウイカ,5,円錐,0.10919170962429778
de-041,コウイカ,6,末端,0.09448836420362629
de-041,コウイカ,7,角質,0.07453586738110302
de-041,コウイカ,8,貝殻,0.07091112201587199
de-041,コウイカ,9,烏賊,0.06981375868939761
de-041,コウイカ,10,僅か,0.06551855848881741
de-041,コウイカ,11,突起,0.06201408200211285
de-041,コウイカ,12,ミナミ,0.06088195146445362
de-041,コウイカ,13,後端,0.05854307282663426
de-041,コウイカ,14,後方,0.05761505677552464
de-041,コウイカ,15,個体,0.052368954413727214
de-041,コウイカ,16,マイカ,0.052360319017048206
de-041,コウイカ,17,シリヤケイカ,0.052360319017048206
de-041,コウイカ,18,カミナリイカ,0.052360319017048206
de-041,コウイカ,19,奥谷,0.052360319017048206
de-041,コウイカ,20,縮小,0.05158076097525289
de-042,赤血球,1,赤血球,0.6148525506050567
de-042,赤血球,2,細胞,0.3654642690927122
de-042,赤血球,3,酸素,0.25597432569520334
de-042,赤血球,4,ヘモグロビン,0.25031762612752756
de-042,赤血球,5,脂質,0.14886045975659432
de-042,赤血球,6,造血,0.1250871657353165
de-042,赤血球,7,二酸化炭素,0.11063098719033437
de-042,赤血球,8,分子,0.10272836397212458
de-042,赤血球,9,骨髄,0.09121564740960177
de-042,赤血球,10,重層,0.08823687898325701
de-042,赤血球,11,タンパク質,0.07415065588577631
de-042,赤血球,12,イオン,0.06355770504495113
de-042,赤血球,13,血液,0.057970798608541485
de-042,赤血球,14,親和,0.0555942958823629
de-042,赤血球,15,胎児,0.05398996690481708
de-042,赤血球,16,前駆,0.05398996690481708
de-042,赤血球,17,成熟,0.05326425474694175
de-042,赤血球,18,産出,0.05326425474694175
de-042,赤血球,19,炭酸,0.04703753150564887
de-042,赤血球,20,バンド,0.046639528178064736
de-043,水銀の遺産アルマデンとイドリヤ,1,水銀,0.3212429334101824
de-043,水銀の遺産アルマデンとイドリヤ,2,アルマデン,0.30396786969189044
de-043,水銀の遺産アルマデンとイドリヤ,3,イドリヤ,0.23747489819678944
de-043,水銀の遺産アルマデンとイドリヤ,4,鉱山,0.19973994122582175
de-043,水銀の遺産アルマデンとイドリヤ,5,遺産,0.14822376926673406
de-043,水銀の遺産アルマデンとイドリヤ,6,ウアンカベリカ,0.10448895520658734
de-043,水銀の遺産アルマデンとイドリヤ,7,精錬,0.09135855167996654
de-043,水銀の遺産アルマデンとイドリヤ,8,スペイン,0.07913794235905422
de-043,水銀の遺産アルマデンとイドリヤ,9,タール,0.07859016177447305
de-043,水銀の遺産アルマデンとイドリヤ,10,登録,0.07287322930523732
de-043,水銀の遺産アルマデンとイドリヤ,11,世紀,0.06172081222958772
de-043,水銀の遺産アルマデンとイドリヤ,12,スロベニア,0.0611256813801457
de-043,水銀の遺産アルマデンとイドリヤ,13,ヌエバ・エスパーニャ,0.0611256813801457
de-043,水銀の遺産アルマデンとイドリヤ,14,生産,0.05976944884887576
de-043,水銀の遺産アルマデンとイドリヤ,15,カミノ・レアル,0.05699397556722946
de-043,水銀の遺産アルマデンとイドリヤ,16,ペルー,0.05261872781745017
de-043,水銀の遺産アルマデンとイドリヤ,17,推薦,0.04824423099882084
de-043,水銀の遺産アルマデンとイドリヤ,18,サン・ルイス・ポトシ,0.047494979639357886
de-043,水銀の遺産アルマデンとイドリヤ,19,建設,0.04685822187435343
de-043,水銀の遺産アルマデンとイドリヤ,20,縦坑,0.04525236289097201
de-044,スージー(チンパンジー),1,スージー,0.7050157897205177
de-044,スージー(チンパンジー),2,飼育,0.22752749922300827
de-044,スージー(チンパンジー),3,動物,0.22650779666165666
de-044,スージー(チンパンジー),4,上野,0.1779943732414099
de-044,スージー(チンパンジー),5,自転車,0.1482074978229801
de-044,スージー(チンパンジー),6,天皇,0.12911903110864836
de-044,スージー(チンパンジー),7,キャラメル,0.10747621951642351
de-044,スージー(チンパンジー),8,昭和,0.10164896317384411
de-044,スージー(チンパンジー),9,ステージ,0.08926545615195862
de-044,スージー(チンパンジー),10,チンパンジー,0.07557439987115024
de-044,スージー(チンパンジー),11,園長,0.07225940246601514
de-044,スージー(チンパンジー),12,乗り,0.06616049400881097
de-044,スージー(チンパンジー),13,野外,0.05971786871416403
de-044,スージー(チンパンジー),14,劇場,0.052502421485462296
de-044,スージー(チンパンジー),15,訪問,0.04943408494891167
de-044,スージー(チンパンジー),16,握手,0.049185418917095526
de-044,スージー(チンパンジー),17,小森,0.049185418917095526
de-044,スージー(チンパンジー),18,多摩,0.04410699600587397
de-044,スージー(チンパンジー),19,訓練,0.04285547199350929
de-044,スージー(チンパンジー),20,一輪車,0.04230094738323106
de-045,国崎町,1,国崎,0.5358345606928645
de-045,国崎町,2,鳥羽,0.15629945870250442
de-045,国崎町,3,アワビ,0.11521276732281623
de-045,国崎町,4,海女,0.11045954285167318
de-045,国崎町,5,神宮,0.08809400609993574
de-045,国崎町,6,漁業,0.08654461581516736
de-045,国崎町,7,石鏡,0.06869673855036725
de-045,国崎町,8,相差,0.06869673855036725
de-045,国崎町,9,明治,0.06789259035107553
de-045,国崎町,10,採取,0.06547802570255189
de-045,国崎町,11,戸長,0.06315156110588767
de-045,国崎町,12,大津,0.05990784024102236
de-045,国崎町,13,漁港,0.055821235250894434
de-045,国崎町,14,調進,0.054957390840293795
de-045,国崎町,15,役場,0.05257751438602912
de-045,国崎町,16,平成,0.05060233432305065
de-045,国崎町,17,海士,0.047926272192817886
de-045,国崎町,18,伊勢神宮,0.04693970784192344
de-045,国崎町,19,神戸,0.046516028772448995
de-045,国崎町,20,三重,0.046269855503114965
de-046,どんぐりころころ,1,教科書,0.30193106174778694
de-046,どんぐりころころ,2,青木,0.2673974242297071
de-046,どんぐりころころ,3,唱歌,0.22612863677238423
de-046,どんぐりころころ,4,文部省,0.16499480521326587
de-046,どんぐりころころ,5,作品,0.14841288242500522
de-046,どんぐりころころ,6,作曲,0.11755527790894717
de-046,どんぐりころころ,7,版本,0.10278574398744739
de-046,どんぐりころころ,8,童謡,0.08961385711663385
de-046,どんぐりころころ,9,小学校,0.08734693205043223
de-046,どんぐりころころ,10,どんぐり,0.0822285951899579
de-046,どんぐりころころ,11,梁田,0.0822285951899579
de-046,どんぐりころころ,12,掲載,0.07127719731344931
de-046,どんぐりころころ,13,昭和,0.06448356101340735
de-046,どんぐりころころ,14,音楽,0.06253779537601098
de-046,どんぐりころころ,15,仮名,0.05992813739782617
de-046,どんぐりころころ,16,大正,0.05871816243346595
de-046,どんぐりころころ,17,検定,0.055336054078278366
de-046,どんぐりころころ,18,著作,0.05455404407834687
de-046,どんぐりころころ,19,終戦,0.05419481307760552
de-046,どんぐりころころ,20,初出,0.05376831426998031
de-047,マー・ワラー・アンナフル,1,マー・ワラー・アンナフル,0.28856377771674246
de-047,マー・ワラー・アンナフル,2,ソグド,0.19708080731662733
de-047,マー・ワラー・アンナフル,3,トランスオクシアナ,0.1475375398648609
de-047,マー・ワラー・アンナフル,4,ソグディアナ,0.1407720052261624
de-047,マー・ワラー・アンナフル,5,テュルク,0.13225839812017362
de-047,マー・ワラー・アンナフル,6,トルキスタン,0.10821141664377841
de-047,マー・ワラー・アンナフル,7,地域,0.10659642713536954
de-047,マー・ワラー・アンナフル,8,世紀,0.09718498384675248
de-047,マー・ワラー・アンナフル,9,支配,0.09566479336719722
de-047,マー・ワラー・アンナフル,10,サマルカンド,0.09443669452689854
de-047,マー・ワラー・アンナフル,11,オアシス,0.08593337739490911
de-047,マー・ワラー・アンナフル,12,イスラーム,0.07848396896198716
de-047,マー・ワラー・アンナフル,13,ブハラ,0.07082752089517391
de-047,マー・ワラー・アンナフル,14,征服,0.06716533004585153
de-047,マー・ワラー・アンナフル,15,突厥,0.06706251812039131
de-047,マー・ワラー・アンナフル,16,アラブ,0.060877347993418374
de-047,マー・ワラー・アンナフル,17,遊牧,0.058057499360816646
de-047,マー・ワラー・アンナフル,18,中央アジア,0.05111243493141334
de-047,マー・ワラー・アンナフル,19,都市,0.05079433085764893
de-047,マー・ワラー・アンナフル,20,モンゴル,0.05073112332784864
de-048,松江騒擾事件,1,島根,0.17625575766441406
de-048,松江騒擾事件,2,岡崎,0.17165030972162473
de-048,松江騒擾事件,3,松江,0.14075385090465306
de-048,松江騒擾事件,4,事件,0.11767723998363572
de-048,松江騒擾事件,5,昭和,0.09811466044239098
de-048,松江騒擾事件,6,皇国,0.08210641302771428
de-048,松江騒擾事件,7,尊攘,0.07655654370397538
de-048,松江騒擾事件,8,報国,0.06379711975331281
de-048,松江騒擾事件,9,同志,0.06135819518476207
de-048,松江騒擾事件,10,大審院,0.058647437876938775
de-048,松江騒擾事件,11,東條,0.0556350670886166
de-048,松江騒擾事件,12,支部,0.05478227592950995
de-048,松江騒擾事件,13,決起,0.05448981686701736
de-048,松江騒擾事件,14,義勇軍,0.05262269630029443
de-048,松江騒擾事件,15,長谷川,0.05262269630029443
de-048,松江騒擾事件,16,波多野,0.05103769580265025
de-048,松江騒擾事件,17,騒擾,0.04862779917199251
de-048,松江騒擾事件,18,愛宕山,0.04862779917199251
de-048,松江騒擾事件,19,維新,0.04450805367089328
de-048,松江騒擾事件,20,判決,0.041728661613864806
de-049,ゾング号事件,1,奴隷,0.5271918217229647
de-049,ゾング号事件,2,ゾング,0.5254787836875107
de-049,ゾング号事件,3,船員,0.12885875851735473
de-049,ゾング号事件,4,アフリカ,0.11312106787070678
de-049,ゾング号事件,5,事件,0.11198288178804108
de-049,ゾング号事件,6,保険,0.11168448468595393
de-049,ゾング号事件,7,船長,0.08583404428826442
de-049,ゾング号事件,8,ジャマイカ,0.08217724449620871
de-049,ゾング号事件,9,コリングウッド,0.0768993341981723
de-049,ゾング号事件,10,スタブス,0.0768993341981723
de-049,ゾング号事件,11,死亡,0.07349015373260974
de-049,ゾング号事件,12,リヴァプール,0.06706101519517428
de-049,ゾング号事件,13,貿易,0.06482541765361356
de-049,ゾング号事件,14,出航,0.05722269619217629
de-049,ゾング号事件,15,グレグソン,0.05126622279878153
de-049,ゾング号事件,16,コースト,0.05126622279878153
de-049,ゾング号事件,17,イギリス,0.044551204948783646
de-049,ゾング号事件,18,ウィリアム,0.04444254972375707
de-049,ゾング号事件,19,人数,0.04272307043183907
de-049,ゾング号事件,20,オランダ,0.04251617916002323
de-050,江戸開城,1,西郷,0.2116636671862438
de-050,江戸開城,2,慶喜,0.1984216753818677
de-050,江戸開城,3,徳川,0.18174258532909318
de-050,江戸開城,4,江戸城,0.10565756656264966
de-050,江戸開城,5,総督,0.10255798900160856
de-050,江戸開城,6,東征,0.0961978508017371
de-050,江戸開城,7,薩摩,0.07793970236382967
de-050,江戸開城,8,パークス,0.07067565694482228
de-050,江戸開城,9,江戸,0.06972678208676053
de-050,江戸開城,10,山岡,0.06961150915551992
de-050,江戸開城,11,恭順,0.057718710481042254
de-050,江戸開城,12,大久保,0.0507556544424619
de-050,江戸開城,13,歎願,0.05048261210344448
de-050,江戸開城,14,松平,0.049271804831802025
de-050,江戸開城,15,謹慎,0.04809892540086855
de-050,江戸開城,16,鎮撫,0.04328903286078169
de-050,江戸開城,17,参謀,0.04032503684771117
de-050,江戸開城,18,会談,0.039197531110737295
de-050,江戸開城,19,幕府,0.038459245875603204
de-050,江戸開城,20,総裁,0.0379013883321554
de-051,百済,1,倭国,0.24403597645693417
de-051,百済,2,百済,0.19267319527589952
de-051,百済,3,伽耶,0.18872730370980012
de-051,百済,4,高句麗,0.1806311205711558
de-051,百済,5,国史,0.09211088665997534
de-051,百済,6,時代,0.0684114946915936
de-051,百済,7,泗沘,0.06740260846778576
de-051,百済,8,国号,0.05877927810147405
de-051,百済,9,地方,0.05774129793526136
de-051,百済,10,南朝,0.05756930416248458
de-051,百済,11,朝鮮半島,0.04932894211775399
de-051,百済,12,世紀,0.04927006753335221
de-051,百済,13,即位,0.04579025643540896
de-051,百済,14,諸国,0.044718744171452995
de-051,百済,15,日本書紀,0.04381572625658904
de-051,百済,16,治世,0.041828852282373805
de-051,百済,17,祚王,0.04044156508067145
de-051,百済,18,東城,0.04044156508067145
de-051,百済,19,忠清,0.038531996282673814
de-051,百済,20,成立,0.037506330921266685
de-052,北越急行ほくほく線,1,鉄道,0.16471271120491984
de-052,北越急行ほくほく線,2,運転,0.13621922741107137
de-052,北越急行ほくほく線,3,直江津,0.10302153885441016
de-052,北越急行ほくほく線,4,昭和,0.08660960975567829
de-052,北越急行ほくほく線,5,北越北線,0.08109531046082177
de-052,北越急行ほくほく線,6,北越,0.07726615414080762
de-052,北越急行ほくほく線,7,特急,0.07696043389612314
de-052,北越急行ほくほく線,8,列車,0.07322855658033593
de-052,北越急行ほくほく線,9,上越,0.07244198770440267
de-052,北越急行ほくほく線,10,新幹線,0.07221767289147407
de-052,北越急行ほくほく線,11,松代,0.07208472040961936
de-052,北越急行ほくほく線,12,路線,0.06903411681462399
de-052,北越急行ほくほく線,13,工事,0.06768494156192573
de-052,北越急行ほくほく線,14,速度,0.061213837039570854
de-052,北越急行ほくほく線,15,開業,0.05675801142127974
de-052,北越急行ほくほく線,16,建設,0.05657136850537222
de-052,北越急行ほくほく線,17,高速,0.05280402980816079
de-052,北越急行ほくほく線,18,最高,0.04905332356516008
de-052,北越急行ほくほく線,19,急行,0.04827421310364688
de-052,北越急行ほくほく線,20,開始,0.04782155655776363
de-053,みんなの森ぎふメディアコスモス,1,岐阜,0.2635119341779245
de-053,みんなの森ぎふメディアコスモス,2,コスモス,0.1473667411961468
de-053,みんなの森ぎふメディアコスモス,3,図書館,0.14427528418610122
de-053,みんなの森ぎふメディアコスモス,4,開館,0.11749812452402021
de-053,みんなの森ぎふメディアコスモス,5,メディア,0.10997913620496429
de-053,みんなの森ぎふメディアコスモス,6,本館,0.0956599234311829
de-053,みんなの森ぎふメディアコスモス,7,施設,0.08499997743026595
de-053,みんなの森ぎふメディアコスモス,8,年度,0.06884939015707213
de-053,みんなの森ぎふメディアコスモス,9,市立,0.065198223358558
de-053,みんなの森ぎふメディアコスモス,10,貸出,0.06397311543367176
de-053,みんなの森ぎふメディアコスモス,11,市民,0.0534703238547708
de-053,みんなの森ぎふメディアコスモス,12,図書,0.05309018334961146
de-053,みんなの森ぎふメディアコスモス,13,ホール,0.05309018334961146
de-053,みんなの森ぎふメディアコスモス,14,旧館,0.05189559615065157
de-053,みんなの森ぎふメディアコスモス,15,交流,0.05184114668835544
de-053,みんなの森ぎふメディアコスモス,16,冊数,0.04818946724600021
de-053,みんなの森ぎふメディアコスモス,17,設計,0.04151052662710287
de-053,みんなの森ぎふメディアコスモス,18,か月,0.0398451271497451
de-053,みんなの森ぎふメディアコスモス,19,分館,0.039504591910106246
de-053,みんなの森ぎふメディアコスモス,20,事業,0.03816494768561671
de-054,織田信長,1,信長,0.6814837629372927
de-054,織田信長,2,天正,0.09959218606594981
de-054,織田信長,3,安土,0.08774772834944114
de-054,織田信長,4,織田,0.07012886061405575
de-054,織田信長,5,フロイス,0.06012144050446275
de-054,織田信長,6,無辺,0.05886049571147231
de-054,織田信長,7,家臣,0.054693702665817405
de-054,織田信長,8,大名,0.05112265221560316
de-054,織田信長,9,相撲,0.050273392347833075
de-054,織田信長,10,義昭,0.04984997538880573
de-054,織田信長,11,足利,0.043156221916342004
de-054,織田信長,12,茶の湯,0.037387481541604296
de-054,織田信長,13,天下,0.036227974064718164
de-054,織田信長,14,京都,0.03510449942419315
de-054,織田信長,15,尾張,0.034694253952637075
de-054,織田信長,16,献上,0.032996480824053875
de-054,織田信長,17,戦国,0.031710772981161095
de-054,織田信長,18,裕子,0.03115623461800358
de-054,織田信長,19,肖像,0.030521127239196536
de-054,織田信長,20,光秀,0.030060720252231374
de-055,矢作水力,1,発電,0.34657741727700986
de-055,矢作水力,2,水力,0.24481822743923928
de-055,矢作水力,3,矢作,0.19751165762732648
de-055,矢作水力,4,電力,0.16784343900438142
de-055,矢作水力,5,キロワット,0.1101923954198215
de-055,矢作水力,6,送電,0.07902673756996349
de-055,矢作水力,7,矢作川,0.07808600417824535
de-055,矢作水力,8,合併,0.07747337398799023
de-055,矢作水力,9,大正,0.07290897103115868
de-055,矢作水力,10,昭和,0.07166556241969105
de-055,矢作水力,11,福澤,0.06587720973323835
de-055,矢作水力,12,水利,0.06070228043295243
de-055,矢作水力,13,上村,0.05709358176880657
de-055,矢作水力,14,天竜川,0.056722959077144613
de-055,矢作水力,15,水系,0.056650957311323365
de-055,矢作水力,16,恵那,0.05141971448380782
de-055,矢作水力,17,社長,0.051168148750596464
de-055,矢作水力,18,水車,0.05013883405768961
de-055,矢作水力,19,取水,0.04932060285177385
de-055,矢作水力,20,名古屋,0.04775693883389003
de-056,コソボ紛争,1,コソボ,0.5035837502517821
de-056,コソボ紛争,2,セルビア,0.436791560780381
de-056,コソボ紛争,3,アルバニア,0.32975683311171844
de-056,コソボ紛争,4,ユーゴスラビア,0.2340209783373486
de-056,コソボ紛争,5,主義,0.16631062521512047
de-056,コソボ紛争,6,ランダム,0.0925932615780871
de-056,コソボ紛争,7,民族,0.08845836153642658
de-056,コソボ紛争,8,共産,0.07494730973091374
de-056,コソボ紛争,9,自治,0.05055577838825429
de-056,コソボ紛争,10,政治,0.04967603475055288
de-056,コソボ紛争,11,コソボ・メトヒヤ,0.039816502250985646
de-056,コソボ紛争,12,チトー,0.039816502250985646
de-056,コソボ紛争,13,多く,0.03808012767002361
de-056,コソボ紛争,14,ヴォイヴォディナ,0.03793644765388442
de-056,コソボ紛争,15,モンテネグロ,0.03660252768888389
de-056,コソボ紛争,16,経済,0.03579324111360337
de-056,コソボ紛争,17,ベオグラード,0.03284241849468144
de-056,コソボ紛争,18,活動,0.03242424405279238
de-056,コソボ紛争,19,マケドニア,0.031137357690390936
de-056,コソボ紛争,20,衝突,0.0307646022018651
de-057,小田急3000形電車(初代),1,車両,0.21194738086049147
de-057,小田急3000形電車(初代),2,連接,0.1417335973297635
de-057,小田急3000形電車(初代),3,小田急,0.12940893669239278
de-057,小田急3000形電車(初代),4,車体,0.10894074014616399
de-057,小田急3000形電車(初代),5,国鉄,0.09811877011400248
de-057,小田急3000形電車(初代),6,特急,0.09160754848150553
de-057,小田急3000形電車(初代),7,鉄道,0.0864974314799772
de-057,小田急3000形電車(初代),8,軽量,0.06814991324188445
de-057,小田急3000形電車(初代),9,編成,0.06309624357430003
de-057,小田急3000形電車(初代),10,研究,0.060260393658835565
de-057,小田急3000形電車(初代),11,研究所,0.057210659773810436
de-057,小田急3000形電車(初代),12,座席,0.05678092435117235
de-057,小田急3000形電車(初代),13,高速,0.05674292005319664
de-057,小田急3000形電車(初代),14,電車,0.053146891105365246
de-057,小田急3000形電車(初代),15,技術,0.0433555575990608
de-057,小田急3000形電車(初代),16,当時,0.042743534533719096
de-057,小田急3000形電車(初代),17,山本,0.042585693263379264
de-057,小田急3000形電車(初代),18,採用,0.04164962292596899
de-057,小田急3000形電車(初代),19,台車,0.04092065590233768
de-057,小田急3000形電車(初代),20,先頭,0.03924750804560099
de-058,スペンサー・コンプトン(初代ウィルミントン伯爵),1,スペンサー・コンプトン,0.32472197844186196
de-058,スペンサー・コンプトン(初代ウィルミントン伯爵),2,ホイッグ,0.2678451020931793
de-058,スペンサー・コンプトン(初代ウィルミントン伯爵),3,選挙,0.22755814033331448
de-058,スペンサー・コンプトン(初代ウィルミントン伯爵),4,ウォルポール,0.1933815526114727
de-058,スペンサー・コンプトン(初代ウィルミントン伯爵),5,年金,0.1427590934783162
de-058,スペンサー・コンプトン(初代ウィルミントン伯爵),6,伯爵,0.14095865660273732
de-058,スペンサー・コンプトン(初代ウィルミントン伯爵),7,出馬,0.11566965086651225
de-058,スペンサー・コンプトン(初代ウィルミントン伯爵),8,スミス,0.10937228196833727
de-058,スペンサー・コンプトン(初代ウィルミントン伯爵),9,ジョージ,0.10570891296862375
de-058,スペンサー・コンプトン(初代ウィルミントン伯爵),10,ウィルミントン,0.10312975475656816
de-058,スペンサー・コンプトン(初代ウィルミントン伯爵),11,主計,0.09950351014583142
de-058,スペンサー・コンプトン(初代ウィルミントン伯爵),12,男爵,0.09825634109026392
de-058,スペンサー・コンプトン(初代ウィルミントン伯爵),13,議長,0.09670384831495274
de-058,スペンサー・コンプトン(初代ウィルミントン伯爵),14,議員,0.08211412344005732
de-058,スペンサー・コンプトン(初代ウィルミントン伯爵),15,ハーレー,0.0721604396537471
de-058,スペンサー・コンプトン(初代ウィルミントン伯爵),16,コーンウォリス,0.0721604396537471
de-058,スペンサー・コンプトン(初代ウィルミントン伯爵),17,コンプトン,0.0721604396537471
de-058,スペンサー・コンプトン(初代ウィルミントン伯爵),18,カートレット,0.0721604396537471
de-058,スペンサー・コンプトン(初代ウィルミントン伯爵),19,支持,0.07109888222027416
de-058,スペンサー・コンプトン(初代ウィルミントン伯爵),20,庶民,0.0701680768821623
de-059,チャールズ・グレイ(第2代グレイ伯爵),1,グレイ,0.4369198795881968
de-059,チャールズ・グレイ(第2代グレイ伯爵),2,ホイッグ,0.23299391190854046
de-059,チャールズ・グレイ(第2代グレイ伯爵),3,選挙,0.19434989497366809
de-059,チャールズ・グレイ(第2代グレイ伯爵),4,伯爵,0.18392631727769454
de-059,チャールズ・グレイ(第2代グレイ伯爵),5,トーリー,0.144756500334879
de-059,チャールズ・グレイ(第2代グレイ伯爵),6,政権,0.13930841015681644
de-059,チャールズ・グレイ(第2代グレイ伯爵),7,内閣,0.138760692476931
de-059,チャールズ・グレイ(第2代グレイ伯爵),8,チャールズ,0.11903144554696635
de-059,チャールズ・グレイ(第2代グレイ伯爵),9,フォックス,0.11649695595427023
de-059,チャールズ・グレイ(第2代グレイ伯爵),10,国王,0.09931074192052283
de-059,チャールズ・グレイ(第2代グレイ伯爵),11,ウルトラ・トーリー,0.08474104261969644
de-059,チャールズ・グレイ(第2代グレイ伯爵),12,カニング,0.07790077439048644
de-059,チャールズ・グレイ(第2代グレイ伯爵),13,組閣,0.06791787065681723
de-059,チャールズ・グレイ(第2代グレイ伯爵),14,閣僚,0.06153668152926737
de-059,チャールズ・グレイ(第2代グレイ伯爵),15,国民,0.06014091181636205
de-059,チャールズ・グレイ(第2代グレイ伯爵),16,公爵,0.05905660493439
de-059,チャールズ・グレイ(第2代グレイ伯爵),17,解散,0.05493421808537705
de-059,チャールズ・グレイ(第2代グレイ伯爵),18,メルバーン,0.05193384959365762
de-059,チャールズ・グレイ(第2代グレイ伯爵),19,ジョージ,0.049655370960261416
de-059,チャールズ・グレイ(第2代グレイ伯爵),20,大命,0.04926631598768286
de-060,水琴窟,1,空洞,0.3864547055831153
de-060,水琴窟,2,水滴,0.3225806782208896
de-060,水琴窟,3,排水,0.2440874267603162
de-060,水琴窟,4,縦穴,0.18495275763560412
de-060,水琴窟,5,手水,0.15853093511623212
de-060,水琴窟,6,逆さ,0.15028794106010038
de-060,水琴窟,7,上部,0.12765279845252306
de-060,水琴窟,8,点滴,0.1128358361584698
de-060,水琴窟,9,水門,0.10588221887011508
de-060,水琴窟,10,間欠,0.10568729007748806
de-060,水琴窟,11,地中,0.10454358230104385
de-060,水琴窟,12,平山,0.09216590806311131
de-060,水琴窟,13,庭園,0.07674728691239911
de-060,水琴窟,14,砕石,0.07552271271404068
de-060,水琴窟,15,反響,0.07460139907061722
de-060,水琴窟,16,モルタル,0.07286718589140886
de-060,水琴窟,17,設置,0.07278833390131445
de-060,水琴窟,18,工夫,0.07081697199679617
de-060,水琴窟,19,落ち,0.06770150169508188
de-060,水琴窟,20,モニュメント,0.06440911759718589
de-061,陳朝,1,大越,0.3531140766607662
de-061,陳朝,2,モンゴル,0.11568592609341184
de-061,陳朝,3,チャンパ,0.10704932799030688
de-061,陳朝,4,嗣慶,0.09630383908929986
de-061,陳朝,5,ベトナム,0.08514683259778034
de-061,陳朝,6,チャン,0.0737067958682651
de-061,陳朝,7,ジャヤ・シンハヴァルマン,0.06420255939286658
de-061,陳朝,8,攻撃,0.05639809981020364
de-061,陳朝,9,反乱,0.05611484164867059
de-061,陳朝,10,鎮圧,0.05035905795556283
de-061,陳朝,11,ウリヤンカダイ,0.04815191954464993
de-061,陳朝,12,トガン,0.04815191954464993
de-061,陳朝,13,范五,0.04815191954464993
de-061,陳朝,14,デルタ,0.04662218363837329
de-061,陳朝,15,上皇,0.04587828342441723
de-061,陳朝,16,侵入,0.04554691824384669
de-061,陳朝,17,皇帝,0.04417161315659167
de-061,陳朝,18,譲位,0.04199147680445492
de-061,陳朝,19,要求,0.04021967997135771
de-061,陳朝,20,皇族,0.036491499684763
de-062,アレクサンドリア(ルイジアナ州),1,アレクサンドリア,0.43055827972468474
de-062,アレクサンドリア(ルイジアナ州),2,ルイジアナ,0.18959625968477906
de-062,アレクサンドリア(ルイジアナ州),3,フルトン,0.108732026697465
de-062,アレクサンドリア(ルイジアナ州),4,綿花,0.07804975120682789
de-062,アレクサンドリア(ルイジアナ州),5,気温,0.07340214574069454
de-062,アレクサンドリア(ルイジアナ州),6,レッド,0.06724171536096865
de-062,アレクサンドリア(ルイジアナ州),7,芸術,0.06412213066214296
de-062,アレクサンドリア(ルイジアナ州),8,立地,0.062177998232831565
de-062,アレクサンドリア(ルイジアナ州),9,アメリカ合衆国,0.05956490966604117
de-062,アレクサンドリア(ルイジアナ州),10,南部,0.05880997527905778
de-062,アレクサンドリア(ルイジアナ州),11,イングランド,0.05872171659255562
de-062,アレクサンドリア(ルイジアナ州),12,同館,0.05766656534183309
de-062,アレクサンドリア(ルイジアナ州),13,気候,0.05483387775373752
de-062,アレクサンドリア(ルイジアナ州),14,ストリート,0.054315614035154045
de-062,アレクサンドリア(ルイジアナ州),15,北西,0.05356913379128652
de-062,アレクサンドリア(ルイジアナ州),16,都市,0.0533480403291423
de-062,アレクサンドリア(ルイジアナ州),17,中央,0.05304261529478525
de-062,アレクサンドリア(ルイジアナ州),18,工場,0.05231559235484952
de-062,アレクサンドリア(ルイジアナ州),19,位置,0.05194009866016354
de-062,アレクサンドリア(ルイジアナ州),20,登録,0.051851553948787515
de-063,日立鉱山,1,鉱山,0.3450816222488449
de-063,日立鉱山,2,赤沢,0.2859170799433887
de-063,日立鉱山,3,銅山,0.22744455914702463
de-063,日立鉱山,4,日立,0.18558390936101007
de-063,日立鉱山,5,経営,0.14164590109319763
de-063,日立鉱山,6,明治,0.12832520857688168
de-063,日立鉱山,7,鉱床,0.1209811484824599
de-063,日立鉱山,8,久原,0.09279195468050504
de-063,日立鉱山,9,水戸,0.08325416403093724
de-063,日立鉱山,10,鉱業,0.06850133920935332
de-063,日立鉱山,11,鉱害,0.06598086460232049
de-063,日立鉱山,12,採掘,0.05961102639963155
de-063,日立鉱山,13,開発,0.057734639796221156
de-063,日立鉱山,14,小坂鉱山,0.05193805837981394
de-063,日立鉱山,15,精錬,0.05087754468557277
de-063,日立鉱山,16,寛永,0.05068150988549886
de-063,日立鉱山,17,藤田,0.04639597734025252
de-063,日立鉱山,18,房之助,0.03848883768468695
de-063,日立鉱山,19,永田,0.03713549460191647
de-063,日立鉱山,20,衛門,0.03642425178226432
de-064,松竹歌劇団,1,松竹,0.5063235370905445
de-064,松竹歌劇団,2,歌劇,0.30894512689699066
de-064,松竹歌劇団,3,宝塚,0.17730138988499836
de-064,松竹歌劇団,4,少女,0.16954141164898737
de-064,松竹歌劇団,5,東京,0.1547085060765978
de-064,松竹歌劇団,6,楽劇,0.15189706112716336
de-064,松竹歌劇団,7,上演,0.11925035566998748
de-064,松竹歌劇団,8,レビュー,0.11514281198616837
de-064,松竹歌劇団,9,公演,0.11280634774058891
de-064,松竹歌劇団,10,劇場,0.09673094651570735
de-064,松竹歌劇団,11,劇団,0.08676157489443749
de-064,松竹歌劇団,12,大阪,0.08211508921042375
de-064,松竹歌劇団,13,水の江,0.08100621000680931
de-064,松竹歌劇団,14,興行,0.0700157520155339
de-064,松竹歌劇団,15,人気,0.06611770933742893
de-064,松竹歌劇団,16,スター,0.059251511221302185
de-064,松竹歌劇団,17,白井,0.05063235370905445
de-064,松竹歌劇団,18,浅草,0.044853682175365346
de-064,松竹歌劇団,19,生徒,0.04306762779545734
de-064,松竹歌劇団,20,本拠,0.04055937480809703
de-065,オグリキャップ,1,オグリキャップ,0.46866172866667793
de-065,オグリキャップ,2,レース,0.22562973823229926
de-065,オグリキャップ,3,競馬,0.14624697295594352
de-065,オグリキャップ,4,出走,0.12912551673064326
de-065,オグリキャップ,5,佐橋,0.10582684195699178
de-065,オグリキャップ,6,優勝,0.10350426263545238
de-065,オグリキャップ,7,競走,0.09976077354957227
de-065,オグリキャップ,8,コーナー,0.0942470332792708
de-065,オグリキャップ,9,番手,0.07251169043257547
de-065,オグリキャップ,10,クラシック,0.0717816850306463
de-065,オグリキャップ,11,小栗,0.06858553181533093
de-065,オグリキャップ,12,中央,0.06440755593100948
de-065,オグリキャップ,13,瀬戸口,0.060472481118281025
de-065,オグリキャップ,14,タマモクロス,0.060472481118281025
de-065,オグリキャップ,15,牡馬,0.05704857536891208
de-065,オグリキャップ,16,馬主,0.05704857536891208
de-065,オグリキャップ,17,騎乗,0.05704857536891208
de-065,オグリキャップ,18,調教,0.056115435121634395
de-065,オグリキャップ,19,前方,0.05516190683969818
de-065,オグリキャップ,20,登録,0.05384847779144549
de-066,川端康成,1,康成,0.27856701429132763
de-066,川端康成,2,川端,0.14877097030605724
de-066,川端康成,3,祖父,0.07633304728100124
de-066,川端康成,4,栄吉,0.049764218202938276
de-066,川端康成,5,文学,0.04535034147474512
de-066,川端康成,6,菊池,0.044930163595375425
de-066,川端康成,7,大阪,0.044859267022616556
de-066,川端康成,8,茨木,0.042146180093690866
de-066,川端康成,9,浅草,0.039380550963368094
de-066,川端康成,10,丁目,0.036863434886454834
de-066,川端康成,11,鈴木,0.03512702708975456
de-066,川端康成,12,作品,0.03407584900495014
de-066,川端康成,13,踊子,0.033176145468625524
de-066,川端康成,14,彦次郎,0.033176145468625524
de-066,川端康成,15,東光,0.033176145468625524
de-066,川端康成,16,芳子,0.03160963507026815
de-066,川端康成,17,小説,0.03138132808816224
de-066,川端康成,18,小学校,0.03085385144638577
de-066,川端康成,19,番地,0.02979385415525754
de-066,川端康成,20,小笠原,0.02963606537123664
de-067,海辺の生と死(映画),1,島尾,0.33896417047878574
de-067,海辺の生と死(映画),2,満島,0.2824701420656548
de-067,海辺の生と死(映画),3,公開,0.18376052708177285
de-067,海辺の生と死(映画),4,越川,0.16948208523939287
de-067,海辺の生と死(映画),5,敏雄,0.15580154878097288
de-067,海辺の生と死(映画),6,挨拶,0.12307336305853474
de-067,海辺の生と死(映画),7,出し,0.10765298961431236
de-067,海辺の生と死(映画),8,試写,0.10765298961431236
de-067,海辺の生と死(映画),9,作品,0.10712508806616916
de-067,海辺の生と死(映画),10,大平,0.10386769918731524
de-067,海辺の生と死(映画),11,完成,0.10288424924284702
de-067,海辺の生と死(映画),12,海辺,0.10093159982791775
de-067,海辺の生と死(映画),13,奄美,0.0947473415483686
de-067,海辺の生と死(映画),14,果て,0.0947473415483686
de-067,海辺の生と死(映画),15,舞台,0.09457111440046796
de-067,海辺の生と死(映画),16,バージョン,0.08835908081439885
de-067,海辺の生と死(映画),17,テープ,0.08835908081439885
de-067,海辺の生と死(映画),18,映像,0.0765066262704753
de-067,海辺の生と死(映画),19,披露,0.0753275189192952
de-067,海辺の生と死(映画),20,発表,0.07474693531609147
de-068,スタンリー・ボールドウィン,1,ボールドウィン,0.3685447347122706
de-068,スタンリー・ボールドウィン,2,スタンリー・ボールドウィン,0.25798131429858945
de-068,スタンリー・ボールドウィン,3,マクドナルド,0.22034465859271998
de-068,スタンリー・ボールドウィン,4,労働党,0.15738904185194283
de-068,スタンリー・ボールドウィン,5,議員,0.12581434363991617
de-068,スタンリー・ボールドウィン,6,財務,0.114011711068508
de-068,スタンリー・ボールドウィン,7,ビュードリー,0.11056342041368118
de-068,スタンリー・ボールドウィン,8,首相,0.10767295326855224
de-068,スタンリー・ボールドウィン,9,保守党,0.09271413679411177
de-068,スタンリー・ボールドウィン,10,選挙,0.08452413171959242
de-068,スタンリー・ボールドウィン,11,挙国一致,0.07370894694245413
de-068,スタンリー・ボールドウィン,12,ボナー・ロー,0.07370894694245413
de-068,スタンリー・ボールドウィン,13,庶民,0.07167382960495547
de-068,スタンリー・ボールドウィン,14,ロイド・ジョージ,0.07022855974839262
de-068,スタンリー・ボールドウィン,15,内閣,0.06789149760673878
de-068,スタンリー・ボールドウィン,16,政務次官,0.06775918573593098
de-068,スタンリー・ボールドウィン,17,対ソ,0.06775918573593098
de-068,スタンリー・ボールドウィン,18,鋳鉄,0.06295561674077714
de-068,スタンリー・ボールドウィン,19,政権,0.060586204131147646
de-068,スタンリー・ボールドウィン,20,自由党,0.05989402923915712
de-069,アポロ17号,1,月面,0.3264958926660093
de-069,アポロ17号,2,飛行,0.17762481046084314
de-069,アポロ17号,3,着陸,0.15143291641839468
de-069,アポロ17号,4,アポロ,0.13671260419339362
de-069,アポロ17号,5,サーナン,0.10260312513267165
de-069,アポロ17号,6,シュミット,0.09775841336299688
de-069,アポロ17号,7,宇宙,0.07743581599117008
de-069,アポロ17号,8,実験,0.07595935768061331
de-069,アポロ17号,9,サンプル,0.07177556004172135
de-069,アポロ17号,10,軌道,0.06694653380174799
de-069,アポロ17号,11,エヴァンス,0.06314038469702872
de-069,アポロ17号,12,活動,0.06105870590394865
de-069,アポロ17号,13,宇宙船,0.05956542428224644
de-069,アポロ17号,14,計画,0.05481293991815048
de-069,アポロ17号,15,重力,0.05158221834070942
de-069,アポロ17号,16,標準時,0.04935258373938625
de-069,アポロ17号,17,搭乗,0.04883222183632788
de-069,アポロ17号,18,地点,0.048331551580221906
de-069,アポロ17号,19,タウルス・リットロウ,0.047355288522771544
de-069,アポロ17号,20,測定,0.04408176656890607
de-070,田原市図書館,1,田原,0.3984018932284738
de-070,田原市図書館,2,図書館,0.3627571827945775
de-070,田原市図書館,3,年度,0.15116718318340402
de-070,田原市図書館,4,貸出,0.12816232583854806
de-070,田原市図書館,5,開館,0.09629719621440813
de-070,田原市図書館,6,図書,0.0733237327017376
de-070,田原市図書館,7,渥美,0.069995572654309
de-070,田原市図書館,8,赤羽根,0.0676815158131697
de-070,田原市図書館,9,冊数,0.04914850886015706
de-070,田原市図書館,10,愛知,0.044684308072603936
de-070,田原市図書館,11,施設,0.041678655094643476
de-070,田原市図書館,12,資料,0.040214548117175765
de-070,田原市図書館,13,会館,0.04010002480383534
de-070,田原市図書館,14,点数,0.03846887158886346
de-070,田原市図書館,15,開架,0.03846887158886346
de-070,田原市図書館,16,住民,0.03756781225805855
de-070,田原市図書館,17,自治体,0.03744890963893649
de-070,田原市図書館,18,設置,0.03495991406590226
de-070,田原市図書館,19,購入,0.03442431222557476
de-070,田原市図書館,20,館長,0.034371449831858865
de-071,ミネルバ_(ローバー),1,ミネルバ,0.4095933522246678
de-071,ミネルバ_(ローバー),2,ローバー,0.31615299677540765
de-071,ミネルバ_(ローバー),3,小惑星,0.22981270077689403
de-071,ミネルバ_(ローバー),4,移動,0.1446220845191683
de-071,ミネルバ_(ローバー),5,探査,0.13595463279701459
de-071,ミネルバ_(ローバー),6,開発,0.11485179681387309
de-071,ミネルバ_(ローバー),7,イトカワ,0.10747299522898505
de-071,ミネルバ_(ローバー),8,宇宙,0.10544451539223161
de-071,ミネルバ_(ローバー),9,表面,0.1049475028390675
de-071,ミネルバ_(ローバー),10,機構,0.09195643675873534
de-071,ミネルバ_(ローバー),11,ホップ,0.08561649636786249
de-071,ミネルバ_(ローバー),12,搭載,0.08429942429983141
de-071,ミネルバ_(ローバー),13,天体,0.08133487982850325
de-071,ミネルバ_(ローバー),14,カメラ,0.07746179031286025
de-071,ミネルバ_(ローバー),15,モーター,0.07029236573962261
de-071,ミネルバ_(ローバー),16,電池,0.06169138890726195
de-071,ミネルバ_(ローバー),17,車輪,0.0540271390529585
de-071,ミネルバ_(ローバー),18,重力,0.046826410975963156
de-071,ミネルバ_(ローバー),19,画像,0.04229799631895726
de-071,ミネルバ_(ローバー),20,摩擦,0.04034434390049833
de-072,藤山一郎,1,藤山,0.5304526505070145
de-072,藤山一郎,2,音楽,0.11867637448098826
de-072,藤山一郎,3,東京,0.08294659792428309
de-072,藤山一郎,4,慰問,0.07995271820821806
de-072,藤山一郎,5,古賀,0.07849707075954956
de-072,藤山一郎,6,ビクター,0.07729735010097429
de-072,藤山一郎,7,歌手,0.07704010904633085
de-072,藤山一郎,8,ヒット,0.07048097295915871
de-072,藤山一郎,9,学校,0.0683194047345274
de-072,藤山一郎,10,一郎,0.060909404083499444
de-072,藤山一郎,11,声楽,0.05863199335269324
de-072,藤山一郎,12,増永,0.056165574759566246
de-072,藤山一郎,13,テイチク,0.056165574759566246
de-072,藤山一郎,14,バリトン,0.05163190860764799
de-072,藤山一郎,15,レコード,0.049477592664224475
de-072,藤山一郎,16,昭和,0.04798776633555896
de-072,藤山一郎,17,作曲,0.0451084205929681
de-072,藤山一郎,18,演奏,0.04100765508451645
de-072,藤山一郎,19,独唱,0.039022973189282155
de-072,藤山一郎,20,丈夫,0.03821040289682348
de-073,フレデリック・ディーリアス,1,ディーリアス,0.5540059560513487
de-073,フレデリック・ディーリアス,2,音楽,0.18936175460091065
de-073,フレデリック・ディーリアス,3,グリーグ,0.10772338034331781
de-073,フレデリック・ディーリアス,4,初演,0.10711584144742889
de-073,フレデリック・ディーリアス,5,ドイツ,0.1024779397371161
de-073,フレデリック・ディーリアス,6,フロリダ,0.09627656117411201
de-073,フレデリック・ディーリアス,7,作曲,0.08089825576529698
de-073,フレデリック・ディーリアス,8,ユリウス,0.0670507210928218
de-073,フレデリック・ディーリアス,9,作品,0.06565731204055529
de-073,フレデリック・ディーリアス,10,イェルカ,0.061556217339038745
de-073,フレデリック・ディーリアス,11,演奏,0.06067369182397274
de-073,フレデリック・ディーリアス,12,フレデリック,0.05725687940376062
de-073,フレデリック・ディーリアス,13,ピアノ,0.05506044160776613
de-073,フレデリック・ディーリアス,14,ブラッド,0.054987824995854834
de-073,フレデリック・ディーリアス,15,ハイム,0.053680860431023616
de-073,フレデリック・ディーリアス,16,ヴァイオリン,0.05077430051626976
de-073,フレデリック・ディーリアス,17,管弦楽,0.049335800907222074
de-073,フレデリック・ディーリアス,18,フォード,0.045417924875909746
de-073,フレデリック・ディーリアス,19,オペラ,0.043743266444501105
de-073,フレデリック・ディーリアス,20,指揮,0.04025759638506993
de-074,暗黒時代(古代ギリシア),1,ミケーネ,0.2896151225022209
de-074,暗黒時代(古代ギリシア),2,ドーリア,0.2026452464612603
de-074,暗黒時代(古代ギリシア),3,ギリシャ,0.19886912738271015
de-074,暗黒時代(古代ギリシア),4,カタストロフ,0.13971584315461874
de-074,暗黒時代(古代ギリシア),5,崩壊,0.12662070777448672
de-074,暗黒時代(古代ギリシア),6,文化,0.10638690108297619
de-074,暗黒時代(古代ギリシア),7,祭祀,0.10446924663745769
de-074,暗黒時代(古代ギリシア),8,侵入,0.10063316154761409
de-074,暗黒時代(古代ギリシア),9,文字,0.09466219232976147
de-074,暗黒時代(古代ギリシア),10,アルファベット,0.08496516764219485
de-074,暗黒時代(古代ギリシア),11,ホメロス,0.08496516764219485
de-074,暗黒時代(古代ギリシア),12,フェニキア,0.08357539730996615
de-074,暗黒時代(古代ギリシア),13,時代,0.07345659017032469
de-074,暗黒時代(古代ギリシア),14,テュロス,0.06985792157730937
de-074,暗黒時代(古代ギリシア),15,英雄,0.06824462463586277
de-074,暗黒時代(古代ギリシア),16,紀元前,0.060614805580699906
de-074,暗黒時代(古代ギリシア),17,暗黒,0.05942734638844525
de-074,暗黒時代(古代ギリシア),18,古代,0.053513951280148665
de-074,暗黒時代(古代ギリシア),19,世紀,0.0514340101913231
de-074,暗黒時代(古代ギリシア),20,ビュブロス,0.05066131161531508
de-075,キリスト磔刑と最後の審判,1,磔刑,0.28880287091107165
de-075,キリスト磔刑と最後の審判,2,キリスト,0.21476957195820387
de-075,キリスト磔刑と最後の審判,3,最後の審判,0.21273336604761597
de-075,キリスト磔刑と最後の審判,4,パネル,0.19655567546645225
de-075,キリスト磔刑と最後の審判,5,作品,0.1737516672292744
de-075,キリスト磔刑と最後の審判,6,ヤン・ファン・エイク,0.14966391239062937
de-075,キリスト磔刑と最後の審判,7,画家,0.12608208866298876
de-075,キリスト磔刑と最後の審判,8,挿絵,0.11406799502986147
de-075,キリスト磔刑と最後の審判,9,画面,0.11240387713585427
de-075,キリスト磔刑と最後の審判,10,ファン・エイク,0.09977594159375293
de-075,キリスト磔刑と最後の審判,11,絵画,0.09713318754519015
de-075,キリスト磔刑と最後の審判,12,制作,0.08684707328419378
de-075,キリスト磔刑と最後の審判,13,フランドル,0.08189378221822333
de-075,キリスト磔刑と最後の審判,14,写本,0.08099002646025111
de-075,キリスト磔刑と最後の審判,15,当時,0.07419304571503274
de-075,キリスト磔刑と最後の審判,16,史家,0.07344076782115083
de-075,キリスト磔刑と最後の審判,17,技法,0.07090858044580639
de-075,キリスト磔刑と最後の審判,18,装飾,0.06475545836346011
de-075,キリスト磔刑と最後の審判,19,上部,0.06324262118455792
de-075,キリスト磔刑と最後の審判,20,美術,0.060043056983734855
de-076,ユグノー戦争,1,ギーズ,0.23168811726478708
de-076,ユグノー戦争,2,ユグノー,0.2197876738402288
de-076,ユグノー戦争,3,プロテスタント,0.2132805969957565
de-076,ユグノー戦争,4,カトリック,0.1625586677730358
de-076,ユグノー戦争,5,カルヴァン,0.11584405863239354
de-076,ユグノー戦争,6,ヴァシー,0.108013739859068
de-076,ユグノー戦争,7,フランソワ,0.106260805370053
de-076,ユグノー戦争,8,虐殺,0.09805035295380636
de-076,ユグノー戦争,9,ブルボン,0.0964472224062379
de-076,ユグノー戦争,10,アンリ,0.08909452732100165
de-076,ユグノー戦争,11,フランス,0.07200769234585358
de-076,ユグノー戦争,12,戦争,0.06925976800322434
de-076,ユグノー戦争,13,オルレアン,0.05771357841976922
de-076,ユグノー戦争,14,摂政,0.05082904548836603
de-076,ユグノー戦争,15,貴族,0.04819819991857055
de-076,ユグノー戦争,16,教会,0.047910998931273756
de-076,ユグノー戦争,17,ナバラ,0.04709735868004902
de-076,ユグノー戦争,18,アントワーヌ,0.04709735868004902
de-076,ユグノー戦争,19,ラ王,0.04612785754905998
de-076,ユグノー戦争,20,カトリーヌ,0.04612785754905998
de-077,谷田部(つくば市),1,谷田部,0.8070575487590136
de-077,谷田部(つくば市),2,つくば,0.18795107471990377
de-077,谷田部(つくば市),3,陣屋,0.1082826760552784
de-077,谷田部(つくば市),4,筑波,0.10252665677553559
de-077,谷田部(つくば市),5,町村,0.0670831013817366
de-077,谷田部(つくば市),6,明治,0.06380882551792812
de-077,谷田部(つくば市),7,中心,0.06239161954384542
de-077,谷田部(つくば市),8,土浦,0.06151599406532135
de-077,谷田部(つくば市),9,道路,0.04898035433266577
de-077,谷田部(つくば市),10,商店,0.047637597896160976
de-077,谷田部(つくば市),11,細川,0.04595444455075524
de-077,谷田部(つくば市),12,市役所,0.0447220675878244
de-077,谷田部(つくば市),13,城下町,0.043719639137605286
de-077,谷田部(つくば市),14,谷田川,0.04304306926714739
de-077,谷田部(つくば市),15,賀谷,0.04304306926714739
de-077,谷田部(つくば市),16,学園,0.042075752768761354
de-077,谷田部(つくば市),17,神社,0.040827758628915724
de-077,谷田部(つくば市),18,時代,0.03900655399082091
de-077,谷田部(つくば市),19,警察,0.03862484791702494
de-077,谷田部(つくば市),20,新町,0.03845013326777819
de-078,ネフェルティティの胸像,1,胸像,0.6041395080546156
de-078,ネフェルティティの胸像,2,ネフェルティティ,0.40409846206098377
de-078,ネフェルティティの胸像,3,エジプト,0.261859411576065
de-078,ネフェルティティの胸像,4,ボルヒャルト,0.1515369232728689
de-078,ネフェルティティの胸像,5,ベルリン,0.14671508508721276
de-078,ネフェルティティの胸像,6,美術館,0.09620467240353096
de-078,ネフェルティティの胸像,7,アメンホテプ,0.09286994280277598
de-078,ネフェルティティの胸像,8,古代,0.08670440562191735
de-078,ネフェルティティの胸像,9,博物館,0.07358196147558521
de-078,ネフェルティティの胸像,10,石灰岩,0.06249719048840851
de-078,ネフェルティティの胸像,11,ドイツ,0.06166760726533516
de-078,ネフェルティティの胸像,12,トトメス,0.06015902360799809
de-078,ネフェルティティの胸像,13,アマルナ,0.06015902360799809
de-078,ネフェルティティの胸像,14,スキャン,0.05804371425173499
de-078,ネフェルティティの胸像,15,美術,0.05792389026666186
de-078,ネフェルティティの胸像,16,展示,0.05663919271413254
de-078,ネフェルティティの胸像,17,偽物,0.05051230775762297
de-078,ネフェルティティの胸像,18,返還,0.04849455763621401
de-078,ネフェルティティの胸像,19,石膏,0.04104502591977532
de-078,ネフェルティティの胸像,20,発見,0.03950698900270352
de-079,ギリシャの戦い,1,ギリシャ,0.5220699601141359
de-079,ギリシャの戦い,2,イタリア,0.2021781228090398
de-079,ギリシャの戦い,3,作戦,0.1523999897745883
de-079,ギリシャの戦い,4,ドイツ,0.1279254818194872
de-079,ギリシャの戦い,5,戦い,0.11553035589087988
de-079,ギリシャの戦い,6,アルバニア,0.11547557427109864
de-079,ギリシャの戦い,7,計画,0.1000612057566237
de-079,ギリシャの戦い,8,侵攻,0.08304540535351541
de-079,ギリシャの戦い,9,反撃,0.08190853246990476
de-079,ギリシャの戦い,10,ヒトラー,0.08136058623473354
de-079,ギリシャの戦い,11,攻略,0.07723327482872065
de-079,ギリシャの戦い,12,イギリス,0.07512409559316705
de-079,ギリシャの戦い,13,ユーゴスラビア,0.06928534456265918
de-079,ギリシャの戦い,14,ブルガリア,0.0637832267133162
de-079,ギリシャの戦い,15,マリータ,0.05763149207245574
de-079,ギリシャの戦い,16,メタクサス,0.05763149207245574
de-079,ギリシャの戦い,17,ムッソリーニ,0.05297949757205342
de-079,ギリシャの戦い,18,地中海,0.052548286800094934
de-079,ギリシャの戦い,19,戦争,0.04927204972041463
de-079,ギリシャの戦い,20,クレタ,0.048327503071651096
de-080,フリードリヒ2世(神聖ローマ皇帝),1,フリードリヒ,0.5270751021293607
de-080,フリードリヒ2世(神聖ローマ皇帝),2,シチリア,0.2429314203446239
de-080,フリードリヒ2世(神聖ローマ皇帝),3,オットー,0.1461031469673394
de-080,フリードリヒ2世(神聖ローマ皇帝),4,ハインリヒ,0.1445963376610418
de-080,フリードリヒ2世(神聖ローマ皇帝),5,ローマ,0.12904132643633473
de-080,フリードリヒ2世(神聖ローマ皇帝),6,コスタンツァ,0.12445061331588268
de-080,フリードリヒ2世(神聖ローマ皇帝),7,帝国,0.11767778766021814
de-080,フリードリヒ2世(神聖ローマ皇帝),8,インノケンティウス,0.11117103749161956
de-080,フリードリヒ2世(神聖ローマ皇帝),9,教皇,0.08256116754927159
de-080,フリードリヒ2世(神聖ローマ皇帝),10,在位,0.07998607802409112
de-080,フリードリヒ2世(神聖ローマ皇帝),11,イタリア,0.07484357838148306
de-080,フリードリヒ2世(神聖ローマ皇帝),12,諸侯,0.07124342357596174
de-080,フリードリヒ2世(神聖ローマ皇帝),13,ホーエンシュタウフェン,0.07114458444076295
de-080,フリードリヒ2世(神聖ローマ皇帝),14,皇帝,0.06849800880804796
de-080,フリードリヒ2世(神聖ローマ皇帝),15,パレルモ,0.06670262249497173
de-080,フリードリヒ2世(神聖ローマ皇帝),16,帝位,0.057749410171657314
de-080,フリードリヒ2世(神聖ローマ皇帝),17,戴冠,0.053819104747804644
de-080,フリードリヒ2世(神聖ローマ皇帝),18,洗礼,0.05112210537124952
de-080,フリードリヒ2世(神聖ローマ皇帝),19,イスラム,0.05083697647713655
de-080,フリードリヒ2世(神聖ローマ皇帝),20,イェージ,0.04978024532635308
de-081,エジプト中王国,1,エジプト,0.5186991539206399
de-081,エジプト中王国,2,王朝,0.39018784176832505
de-081,エジプト中王国,3,中間,0.184054538487969
de-081,エジプト中王国,4,文学,0.16500955983238993
de-081,エジプト中王国,5,統一,0.16258489022741723
de-081,エジプト中王国,6,王国,0.1556239667405705
de-081,エジプト中王国,7,メンチュヘテプ,0.10973919896224799
de-081,エジプト中王国,8,時代,0.10939282138384215
de-081,エジプト中王国,9,政権,0.09020182468087797
de-081,エジプト中王国,10,テーベ,0.08230439922168599
de-081,エジプト中王国,11,葬祭,0.08230439922168599
de-081,エジプト中王国,12,作品,0.07803361047631492
de-081,エジプト中王国,13,官僚,0.07280154071437367
de-081,エジプト中王国,14,古代,0.072448999536623
de-081,エジプト中王国,15,書記,0.06237364962092078
de-081,エジプト中王国,16,アメンエムハト,0.05227876811941048
de-081,エジプト中王国,17,文字,0.05126275271531812
de-081,エジプト中王国,18,成立,0.050887183805850646
de-081,エジプト中王国,19,メンフィス,0.05044054401428728
de-081,エジプト中王国,20,拡大,0.0500823940402099
de-082,酵素,1,酵素,0.7273356867312945
de-082,酵素,2,タンパク質,0.1702861616310546
de-082,酵素,3,反応,0.15748659541509255
de-082,酵素,4,生体,0.11902832904436746
de-082,酵素,5,発酵,0.08732496933542669
de-082,酵素,6,基質,0.08427461849035647
de-082,酵素,7,消化,0.08362649576538067
de-082,酵素,8,細胞,0.08317235313669358
de-082,酵素,9,物質,0.07281720719196837
de-082,酵素,10,化学,0.07042761690419876
de-082,酵素,11,作用,0.06929773447040861
de-082,酵素,12,実体,0.06554692549249948
de-082,酵素,13,生命,0.06355114054461915
de-082,酵素,14,食品,0.06016886281289332
de-082,酵素,15,因子,0.055264095620439255
de-082,酵素,16,機能,0.05526399971343842
de-082,酵素,17,触媒,0.054442036980716285
de-082,酵素,18,生成,0.051363554456965214
de-082,酵素,19,発見,0.04990665525141815
de-082,酵素,20,化合,0.04903386652121086
de-083,小辺路,1,熊野,0.33919343564909676
de-083,小辺路,2,参詣,0.30953971507682454
de-083,小辺路,3,本宮,0.17073326266598488
de-083,小辺路,4,高野,0.1602721326032817
de-083,小辺路,5,近世,0.1294166142317738
de-083,小辺路,6,高野山,0.12549992270645402
de-083,小辺路,7,木地,0.10921580055702265
de-083,小辺路,8,野山,0.08191185041776698
de-083,小辺路,9,紀伊,0.07562373600472964
de-083,小辺路,10,野迫川,0.06825987534813915
de-083,小辺路,11,龍神,0.06503678227891685
de-083,小辺路,12,三山,0.06274996135322701
de-083,小辺路,13,十津川,0.06274996135322701
de-083,小辺路,14,田辺,0.06097616523785174
de-083,小辺路,15,土居,0.06097616523785174
de-083,小辺路,16,街道,0.05708492178077762
de-083,小辺路,17,果無山脈,0.05202942582313348
de-083,小辺路,18,記録,0.051511290958742524
de-083,小辺路,19,大社,0.04664120413545651
de-083,小辺路,20,通行,0.04550788106412111
de-084,ウツボ,1,ウツボ,0.6830672068292176
de-084,ウツボ,2,分布,0.12534784943122967
de-084,ウツボ,3,食用,0.10846479211262901
de-084,ウツボ,4,生息,0.09257476916896956
de-084,ウツボ,5,熱帯,0.07511340179077104
de-084,ウツボ,6,鼻孔,0.06679775470942499
de-084,ウツボ,7,全長,0.06553419473712455
de-084,ウツボ,8,種類,0.06439476180699881
de-084,ウツボ,9,以南,0.05877365974201679
de-084,ウツボ,10,鼻先,0.058582153159450534
de-084,ウツボ,11,全身,0.055513939084893514
de-084,ウツボ,12,和歌山,0.05178222193960522
de-084,ウツボ,13,釣り,0.051074910772226194
de-084,ウツボ,14,背鰭,0.05042918626766493
de-084,ウツボ,15,琉球,0.05042918626766493
de-084,ウツボ,16,ハナヒゲウツボ,0.047794576913520806
de-084,ウツボ,17,太平洋,0.045554653496185794
de-084,ウツボ,18,イセエビ,0.0455378137886145
de-084,ウツボ,19,列島,0.0446912279134276
de-084,ウツボ,20,和名,0.04362925504781963
de-085,ラバウル空襲,1,ラバウル,0.2903767285182165
de-085,ラバウル空襲,2,空襲,0.1733543632609893
de-085,ラバウル空襲,3,部隊,0.1601595487089472
de-085,ラバウル空襲,4,戦隊,0.15696562305560793
de-085,ラバウル空襲,5,空母,0.1463095670530034
de-085,ラバウル空襲,6,航空,0.11861452189636924
de-085,ラバウル空襲,7,艦隊,0.09859220248565402
de-085,ラバウル空襲,8,爆撃,0.098454653318818
de-085,ラバウル空襲,9,方面,0.08975122519337131
de-085,ラバウル空襲,10,作戦,0.08249808710776986
de-085,ラバウル空襲,11,大将,0.07905072942465491
de-085,ラバウル空襲,12,司令,0.07303640704769422
de-085,ラバウル空襲,13,タロキナ,0.07019421514002101
de-085,ラバウル空襲,14,連合,0.06926672014882729
de-085,ラバウル空襲,15,任務,0.06767214503128145
de-085,ラバウル空襲,16,ブーゲンビル,0.06687978646338752
de-085,ラバウル空襲,17,攻略,0.062712577381359
de-085,ラバウル空襲,18,中将,0.06093879317468365
de-085,ラバウル空襲,19,ソロモン,0.05489337990649301
de-085,ラバウル空襲,20,攻撃,0.05285263732700088
de-086,食品サンプル,1,サンプル,0.33479875380661445
de-086,食品サンプル,2,食品,0.33474975846305033
de-086,食品サンプル,3,模型,0.2568274815699231
de-086,食品サンプル,4,料理,0.11349066667105352
de-086,食品サンプル,5,製作,0.09474196103322499
de-086,食品サンプル,6,飲食,0.08770461908422643
de-086,食品サンプル,7,岩崎,0.08283368796266147
de-086,食品サンプル,8,パラフィン,0.07892244897769525
de-086,食品サンプル,9,昭和,0.06634964477263779
de-086,食品サンプル,10,樹脂,0.06406285051196713
de-086,食品サンプル,11,陳列,0.06345615062890642
de-086,食品サンプル,12,販売,0.05890365445097663
de-086,食品サンプル,13,手法,0.05695357324639582
de-086,食品サンプル,14,実物,0.052831103683710925
de-086,食品サンプル,15,西尾,0.047166105146627245
de-086,食品サンプル,16,合成,0.04674038260897205
de-086,食品サンプル,17,メニュー,0.043699889707831834
de-086,食品サンプル,18,提供,0.042867758126087195
de-086,食品サンプル,19,食材,0.0414599752752388
de-086,食品サンプル,20,食堂,0.04074469787903157
de-087,オレゴン州会議事堂,1,オレゴン,0.320567485694854
de-087,オレゴン州会議事堂,2,庁舎,0.30700178976618275
de-087,オレゴン州会議事堂,3,議事堂,0.17367129677312879
de-087,オレゴン州会議事堂,4,セーラム,0.17045056688932791
de-087,オレゴン州会議事堂,5,ドーム,0.09407331774014438
de-087,オレゴン州会議事堂,6,議会,0.07008313271095581
de-087,オレゴン州会議事堂,7,建設,0.05809538166553851
de-087,オレゴン州会議事堂,8,州都,0.05780140919394249
de-087,オレゴン州会議事堂,9,ロタンダ,0.055519993440490766
de-087,オレゴン州会議事堂,10,知事,0.05269719354539012
de-087,オレゴン州会議事堂,11,火事,0.04966205422688251
de-087,オレゴン州会議事堂,12,投票,0.04778077483683174
de-087,オレゴン州会議事堂,13,ウイング,0.04655688334704319
de-087,オレゴン州会議事堂,14,噴水,0.04536750079445954
de-087,オレゴン州会議事堂,15,代目,0.03981731236402645
de-087,オレゴン州会議事堂,16,大理石,0.037771202863526664
de-087,オレゴン州会議事堂,17,費用,0.03527867562420135
de-087,オレゴン州会議事堂,18,コーバリス,0.035265634528826466
de-087,オレゴン州会議事堂,19,下院,0.034609489645044796
de-087,オレゴン州会議事堂,20,会議,0.03457227868541065
de-088,小渋川,1,小渋川,0.3882048968714243
de-088,小渋川,2,崩壊,0.1379929111852152
de-088,小渋川,3,天竜川,0.1284728865174026
de-088,小渋川,4,合流,0.11795348117556771
de-088,小渋川,5,付近,0.11116969120426125
de-088,小渋川,6,宗良親王,0.1086973711239988
de-088,小渋川,7,断層,0.10591113380478231
de-088,小渋川,8,広河原,0.10356490140111063
de-088,小渋川,9,斜面,0.10251937769822107
de-088,小渋川,10,茶臼,0.09316917524914183
de-088,小渋川,11,荒川,0.08832473932103549
de-088,小渋川,12,山頂,0.08768699709927882
de-088,小渋川,13,小河内,0.08564859101160173
de-088,小渋川,14,支流,0.08088766792393366
de-088,小渋川,15,赤石岳,0.07764097937428487
de-088,小渋川,16,大鹿,0.07764097937428487
de-088,小渋川,17,土砂,0.07575193206774077
de-088,小渋川,18,構造,0.07431745939091679
de-088,小渋川,19,温泉,0.07400319360595828
de-088,小渋川,20,標高,0.07258675764650321
de-089,頼品ヨ,1,運動,0.2872178030536909
de-089,頼品ヨ,2,抗議,0.15417854719659002
de-089,頼品ヨ,3,活動,0.14312807145720927
de-089,頼品ヨ,4,声援,0.13457546643722368
de-089,頼品ヨ,5,参加,0.11431583249205225
de-089,頼品ヨ,6,黒島,0.09569154632383321
de-089,頼品ヨ,7,国民党,0.0816099930568632
de-089,頼品ヨ,8,媒体,0.08049525411178338
de-089,頼品ヨ,9,事件,0.07312722299998783
de-089,頼品ヨ,10,加入,0.0708931423916684
de-089,頼品ヨ,11,メディア,0.0640184445565559
de-089,頼品ヨ,12,時期,0.06222628460452814
de-089,頼品ヨ,13,青年,0.06008309675981657
de-089,頼品ヨ,14,結成,0.05804387585753847
de-089,頼品ヨ,15,学生,0.0564431836620157
de-089,頼品ヨ,16,過去,0.053564434310683424
de-089,頼品ヨ,17,関心,0.05324972725898841
de-089,頼品ヨ,18,きっかけ,0.0530445306548842
de-089,頼品ヨ,19,批踢,0.050216914145005294
de-089,頼品ヨ,20,アップルデイリー,0.050216914145005294
de-090,海士町中央図書館,1,海士,0.4730505859317916
de-090,海士町中央図書館,2,図書館,0.40176778416411646
de-090,海士町中央図書館,3,図書,0.17741022334270243
de-090,海士町中央図書館,4,年度,0.16518018170911386
de-090,海士町中央図書館,5,蔵書,0.1102976293280452
de-090,海士町中央図書館,6,隠岐,0.10234913371628016
de-090,海士町中央図書館,7,平成,0.10231614508534419
de-090,海士町中央図書館,8,学校,0.09743224430192227
de-090,海士町中央図書館,9,中央,0.09179723171397876
de-090,海士町中央図書館,10,住民,0.0807974137294227
de-090,海士町中央図書館,11,公民館,0.07432320693244847
de-090,海士町中央図書館,12,島根,0.06653305751000528
de-090,海士町中央図書館,13,開館,0.06472099997194031
de-090,海士町中央図書館,14,貸出,0.06342847797893253
de-090,海士町中央図書館,15,司書,0.06332474059347405
de-090,海士町中央図書館,16,読書,0.0605290584703995
de-090,海士町中央図書館,17,子ども,0.059978832428101585
de-090,海士町中央図書館,18,町立,0.05818532223130302
de-090,海士町中央図書館,19,分館,0.053312364946624315
de-090,海士町中央図書館,20,小学校,0.04568870683788996
de-091,中国丹霞,1,地形,0.23325966755725452
de-091,中国丹霞,2,赤水,0.18956053683876173
de-091,中国丹霞,3,登録,0.1246497621417872
de-091,中国丹霞,4,中国,0.12214716715369638
de-091,中国丹霞,5,遺産,0.12050831179694246
de-091,中国丹霞,6,竜虎,0.09478026841938086
de-091,中国丹霞,7,名勝,0.09381476717906796
de-091,中国丹霞,8,面積,0.08536356710557974
de-091,中国丹霞,9,レッド,0.08082365124513781
de-091,中国丹霞,10,ジオパーク,0.07582421473550469
de-091,中国丹霞,11,崀山,0.07582421473550469
de-091,中国丹霞,12,リスト,0.07309985938625546
de-091,中国丹霞,13,維管,0.0697037098298981
de-091,中国丹霞,14,風景,0.0619942367905762
de-091,中国丹霞,15,掲載,0.060420405669678885
de-091,中国丹霞,16,杪欏,0.056868161051628514
de-091,中国丹霞,17,南部,0.05655104907628602
de-091,中国丹霞,18,箇所,0.05652711275933972
de-091,中国丹霞,19,自然,0.053773293699040076
de-091,中国丹霞,20,壮年,0.05227778237242357
de-092,日本の路面標示,1,標示,0.5590028725176942
de-092,日本の路面標示,2,路面,0.35086460762842053
de-092,日本の路面標示,3,道路,0.2299195456321605
de-092,日本の路面標示,4,塗料,0.1553152097710702
de-092,日本の路面標示,5,施工,0.09829635477630923
de-092,日本の路面標示,6,交通,0.09417456244858123
de-092,日本の路面標示,7,設置,0.08658481549045247
de-092,日本の路面標示,8,工法,0.07766835508702787
de-092,日本の路面標示,9,区画,0.07606417160141363
de-092,日本の路面標示,10,視認,0.0656720414716405
de-092,日本の路面標示,11,標識,0.061108364033110533
de-092,日本の路面標示,12,作業,0.05823446151493064
de-092,日本の路面標示,13,塗装,0.04740204806043045
de-092,日本の路面標示,14,塗布,0.04698654136550773
de-092,日本の路面標示,15,摩耗,0.04444244656953494
de-092,日本の路面標示,16,黄色,0.04126766325791085
de-092,日本の路面標示,17,スプレー,0.04111322369481926
de-092,日本の路面標示,18,安全,0.04024808533934156
de-092,日本の路面標示,19,歩道,0.03953379270880949
de-092,日本の路面標示,20,昭和,0.035605040747795115
de-093,アヴァ王朝,1,アヴァ,0.34291217246439554
de-093,アヴァ王朝,2,城市,0.20003210060423074
de-093,アヴァ王朝,3,タウングー,0.17697363350905262
de-093,アヴァ王朝,4,ペグー,0.17145608623219777
de-093,アヴァ王朝,5,ビルマ,0.16575329874560543
de-093,アヴァ王朝,6,ミンカウン,0.11430405748813185
de-093,アヴァ王朝,7,ミンレチョースワ,0.11430405748813185
de-093,アヴァ王朝,8,即位,0.1051550508989522
de-093,アヴァ王朝,9,ヤーザディリ,0.10001605030211537
de-093,アヴァ王朝,10,トハンブワ,0.10001605030211537
de-093,アヴァ王朝,11,ピンヤ,0.08572804311609888
de-093,アヴァ王朝,12,ティハトゥ,0.0714400359300824
de-093,アヴァ王朝,13,ボーメ,0.0714400359300824
de-093,アヴァ王朝,14,シャン,0.06230016663999829
de-093,アヴァ王朝,15,廷臣,0.0599068049723462
de-093,アヴァ王朝,16,サガイン,0.05715202874406593
de-093,アヴァ王朝,17,アラカン,0.05715202874406593
de-093,アヴァ王朝,18,領主,0.05486905023731369
de-093,アヴァ王朝,19,パガン,0.054453425695093115
de-093,アヴァ王朝,20,ピェー,0.054453425695093115
de-094,長登銅山,1,銅山,0.4428605772692117
de-094,長登銅山,2,長登,0.3986256069105049
de-094,長登銅山,3,木簡,0.23959258406786457
de-094,長登銅山,4,検出,0.11949685769471886
de-094,長登銅山,5,長門,0.11028308990782068
de-094,長登銅山,6,東大寺,0.08787135803075723
de-094,長登銅山,7,大仏,0.0862715410264698
de-094,長登銅山,8,奈良,0.0751315286606223
de-094,長登銅山,9,鉱山,0.0721105858099612
de-094,長登銅山,10,時代,0.07209981409389597
de-094,長登銅山,11,世紀,0.06963310485167144
de-094,長登銅山,12,遺跡,0.0678587550901435
de-094,長登銅山,13,生産,0.06307446875327415
de-094,長登銅山,14,官衙,0.061728299416264495
de-094,長登銅山,15,採掘,0.06072652255772597
de-094,長登銅山,16,大切,0.06023489353803698
de-094,長登銅山,17,秋吉台,0.05486959948112399
de-094,長登銅山,18,スラグ,0.05486959948112399
de-094,長登銅山,19,鉱床,0.05176292461588189
de-094,長登銅山,20,稼動,0.04947372047844833
de-095,日本の獣肉食の歴史,1,獣肉,0.20445457901895012
de-095,日本の獣肉食の歴史,2,肉食,0.11929291358498648
de-095,日本の獣肉食の歴史,3,時代,0.11646242548687959
de-095,日本の獣肉食の歴史,4,料理,0.09234850166064272
de-095,日本の獣肉食の歴史,5,禁忌,0.08348599194579326
de-095,日本の獣肉食の歴史,6,ウサギ,0.06852336879483992
de-095,日本の獣肉食の歴史,7,食肉,0.06792272136170335
de-095,日本の獣肉食の歴史,8,家畜,0.06704017765724916
de-095,日本の獣肉食の歴史,9,イノシシ,0.06652452925442663
de-095,日本の獣肉食の歴史,10,動物,0.0625592962208385
de-095,日本の獣肉食の歴史,11,狩猟,0.062267200704162286
de-095,日本の獣肉食の歴史,12,牛馬,0.050942041021277515
de-095,日本の獣肉食の歴史,13,飼育,0.0439886498497816
de-095,日本の獣肉食の歴史,14,遺跡,0.042142441157172444
de-095,日本の獣肉食の歴史,15,魚肉,0.041577830784016646
de-095,日本の獣肉食の歴史,16,仏教,0.03955444623507567
de-095,日本の獣肉食の歴史,17,弥生,0.03901555683989501
de-095,日本の獣肉食の歴史,18,記載,0.03751081434726436
de-095,日本の獣肉食の歴史,19,江戸,0.036204290698894886
de-095,日本の獣肉食の歴史,20,豚肉,0.0358002047085531
de-096,ステンレス鋼の歴史,1,クロム,0.40668397702385106
de-096,ステンレス鋼の歴史,2,ステンレス,0.3600398978838007
de-096,ステンレス鋼の歴史,3,合金,0.17817385435447447
de-096,ステンレス鋼の歴史,4,研究,0.1461999323427431
de-096,ステンレス鋼の歴史,5,耐食性,0.12396404864678394
de-096,ステンレス鋼の歴史,6,オーステナイト,0.11362496789885093
de-096,ステンレス鋼の歴史,7,発明,0.11337074756739167
de-096,ステンレス鋼の歴史,8,マルテンサイト,0.10166444496212977
de-096,ステンレス鋼の歴史,9,フェライト,0.10166444496212977
de-096,ステンレス鋼の歴史,10,ブレア,0.09879062649823465
de-096,ステンレス鋼の歴史,11,試料,0.08751565033534352
de-096,ステンレス鋼の歴史,12,金属,0.08561841288273862
de-096,ステンレス鋼の歴史,13,炭素,0.0821201312909232
de-096,ステンレス鋼の歴史,14,ファラデー,0.07942327304680995
de-096,ステンレス鋼の歴史,15,リー,0.0785887548281321
de-096,ステンレス鋼の歴史,16,ベルチェ,0.07806447562541732
de-096,ステンレス鋼の歴史,17,作製,0.07721969147236193
de-096,ステンレス鋼の歴史,18,組織,0.057256842741428
de-096,ステンレス鋼の歴史,19,成果,0.05538091195558632
de-096,ステンレス鋼の歴史,20,特許,0.054746754193948796
de-097,ヘントの祭壇画,1,ヘント,0.29774909152819307
de-097,ヘントの祭壇画,2,天使,0.24969828850398154
de-097,ヘントの祭壇画,3,祭壇,0.23413038112497755
de-097,ヘントの祭壇画,4,パネル,0.1785173381609867
de-097,ヘントの祭壇画,5,子羊,0.12744211497259234
de-097,ヘントの祭壇画,6,ヨハネ,0.11289714386149116
de-097,ヘントの祭壇画,7,ヨドクス,0.09511019973349895
de-097,ヘントの祭壇画,8,フーベルト,0.07767367605083297
de-097,ヘントの祭壇画,9,洗礼,0.06511597282255675
de-097,ヘントの祭壇画,10,人物,0.058286139424199246
de-097,ヘントの祭壇画,11,ファン・エイク,0.05825525703812473
de-097,ヘントの祭壇画,12,フィリップ,0.057172243303807296
de-097,ヘントの祭壇画,13,マリア,0.056468686606145374
de-097,ヘントの祭壇画,14,礼拝,0.05550239520446871
de-097,ヘントの祭壇画,15,教会,0.0506249447568111
de-097,ヘントの祭壇画,16,作品,0.04830799066275034
de-097,ヘントの祭壇画,17,美術,0.046742379803793595
de-097,ヘントの祭壇画,18,制作,0.04507253170445501
de-097,ヘントの祭壇画,19,ブルゴーニュ,0.04159613479907367
de-097,ヘントの祭壇画,20,史家,0.038114828869204864
de-098,テンポイント,1,ポイント,0.4035158125976145
de-098,テンポイント,2,レース,0.23739847275060671
de-098,テンポイント,3,トウショウボーイ,0.17957797624858357
de-098,テンポイント,4,鹿戸,0.13876479982845094
de-098,テンポイント,5,競馬,0.11540635654727567
de-098,テンポイント,6,出走,0.11154873536578763
de-098,テンポイント,7,調教,0.10772646269231377
de-098,テンポイント,8,骨折,0.07850582767936289
de-098,テンポイント,9,小川,0.07575492969285845
de-098,テンポイント,10,競走,0.07406194310096571
de-098,テンポイント,11,優勝,0.07264976000952285
de-098,テンポイント,12,馬身,0.060030001051224025
de-098,テンポイント,13,騎乗,0.05475891983023585
de-098,テンポイント,14,記念,0.05415512936527016
de-098,テンポイント,15,有馬,0.053863231346156885
de-098,テンポイント,16,高田,0.05233721845290859
de-098,テンポイント,17,人気,0.05078242314129523
de-098,テンポイント,18,斤量,0.049828289173854144
de-098,テンポイント,19,先頭,0.047790929473778394
de-098,テンポイント,20,陣営,0.04706613723192041
de-099,RobotOperatingSystem,1,ロボット,0.3250612701507282
de-099,RobotOperatingSystem,2,開発,0.16136202858147458
de-099,RobotOperatingSystem,3,パッケージ,0.14828545373614224
de-099,RobotOperatingSystem,4,ノード,0.1352335076146734
de-099,RobotOperatingSystem,5,ウィローガレージ,0.12165892305259843
de-099,RobotOperatingSystem,6,リリース,0.10977160611141473
de-099,RobotOperatingSystem,7,ユーザ,0.09659536258190957
de-099,RobotOperatingSystem,8,ソフトウェア,0.07793266133731384
de-099,RobotOperatingSystem,9,ディストリビューション,0.07096770511401575
de-099,RobotOperatingSystem,10,マスタ,0.07096770511401575
de-099,RobotOperatingSystem,11,プログラム,0.05584834634587368
de-099,RobotOperatingSystem,12,研究,0.05385404827737408
de-099,RobotOperatingSystem,13,ファイル,0.05195510755820923
de-099,RobotOperatingSystem,14,プロジェクト,0.04523617363293827
de-099,RobotOperatingSystem,15,公開,0.04396946102546946
de-099,RobotOperatingSystem,16,営利,0.041190403815595064
de-099,RobotOperatingSystem,17,インストール,0.04055297435086614
de-099,RobotOperatingSystem,18,大学,0.039034191476197376
de-099,RobotOperatingSystem,19,アップデート,0.03727955201055943
de-099,RobotOperatingSystem,20,ネットワーク,0.03602234751480463
de-100,レオポルド2世(ベルギー王),1,ベルギー,0.39199143886582016
de-100,レオポルド2世(ベルギー王),2,レオポルド,0.30147255145107316
de-100,レオポルド2世(ベルギー王),3,コンゴ,0.21651137316217212
de-100,レオポルド2世(ベルギー王),4,植民,0.2155648068778238
de-100,レオポルド2世(ベルギー王),5,太子,0.14208844491519798
de-100,レオポルド2世(ベルギー王),6,上院,0.08445885792968952
de-100,レオポルド2世(ベルギー王),7,先住民,0.07940651101948884
de-100,レオポルド2世(ベルギー王),8,男子,0.0770180190090877
de-100,レオポルド2世(ベルギー王),9,王位,0.07032598026979524
de-100,レオポルド2世(ベルギー王),10,物色,0.06699390032246069
de-100,レオポルド2世(ベルギー王),11,夭折,0.06405527816856363
de-100,レオポルド2世(ベルギー王),12,関心,0.05964434516126867
de-100,レオポルド2世(ベルギー王),13,崩御,0.05864882219995032
de-100,レオポルド2世(ベルギー王),14,列強,0.05488652598953588
de-100,レオポルド2世(ベルギー王),15,女子,0.048617182817917395
de-100,レオポルド2世(ベルギー王),16,在位,0.04820121732456146
de-100,レオポルド2世(ベルギー王),17,奴隷,0.04820121732456146
de-100,レオポルド2世(ベルギー王),18,国王,0.043945364692633104
de-100,レオポルド2世(ベルギー王),19,議員,0.042670658032169524
de-100,レオポルド2世(ベルギー王),20,即位,0.04245763224069215
